WKT,Name,OBJECTID,UKATEGORIE,UTYP1,UART,UMONAT,USTUNDE,UWOCHENTAG,STRZUSTAND,ULICHTVERH,ISTRAD,ISTPKW,ISTFUSS,ISTKRAD
"POINT (7.169884893000074 50.676522779000038)","Unfall 95846 (2019) Kat:2, Licht: 2","95846","2","2","6","01","19","3","1","2","0","1","1","0"
"POINT (7.119731826000020 50.751442650000058)","Unfall 95950 (2019) Kat:3, Licht: 2","95950","3","2","5","01","18","3","1","2","0","1","0","0"
"POINT (7.075976514000047 50.740325162000033)","Unfall 96152 (2019) Kat:3, Licht: 0","96152","3","6","2","01","11","6","1","0","0","1","0","0"
"POINT (7.158461677000048 50.753039124000054)","Unfall 96242 (2019) Kat:3, Licht: 0","96242","3","6","2","01","12","5","1","0","0","1","0","0"
"POINT (7.074318161000065 50.733250424000062)","Unfall 96282 (2019) Kat:2, Licht: 2","96282","2","6","1","01","20","5","0","2","0","1","0","0"
"POINT (7.153166954000028 50.686565877000078)","Unfall 96303 (2019) Kat:3, Licht: 2","96303","3","6","2","01","22","4","0","2","0","1","0","0"
"POINT (7.075976514000047 50.740325162000033)","Unfall 96496 (2019) Kat:3, Licht: 0","96496","3","3","5","01","15","2","1","0","1","0","0","0"
"POINT (7.044880470000067 50.755461373000060)","Unfall 96559 (2019) Kat:2, Licht: 0","96559","2","6","2","01","07","2","0","0","0","1","0","0"
"POINT (7.056745955000054 50.762703703000057)","Unfall 96591 (2019) Kat:3, Licht: 0","96591","3","3","5","01","14","1","1","0","0","1","0","0"
"POINT (7.156993581000052 50.752715748000071)","Unfall 96647 (2019) Kat:3, Licht: 0","96647","3","6","2","01","11","6","1","0","0","1","0","0"
"POINT (7.157033057000035 50.752722965000032)","Unfall 96648 (2019) Kat:3, Licht: 2","96648","3","1","7","01","01","6","1","2","0","1","0","0"
"POINT (7.077692346000049 50.729610239000067)","Unfall 96650 (2019) Kat:3, Licht: 0","96650","3","3","5","01","11","6","1","0","0","1","0","0"
"POINT (7.072607437000045 50.727869322000060)","Unfall 96651 (2019) Kat:3, Licht: 2","96651","3","6","6","01","04","6","1","2","1","0","1","0"
"POINT (7.112636372000054 50.762340974000040)","Unfall 96760 (2019) Kat:3, Licht: 0","96760","3","6","2","01","10","5","0","0","0","1","0","0"
"POINT (7.097824192000076 50.737389937000046)","Unfall 96761 (2019) Kat:3, Licht: 0","96761","3","4","6","01","09","5","0","0","1","0","1","0"
"POINT (7.133097037000027 50.741776004000030)","Unfall 96846 (2019) Kat:3, Licht: 2","96846","3","6","2","01","07","4","2","2","0","1","0","0"
"POINT (7.080178810000064 50.749701908000077)","Unfall 96917 (2019) Kat:3, Licht: 2","96917","3","6","2","01","06","3","1","2","0","1","0","0"
"POINT (7.175826323000024 50.663820014000066)","Unfall 96935 (2019) Kat:2, Licht: 2","96935","2","1","9","01","21","2","1","2","0","1","0","0"
"POINT (7.087880166000048 50.735228655000071)","Unfall 96939 (2019) Kat:2, Licht: 0","96939","2","4","6","01","16","2","1","0","0","1","1","0"
"POINT (7.066730295000070 50.710607987000060)","Unfall 97092 (2019) Kat:3, Licht: 2","97092","3","2","5","01","18","7","1","2","0","1","0","0"
"POINT (7.089564686000074 50.736735729000031)","Unfall 97093 (2019) Kat:3, Licht: 2","97093","3","2","6","01","18","7","0","2","0","1","1","0"
"POINT (7.079615669000020 50.749196406000067)","Unfall 97094 (2019) Kat:3, Licht: 0","97094","3","4","6","01","11","7","1","0","0","1","1","0"
"POINT (7.148428372000069 50.691399508000075)","Unfall 97200 (2019) Kat:2, Licht: 0","97200","2","2","5","01","08","5","1","0","1","1","0","0"
"POINT (7.131604295000045 50.706557759000077)","Unfall 97203 (2019) Kat:3, Licht: 2","97203","3","3","5","01","06","5","1","2","0","1","0","0"
"POINT (7.078447697000058 50.729045851000080)","Unfall 97426 (2019) Kat:2, Licht: 0","97426","2","7","2","01","14","6","0","0","0","1","0","0"
"POINT (7.076912838000055 50.750802991000057)","Unfall 97494 (2019) Kat:3, Licht: 2","97494","3","6","2","01","17","6","1","2","0","1","0","0"
"POINT (7.129164075000062 50.764849880000043)","Unfall 97566 (2019) Kat:2, Licht: 2","97566","2","6","3","01","06","2","0","2","0","1","0","0"
"POINT (7.156900667000059 50.752699737000057)","Unfall 97592 (2019) Kat:2, Licht: 2","97592","2","2","5","01","19","1","0","2","0","1","0","0"
"POINT (7.149432351000030 50.752143319000027)","Unfall 97632 (2019) Kat:3, Licht: 2","97632","3","6","2","01","17","7","0","2","0","1","0","0"
"POINT (7.058581832000073 50.665401951000035)","Unfall 97669 (2019) Kat:3, Licht: 2","97669","3","1","8","01","06","7","0","2","0","1","0","0"
"POINT (7.087678918000052 50.721003818000042)","Unfall 97994 (2019) Kat:3, Licht: 1","97994","3","6","3","01","16","4","0","1","1","1","0","0"
"POINT (7.153338305000034 50.752321135000045)","Unfall 98153 (2019) Kat:3, Licht: 2","98153","3","6","2","01","07","3","1","2","0","1","0","0"
"POINT (7.149404097000058 50.742180395000048)","Unfall 98156 (2019) Kat:3, Licht: 0","98156","3","2","6","01","08","3","0","0","0","1","1","0"
"POINT (7.085798017000059 50.733708407000051)","Unfall 98158 (2019) Kat:3, Licht: 2","98158","3","3","5","01","18","3","0","2","1","1","0","0"
"POINT (7.135196017000055 50.703266234000068)","Unfall 98160 (2019) Kat:3, Licht: 1","98160","3","7","0","01","08","6","0","1","0","0","0","0"
"POINT (7.114478020000036 50.760607238000034)","Unfall 98161 (2019) Kat:3, Licht: 1","98161","3","3","5","01","07","6","0","1","1","1","0","0"
"POINT (7.089720101000069 50.723817380000071)","Unfall 98165 (2019) Kat:3, Licht: 0","98165","3","6","2","01","13","6","0","0","0","1","0","0"
"POINT (7.066730295000070 50.710607987000060)","Unfall 98218 (2019) Kat:3, Licht: 1","98218","3","2","6","01","09","4","1","1","0","1","1","0"
"POINT (7.136897557000054 50.701578122000058)","Unfall 98312 (2019) Kat:3, Licht: 2","98312","3","2","5","01","18","3","0","2","1","1","0","0"
"POINT (7.126679769000020 50.740859102000059)","Unfall 98434 (2019) Kat:3, Licht: 0","98434","3","6","2","01","08","5","2","0","0","1","0","0"
"POINT (7.150199732000033 50.752173884000058)","Unfall 98436 (2019) Kat:3, Licht: 2","98436","3","6","2","01","18","5","1","2","0","1","0","0"
"POINT (7.136077816000068 50.743106318000059)","Unfall 98437 (2019) Kat:3, Licht: 0","98437","3","6","2","01","10","5","2","0","0","1","0","0"
"POINT (7.096461038000030 50.736861991000069)","Unfall 98447 (2019) Kat:2, Licht: 2","98447","2","1","0","01","19","5","1","2","1","0","0","0"
"POINT (7.078004613000076 50.748829427000032)","Unfall 98541 (2019) Kat:3, Licht: 0","98541","3","6","2","01","11","5","1","0","0","1","0","0"
"POINT (7.064644384000076 50.714536980000048)","Unfall 98607 (2019) Kat:3, Licht: 1","98607","3","6","2","02","07","3","1","1","0","1","0","0"
"POINT (7.104789083000071 50.767037519000041)","Unfall 98648 (2019) Kat:3, Licht: 2","98648","3","3","5","02","17","2","0","2","1","0","0","0"
"POINT (7.062472456000023 50.721811898000055)","Unfall 98841 (2019) Kat:3, Licht: 1","98841","3","1","8","02","16","7","1","1","0","1","0","0"
"POINT (7.127050221000047 50.710728503000041)","Unfall 98978 (2019) Kat:3, Licht: 2","98978","3","6","1","02","18","3","0","2","0","1","0","0"
"POINT (7.149405464000040 50.752142245000073)","Unfall 98981 (2019) Kat:3, Licht: 2","98981","3","6","1","02","18","6","1","2","0","1","0","0"
"POINT (7.138843250000036 50.742422883000074)","Unfall 98987 (2019) Kat:3, Licht: 0","98987","3","3","5","02","14","3","0","0","0","0","0","0"
"POINT (7.043412862000025 50.740958216000081)","Unfall 98990 (2019) Kat:3, Licht: 1","98990","3","7","0","02","07","3","0","1","0","0","0","0"
"POINT (7.065296755000077 50.700434652000069)","Unfall 99077 (2019) Kat:3, Licht: 2","99077","3","6","2","02","07","3","1","2","0","1","0","0"
"POINT (7.100080689000038 50.756918698000050)","Unfall 99181 (2019) Kat:3, Licht: 0","99181","3","6","2","02","16","4","0","0","0","1","0","0"
"POINT (7.083878738000067 50.751453465000054)","Unfall 99230 (2019) Kat:3, Licht: 0","99230","3","6","2","02","08","7","0","0","0","1","0","0"
"POINT (7.082431604000021 50.747533536000049)","Unfall 99261 (2019) Kat:3, Licht: 0","99261","3","2","5","02","12","3","0","0","1","1","0","0"
"POINT (7.092062596000062 50.717970258000037)","Unfall 99262 (2019) Kat:3, Licht: 1","99262","3","2","2","02","07","3","1","1","0","1","0","1"
"POINT (7.102242637000074 50.758061132000080)","Unfall 99334 (2019) Kat:3, Licht: 0","99334","3","6","2","02","16","3","0","0","0","1","0","0"
"POINT (7.088050384000042 50.736973137000064)","Unfall 99399 (2019) Kat:3, Licht: 0","99399","3","6","2","02","15","2","1","0","0","1","0","0"
"POINT (7.073962034000033 50.734932527000069)","Unfall 99494 (2019) Kat:3, Licht: 0","99494","3","6","2","02","16","2","1","0","0","1","0","0"
"POINT (7.152750127000047 50.685352575000081)","Unfall 99546 (2019) Kat:3, Licht: 1","99546","3","2","5","02","17","1","1","1","1","1","0","0"
"POINT (7.133551000000068 50.704816522000044)","Unfall 99549 (2019) Kat:3, Licht: 2","99549","3","6","2","02","05","1","1","2","0","1","0","0"
"POINT (7.100701454000046 50.738772770000026)","Unfall 99608 (2019) Kat:3, Licht: 2","99608","3","1","0","02","19","6","0","2","1","0","0","0"
"POINT (7.098518754000054 50.740897737000068)","Unfall 99609 (2019) Kat:2, Licht: 0","99609","2","5","0","02","15","6","0","0","1","1","0","0"
"POINT (7.144422630000065 50.694090474000063)","Unfall 100032 (2019) Kat:3, Licht: 0","100032","3","6","3","02","09","4","0","0","0","1","0","0"
"POINT (7.168968028000052 50.677073137000036)","Unfall 100098 (2019) Kat:3, Licht: 2","100098","3","6","2","02","18","4","0","2","0","1","0","0"
"POINT (7.096458169000073 50.736861127000054)","Unfall 100099 (2019) Kat:3, Licht: 0","100099","3","3","5","02","17","4","0","0","1","0","0","0"
"POINT (7.086495970000044 50.737296080000078)","Unfall 100200 (2019) Kat:3, Licht: 2","100200","3","3","5","02","06","3","1","2","1","1","0","0"
"POINT (7.077434572000072 50.742566056000044)","Unfall 100318 (2019) Kat:3, Licht: 0","100318","3","2","5","02","11","2","0","0","1","1","0","0"
"POINT (7.084506255000065 50.709503765000079)","Unfall 100319 (2019) Kat:3, Licht: 0","100319","3","7","0","02","12","2","0","0","1","1","0","0"
"POINT (7.152533946000062 50.685275824000030)","Unfall 100388 (2019) Kat:3, Licht: 0","100388","3","6","2","02","16","7","0","0","0","1","0","0"
"POINT (7.062593048000053 50.759201293000046)","Unfall 100390 (2019) Kat:3, Licht: 0","100390","3","2","6","02","16","7","0","0","0","1","1","0"
"POINT (7.177132274000030 50.672715943000071)","Unfall 100471 (2019) Kat:3, Licht: 2","100471","3","6","2","02","22","6","0","2","0","1","0","0"
"POINT (7.134645596000041 50.731823259000066)","Unfall 100473 (2019) Kat:3, Licht: 0","100473","3","2","0","02","10","6","1","0","0","0","0","1"
"POINT (7.127579657000069 50.764570067000079)","Unfall 100524 (2019) Kat:3, Licht: 0","100524","3","6","3","02","08","6","1","0","0","1","0","0"
"POINT (7.132514939000032 50.733693294000034)","Unfall 100578 (2019) Kat:2, Licht: 2","100578","2","4","6","02","19","5","1","2","0","1","1","0"
"POINT (7.066730295000070 50.710607987000060)","Unfall 100625 (2019) Kat:3, Licht: 0","100625","3","2","6","02","16","3","0","0","0","1","1","0"
"POINT (7.071235482000077 50.754125406000071)","Unfall 100811 (2019) Kat:3, Licht: 0","100811","3","1","0","02","17","2","0","0","0","0","0","1"
"POINT (7.094503407000047 50.730392807000044)","Unfall 100812 (2019) Kat:3, Licht: 0","100812","3","2","3","02","09","2","0","0","1","1","0","0"
"POINT (7.117330772000059 50.739296748000072)","Unfall 101295 (2019) Kat:3, Licht: 0","101295","3","2","5","02","12","4","0","0","1","1","0","0"
"POINT (7.078454532000023 50.741395514000033)","Unfall 101296 (2019) Kat:3, Licht: 0","101296","3","3","5","02","16","4","0","0","0","1","0","1"
"POINT (7.100093279000021 50.739326213000027)","Unfall 101561 (2019) Kat:3, Licht: 2","101561","3","5","1","03","20","3","0","2","1","1","0","0"
"POINT (7.074993293000034 50.682665271000076)","Unfall 101645 (2019) Kat:3, Licht: 0","101645","3","6","2","03","15","5","0","0","0","1","0","0"
"POINT (7.080796116000045 50.738038028000062)","Unfall 101648 (2019) Kat:3, Licht: 2","101648","3","4","6","03","20","5","1","2","0","1","1","0"
"POINT (7.166922227000043 50.678248065000048)","Unfall 101720 (2019) Kat:3, Licht: 0","101720","3","2","6","03","16","2","1","0","0","1","1","0"
"POINT (7.117313317000026 50.719141837000052)","Unfall 101722 (2019) Kat:3, Licht: 0","101722","3","1","9","03","15","2","1","0","0","1","0","0"
"POINT (7.144880827000065 50.719987314000036)","Unfall 102044 (2019) Kat:3, Licht: 2","102044","3","1","8","03","05","7","1","2","0","1","0","0"
"POINT (7.115753958000028 50.739060717000029)","Unfall 102155 (2019) Kat:3, Licht: 0","102155","3","3","5","03","17","5","1","0","0","1","0","0"
"POINT (7.134926828000062 50.731602964000047)","Unfall 102156 (2019) Kat:2, Licht: 0","102156","2","7","9","03","14","5","1","0","0","1","0","0"
"POINT (7.100557584000057 50.742786230000036)","Unfall 102158 (2019) Kat:3, Licht: 2","102158","3","5","1","03","18","5","1","2","1","1","0","0"
"POINT (7.150408675000051 50.733343867000031)","Unfall 102172 (2019) Kat:3, Licht: 2","102172","3","1","9","03","21","6","1","2","0","0","0","0"
"POINT (7.104724545000067 50.736237140000071)","Unfall 102225 (2019) Kat:3, Licht: 2","102225","3","5","2","03","19","2","1","2","1","1","0","0"
"POINT (7.078454532000023 50.741395514000033)","Unfall 102264 (2019) Kat:3, Licht: 0","102264","3","2","5","03","11","6","1","0","0","1","0","0"
"POINT (7.129164075000062 50.764849880000043)","Unfall 102340 (2019) Kat:3, Licht: 2","102340","3","6","3","03","23","6","1","2","0","1","0","0"
"POINT (7.169921280000040 50.676469504000067)","Unfall 102395 (2019) Kat:3, Licht: 2","102395","3","2","6","03","22","4","1","2","0","1","1","0"
"POINT (7.124801799000068 50.713278102000061)","Unfall 102396 (2019) Kat:3, Licht: 0","102396","3","6","2","03","17","4","1","0","0","1","0","0"
"POINT (7.117918287000066 50.718697798000051)","Unfall 102398 (2019) Kat:3, Licht: 0","102398","3","6","2","03","15","4","0","0","0","1","0","0"
"POINT (7.158456445000070 50.753037689000053)","Unfall 102421 (2019) Kat:3, Licht: 2","102421","3","3","5","03","19","1","1","2","0","1","0","1"
"POINT (7.125622335000060 50.741912158000048)","Unfall 102424 (2019) Kat:3, Licht: 2","102424","3","7","2","03","18","1","1","2","0","1","0","0"
"POINT (7.094645518000050 50.736519026000053)","Unfall 102426 (2019) Kat:3, Licht: 0","102426","3","6","2","03","19","1","1","0","1","1","0","0"
"POINT (7.121349972000076 50.763339451000036)","Unfall 102583 (2019) Kat:3, Licht: 0","102583","3","6","2","03","16","5","0","0","0","1","0","0"
"POINT (7.149171885000044 50.682470486000057)","Unfall 102633 (2019) Kat:3, Licht: 0","102633","3","4","6","03","08","4","0","0","0","0","1","1"
"POINT (7.109113457000035 50.760195265000050)","Unfall 102767 (2019) Kat:3, Licht: 0","102767","3","6","2","03","17","6","0","0","0","1","0","0"
"POINT (7.103755650000039 50.737345586000060)","Unfall 102806 (2019) Kat:3, Licht: 0","102806","3","2","5","03","17","3","0","0","1","1","0","0"
"POINT (7.107270456000038 50.731825017000062)","Unfall 103051 (2019) Kat:3, Licht: 2","103051","3","2","0","03","21","2","1","2","0","1","1","0"
"POINT (7.077908828000034 50.742526042000065)","Unfall 103232 (2019) Kat:3, Licht: 0","103232","3","2","2","03","08","4","0","0","0","1","0","0"
"POINT (7.072730439000054 50.753284045000044)","Unfall 103348 (2019) Kat:3, Licht: 0","103348","3","6","1","03","14","7","0","0","0","1","0","1"
"POINT (7.094500098000026 50.730393505000052)","Unfall 103421 (2019) Kat:3, Licht: 0","103421","3","2","5","03","09","3","0","0","1","1","0","0"
"POINT (7.077144984000029 50.729582240000070)","Unfall 103772 (2019) Kat:3, Licht: 2","103772","3","1","9","03","03","6","0","2","0","1","0","0"
"POINT (7.038587953000047 50.714586199000053)","Unfall 103846 (2019) Kat:3, Licht: 2","103846","3","3","5","04","22","3","1","2","0","1","0","0"
"POINT (7.137731759000076 50.742403547000038)","Unfall 103847 (2019) Kat:3, Licht: 0","103847","3","2","3","04","08","3","0","0","1","0","0","0"
"POINT (7.058841684000072 50.720057525000072)","Unfall 103979 (2019) Kat:3, Licht: 0","103979","3","6","2","04","11","2","0","0","0","1","0","1"
"POINT (7.101329480000061 50.757380747000070)","Unfall 104058 (2019) Kat:3, Licht: 0","104058","3","6","3","04","08","2","0","0","0","1","0","0"
"POINT (7.135174908000067 50.765365110000062)","Unfall 104139 (2019) Kat:2, Licht: 2","104139","2","6","0","04","22","7","0","2","0","1","0","1"
"POINT (7.122943961000033 50.744367771000043)","Unfall 104187 (2019) Kat:3, Licht: 0","104187","3","6","3","04","10","6","0","0","0","0","0","1"
"POINT (7.127044262000027 50.710734589000026)","Unfall 104282 (2019) Kat:3, Licht: 0","104282","3","6","2","04","12","5","1","0","0","1","0","0"
"POINT (7.049810981000064 50.716454613000053)","Unfall 104283 (2019) Kat:3, Licht: 0","104283","3","7","0","04","19","5","0","0","1","1","0","0"
"POINT (7.136910079000074 50.701565678000065)","Unfall 104388 (2019) Kat:3, Licht: 0","104388","3","2","3","04","11","4","1","0","1","1","0","0"
"POINT (7.152533946000062 50.685275824000030)","Unfall 104390 (2019) Kat:3, Licht: 0","104390","3","6","2","04","11","4","1","0","0","1","0","0"
"POINT (7.101123391000044 50.741117793000058)","Unfall 104392 (2019) Kat:2, Licht: 1","104392","2","6","0","04","07","4","1","1","1","0","0","0"
"POINT (7.085860301000025 50.733743702000027)","Unfall 104479 (2019) Kat:2, Licht: 0","104479","2","3","5","04","12","2","0","0","1","0","0","0"
"POINT (7.145576005000066 50.720408827000028)","Unfall 104604 (2019) Kat:3, Licht: 0","104604","3","6","2","04","15","4","0","0","0","1","0","0"
"POINT (7.089994495000042 50.743602663000047)","Unfall 104693 (2019) Kat:3, Licht: 0","104693","3","3","5","04","07","3","0","0","1","1","1","0"
"POINT (7.136571844000059 50.701597224000068)","Unfall 104830 (2019) Kat:3, Licht: 0","104830","3","6","1","04","13","6","0","0","0","1","0","0"
"POINT (7.116319170000054 50.739003182000033)","Unfall 104832 (2019) Kat:2, Licht: 1","104832","2","1","0","04","20","6","0","1","1","0","0","0"
"POINT (7.116327071000058 50.739004302000069)","Unfall 104833 (2019) Kat:2, Licht: 2","104833","2","1","0","04","01","6","0","2","1","0","0","0"
"POINT (7.099448213000073 50.737439615000028)","Unfall 104834 (2019) Kat:3, Licht: 0","104834","3","5","1","04","17","6","0","0","1","1","0","0"
"POINT (7.085035066000046 50.745908949000068)","Unfall 104835 (2019) Kat:3, Licht: 0","104835","3","3","5","04","06","6","0","0","0","1","0","0"
"POINT (7.063438996000059 50.749082171000055)","Unfall 104877 (2019) Kat:3, Licht: 0","104877","3","6","2","04","17","6","0","0","0","1","0","0"
"POINT (7.192699864000076 50.711659747000056)","Unfall 104933 (2019) Kat:3, Licht: 0","104933","3","1","8","04","17","5","0","0","0","0","0","1"
"POINT (7.120711764000021 50.741269130000035)","Unfall 104934 (2019) Kat:3, Licht: 0","104934","3","6","2","04","12","5","0","0","0","1","0","0"
"POINT (7.139866646000030 50.752030528000034)","Unfall 104935 (2019) Kat:3, Licht: 0","104935","3","5","2","04","13","5","0","0","0","1","0","0"
"POINT (7.086515107000025 50.735496700000056)","Unfall 105232 (2019) Kat:3, Licht: 0","105232","3","6","3","04","13","3","0","0","1","1","0","0"
"POINT (7.152533946000062 50.685275824000030)","Unfall 105308 (2019) Kat:3, Licht: 0","105308","3","3","5","04","08","5","0","0","1","1","0","0"
"POINT (7.137186989000043 50.672028991000047)","Unfall 105398 (2019) Kat:3, Licht: 0","105398","3","3","5","04","18","2","0","0","1","1","0","0"
"POINT (7.085988449000070 50.734601633000068)","Unfall 105510 (2019) Kat:3, Licht: 0","105510","3","2","4","04","13","4","0","0","1","0","0","0"
"POINT (7.152623025000025 50.685190116000058)","Unfall 105614 (2019) Kat:3, Licht: 2","105614","3","6","2","04","20","1","0","2","0","1","0","0"
"POINT (7.099269744000026 50.737446714000043)","Unfall 105616 (2019) Kat:3, Licht: 0","105616","3","3","3","04","20","1","0","0","1","0","0","0"
"POINT (7.061243533000038 50.694851890000052)","Unfall 105837 (2019) Kat:2, Licht: 0","105837","2","6","0","04","12","3","0","0","0","1","0","0"
"POINT (7.143870126000024 50.728500762000067)","Unfall 105899 (2019) Kat:3, Licht: 2","105899","3","6","0","04","22","2","0","2","1","0","0","0"
"POINT (7.074314513000047 50.733270950000076)","Unfall 105965 (2019) Kat:3, Licht: 0","105965","3","6","2","04","17","6","0","0","0","1","0","0"
"POINT (7.154257416000064 50.722182324000073)","Unfall 106044 (2019) Kat:3, Licht: 0","106044","3","2","2","04","11","5","0","0","0","1","0","0"
"POINT (7.085832285000038 50.745406016000061)","Unfall 106045 (2019) Kat:3, Licht: 0","106045","3","3","5","04","12","5","0","0","1","0","0","0"
"POINT (7.141441988000054 50.752924351000047)","Unfall 106135 (2019) Kat:3, Licht: 0","106135","3","3","3","04","15","5","0","0","0","1","0","0"
"POINT (7.162448070000039 50.715564887000028)","Unfall 106361 (2019) Kat:3, Licht: 0","106361","3","4","6","04","08","6","0","0","0","1","1","0"
"POINT (7.179531756000074 50.667485864000071)","Unfall 106492 (2019) Kat:3, Licht: 0","106492","3","3","5","04","15","3","0","0","0","1","0","0"
"POINT (7.101200132000031 50.737434114000052)","Unfall 106496 (2019) Kat:3, Licht: 0","106496","3","6","0","04","12","3","0","0","0","1","0","0"
"POINT (7.124301786000046 50.713339927000050)","Unfall 106510 (2019) Kat:2, Licht: 0","106510","2","1","8","05","14","7","1","0","0","1","0","0"
"POINT (7.123933749000059 50.713681874000031)","Unfall 106513 (2019) Kat:3, Licht: 0","106513","3","6","2","05","12","7","1","0","0","1","0","0"
"POINT (7.142751464000071 50.744890329000043)","Unfall 106595 (2019) Kat:3, Licht: 2","106595","3","1","8","05","04","7","1","2","0","1","0","0"
"POINT (7.169915950000075 50.676477309000063)","Unfall 106671 (2019) Kat:2, Licht: 0","106671","2","3","5","05","08","6","0","0","1","1","0","0"
"POINT (7.108002277000026 50.730739145000030)","Unfall 106673 (2019) Kat:3, Licht: 0","106673","3","5","3","05","16","6","0","0","1","1","0","0"
"POINT (7.100870859000054 50.738609101000065)","Unfall 106675 (2019) Kat:3, Licht: 0","106675","3","6","2","05","19","6","1","0","0","1","0","0"
"POINT (7.181730028000061 50.668282226000031)","Unfall 106937 (2019) Kat:3, Licht: 0","106937","3","4","6","04","18","2","0","0","0","1","1","0"
"POINT (7.079860774000053 50.749043844000028)","Unfall 106940 (2019) Kat:3, Licht: 0","106940","3","2","5","04","15","2","0","0","1","1","0","0"
"POINT (7.112210438000034 50.762291258000062)","Unfall 107078 (2019) Kat:3, Licht: 0","107078","3","6","2","05","16","4","1","0","0","1","0","0"
"POINT (7.046065585000065 50.715449829000079)","Unfall 107123 (2019) Kat:3, Licht: 0","107123","3","7","0","05","14","3","0","0","1","0","0","0"
"POINT (7.111057799000037 50.738348440000038)","Unfall 107124 (2019) Kat:3, Licht: 0","107124","3","6","4","05","18","3","0","0","1","0","0","0"
"POINT (7.092151042000069 50.717907807000074)","Unfall 107129 (2019) Kat:3, Licht: 0","107129","3","6","2","05","17","3","0","0","1","1","0","0"
"POINT (7.127508199000033 50.710627221000038)","Unfall 107296 (2019) Kat:1, Licht: 2","107296","1","3","5","05","00","1","1","2","1","0","0","0"
"POINT (7.144810422000035 50.739621114000045)","Unfall 107331 (2019) Kat:3, Licht: 0","107331","3","1","8","05","08","7","1","0","0","1","0","0"
"POINT (7.122338436000064 50.743603588000042)","Unfall 107384 (2019) Kat:3, Licht: 0","107384","3","6","2","05","16","6","0","0","0","1","0","0"
"POINT (7.122832935000076 50.743829774000062)","Unfall 107492 (2019) Kat:3, Licht: 0","107492","3","3","5","05","17","5","1","0","0","1","0","0"
"POINT (7.185189629000035 50.731340641000031)","Unfall 107493 (2019) Kat:3, Licht: 2","107493","3","7","8","05","02","5","1","2","0","1","0","0"
"POINT (7.133786314000076 50.732509439000069)","Unfall 107560 (2019) Kat:3, Licht: 0","107560","3","6","1","05","15","4","1","0","0","1","0","1"
"POINT (7.080601056000035 50.731206840000027)","Unfall 107562 (2019) Kat:3, Licht: 0","107562","3","3","5","05","17","4","0","0","1","1","0","0"
"POINT (7.082186281000077 50.736483133000036)","Unfall 107563 (2019) Kat:3, Licht: 0","107563","3","6","3","05","08","4","0","0","1","0","0","0"
"POINT (7.124618663000035 50.713496398000075)","Unfall 107666 (2019) Kat:3, Licht: 0","107666","3","3","5","05","09","3","0","0","1","1","0","0"
"POINT (7.153070923000030 50.686645390000081)","Unfall 107679 (2019) Kat:3, Licht: 0","107679","3","2","0","05","11","3","0","0","1","1","0","0"
"POINT (7.144069840000043 50.745814766000080)","Unfall 107703 (2019) Kat:2, Licht: 0","107703","2","7","0","05","14","3","0","0","0","1","0","1"
"POINT (7.127410605000023 50.740182390000029)","Unfall 107707 (2019) Kat:3, Licht: 0","107707","3","2","5","05","16","3","0","0","1","0","0","1"
"POINT (7.060243459000049 50.720656437000059)","Unfall 107742 (2019) Kat:3, Licht: 0","107742","3","7","1","05","10","2","0","0","0","1","0","0"
"POINT (7.115024787000039 50.760511339000061)","Unfall 107743 (2019) Kat:3, Licht: 0","107743","3","3","5","05","18","2","0","0","1","1","0","0"
"POINT (7.080288369000073 50.728212518000078)","Unfall 107909 (2019) Kat:3, Licht: 0","107909","3","6","2","05","09","1","0","0","0","1","0","0"
"POINT (7.105380922000052 50.734752331000038)","Unfall 108047 (2019) Kat:3, Licht: 0","108047","3","3","4","05","07","6","1","0","1","0","0","0"
"POINT (7.119723144000034 50.751478924000025)","Unfall 108150 (2019) Kat:3, Licht: 0","108150","3","2","5","05","07","4","0","0","1","1","0","0"
"POINT (7.119734726000047 50.751430534000065)","Unfall 108155 (2019) Kat:3, Licht: 0","108155","3","2","5","05","07","4","0","0","1","1","0","0"
"POINT (7.102351221000049 50.737361467000028)","Unfall 108166 (2019) Kat:3, Licht: 0","108166","3","5","1","05","17","6","0","0","1","0","0","0"
"POINT (7.103895224000041 50.737246354000035)","Unfall 108238 (2019) Kat:3, Licht: 0","108238","3","2","5","05","09","5","0","0","1","1","0","0"
"POINT (7.124656386000027 50.713574355000048)","Unfall 108269 (2019) Kat:3, Licht: 0","108269","3","6","3","05","13","7","0","0","0","1","0","1"
"POINT (7.145890725000072 50.693072603000076)","Unfall 108329 (2019) Kat:3, Licht: 0","108329","3","6","6","05","12","3","1","0","0","1","1","0"
"POINT (7.072434842000064 50.718278176000069)","Unfall 108385 (2019) Kat:3, Licht: 0","108385","3","1","8","05","11","3","1","0","0","1","0","0"
"POINT (7.174029168000061 50.713998317000062)","Unfall 108386 (2019) Kat:3, Licht: 0","108386","3","6","2","05","08","3","1","0","0","1","0","0"
"POINT (7.114698793000059 50.760427054000047)","Unfall 108434 (2019) Kat:3, Licht: 0","108434","3","2","5","05","13","2","0","0","0","1","0","0"
"POINT (7.086410278000074 50.736956637000048)","Unfall 108559 (2019) Kat:3, Licht: 0","108559","3","7","0","05","10","1","0","0","1","0","0","0"