WKT,Name,OBJECTID,UKATEGORIE,UTYP1,UART,UMONAT,USTUNDE,UWOCHENTAG,STRZUSTAND,ULICHTVERH,ISTRAD,ISTPKW,ISTFUSS,ISTKRAD
"POINT (7.136685666000062 50.701479507000045)","Unfall 120488 (2019) Kat:3, Licht: 0","120488","3","2","5","09","08","5","1","0","1","1","0","0"
"POINT (7.122021449000044 50.743109736000065)","Unfall 120492 (2019) Kat:3, Licht: 0","120492","3","7","3","09","09","5","0","0","0","0","0","1"
"POINT (7.079451320000032 50.730465680000066)","Unfall 120498 (2019) Kat:3, Licht: 0","120498","3","3","5","09","12","5","1","0","1","1","0","0"
"POINT (7.141156045000059 50.696896438000067)","Unfall 120525 (2019) Kat:3, Licht: 0","120525","3","7","0","09","11","7","0","0","0","0","1","0"
"POINT (7.091533259000073 50.744987713000057)","Unfall 120738 (2019) Kat:3, Licht: 0","120738","3","2","5","09","16","6","0","0","1","1","0","0"
"POINT (7.167349284000068 50.677998815000080)","Unfall 120740 (2019) Kat:3, Licht: 0","120740","3","2","5","09","08","4","0","0","1","1","0","0"
"POINT (7.081701856000052 50.703128222000032)","Unfall 120741 (2019) Kat:3, Licht: 0","120741","3","2","5","09","08","6","0","0","0","1","0","1"
"POINT (7.129346938000026 50.738136481000026)","Unfall 120742 (2019) Kat:3, Licht: 0","120742","3","7","0","09","14","4","0","0","0","0","0","1"
"POINT (7.080182270000023 50.697335202000033)","Unfall 120743 (2019) Kat:3, Licht: 0","120743","3","3","0","09","08","6","0","0","0","1","0","1"
"POINT (7.074825264000026 50.718862179000041)","Unfall 120800 (2019) Kat:2, Licht: 1","120800","2","6","2","09","06","4","0","1","0","1","0","0"
"POINT (7.169819342000039 50.676586058000055)","Unfall 120841 (2019) Kat:3, Licht: 0","120841","3","2","2","09","09","3","0","0","0","1","0","0"
"POINT (7.087200942000038 50.737154874000055)","Unfall 120842 (2019) Kat:3, Licht: 0","120842","3","3","5","09","13","3","0","0","1","0","0","0"
"POINT (7.145347355000070 50.693296559000032)","Unfall 120939 (2019) Kat:3, Licht: 0","120939","3","6","2","09","18","2","1","0","0","1","0","0"
"POINT (7.159583287000032 50.684445123000046)","Unfall 120940 (2019) Kat:3, Licht: 2","120940","3","6","2","09","17","2","0","2","0","1","0","0"
"POINT (7.146483939000063 50.692531133000045)","Unfall 120941 (2019) Kat:3, Licht: 2","120941","3","6","2","09","19","2","1","2","0","1","0","0"
"POINT (7.092694939000069 50.742817816000070)","Unfall 120946 (2019) Kat:3, Licht: 1","120946","3","7","8","09","18","2","1","1","1","1","0","0"
"POINT (7.152893885000026 50.686772380000036)","Unfall 121186 (2019) Kat:3, Licht: 0","121186","3","7","5","09","15","5","0","0","0","1","0","0"
"POINT (7.137115184000038 50.701361841000050)","Unfall 121325 (2019) Kat:3, Licht: 0","121325","3","2","2","09","17","4","0","0","0","1","0","0"
"POINT (7.141212992000021 50.675166858000068)","Unfall 121326 (2019) Kat:3, Licht: 0","121326","3","7","8","09","14","4","0","0","0","1","0","0"
"POINT (7.133036464000043 50.733118493000063)","Unfall 121370 (2019) Kat:3, Licht: 2","121370","3","3","5","09","21","7","0","2","0","1","0","0"
"POINT (7.056882956000038 50.688255920000074)","Unfall 121381 (2019) Kat:3, Licht: 2","121381","3","7","9","09","02","2","1","2","0","1","0","0"
"POINT (7.106424468000057 50.733270281000046)","Unfall 121398 (2019) Kat:3, Licht: 0","121398","3","6","3","09","14","1","0","0","0","1","0","0"
"POINT (7.099859326000058 50.745170552000047)","Unfall 121536 (2019) Kat:3, Licht: 0","121536","3","4","0","09","16","7","0","0","0","1","1","0"
"POINT (7.171891928000036 50.716304604000072)","Unfall 121552 (2019) Kat:2, Licht: 2","121552","2","6","2","09","20","6","0","2","0","1","0","0"
"POINT (7.155449648000058 50.751645738000036)","Unfall 121586 (2019) Kat:3, Licht: 0","121586","3","3","5","09","15","6","0","0","0","1","0","0"
"POINT (7.139709884000070 50.742438463000042)","Unfall 121589 (2019) Kat:3, Licht: 0","121589","3","2","1","09","15","6","0","0","0","1","0","0"
"POINT (7.180830216000061 50.667956016000062)","Unfall 121646 (2019) Kat:3, Licht: 0","121646","3","7","0","09","17","4","0","0","1","0","0","0"
"POINT (7.167807959000072 50.745037557000046)","Unfall 121647 (2019) Kat:3, Licht: 0","121647","3","3","5","09","12","4","0","0","1","1","0","0"
"POINT (7.071044761000053 50.717750988000034)","Unfall 121734 (2019) Kat:3, Licht: 1","121734","3","6","2","09","06","4","1","1","0","1","0","0"
"POINT (7.070313725000062 50.677440147000027)","Unfall 121774 (2019) Kat:3, Licht: 0","121774","3","6","2","09","09","3","0","0","0","1","0","0"
"POINT (7.116104173000053 50.738972711000031)","Unfall 121775 (2019) Kat:3, Licht: 0","121775","3","3","5","09","09","3","0","0","1","1","0","0"
"POINT (7.091993337000076 50.717817923000041)","Unfall 121776 (2019) Kat:3, Licht: 0","121776","3","2","2","09","07","3","0","0","0","1","0","0"
"POINT (7.091020518000050 50.731100042000037)","Unfall 121899 (2019) Kat:3, Licht: 0","121899","3","7","5","09","13","2","1","0","0","1","0","0"
"POINT (7.106269444000077 50.733444893000069)","Unfall 122064 (2019) Kat:3, Licht: 0","122064","3","6","3","09","08","6","0","0","0","1","0","1"
"POINT (7.050777135000033 50.752797584000064)","Unfall 122144 (2019) Kat:2, Licht: 0","122144","2","6","2","09","17","6","0","0","0","1","0","0"
"POINT (7.084087354000076 50.751366972000028)","Unfall 122147 (2019) Kat:3, Licht: 0","122147","3","6","2","09","08","6","1","0","0","1","0","0"
"POINT (7.124535067000068 50.713726335000047)","Unfall 122305 (2019) Kat:3, Licht: 0","122305","3","1","0","09","10","5","1","0","0","0","0","1"
"POINT (7.060312340000053 50.720688731000052)","Unfall 122308 (2019) Kat:2, Licht: 0","122308","2","6","2","09","15","5","1","0","1","1","0","0"
"POINT (7.085934838000071 50.718304074000059)","Unfall 122311 (2019) Kat:3, Licht: 0","122311","3","3","5","09","16","5","1","0","1","1","0","0"
"POINT (7.165414467000062 50.679051020000031)","Unfall 122342 (2019) Kat:3, Licht: 2","122342","3","1","0","09","01","7","0","2","1","0","0","0"
"POINT (7.136260848000063 50.701914758000044)","Unfall 122474 (2019) Kat:3, Licht: 0","122474","3","6","2","10","13","3","1","0","0","1","0","0"
"POINT (7.157620658000042 50.752268881000077)","Unfall 122475 (2019) Kat:3, Licht: 0","122475","3","3","5","10","11","3","1","0","0","1","0","0"
"POINT (7.094266034000043 50.736152607000065)","Unfall 122476 (2019) Kat:3, Licht: 0","122476","3","2","3","10","08","3","0","0","1","1","0","0"
"POINT (7.135110436000048 50.703350033000049)","Unfall 122718 (2019) Kat:3, Licht: 0","122718","3","3","5","09","15","2","1","0","1","1","0","0"
"POINT (7.171281849000025 50.675869208000051)","Unfall 122720 (2019) Kat:3, Licht: 0","122720","3","1","8","09","11","2","0","0","1","0","0","0"
"POINT (7.091149484000027 50.731073378000076)","Unfall 122725 (2019) Kat:3, Licht: 2","122725","3","6","2","09","20","2","0","2","1","0","0","0"
"POINT (7.089734155000031 50.743677840000032)","Unfall 122910 (2019) Kat:3, Licht: 2","122910","3","3","5","10","20","3","1","2","1","1","0","0"
"POINT (7.138807699000040 50.758956262000027)","Unfall 123056 (2019) Kat:3, Licht: 0","123056","3","6","3","10","14","3","1","0","0","1","0","0"
"POINT (7.046002177000048 50.739990997000064)","Unfall 123074 (2019) Kat:3, Licht: 0","123074","3","7","0","10","12","6","1","0","0","0","0","1"
"POINT (7.112863888000049 50.738598976000048)","Unfall 123142 (2019) Kat:3, Licht: 2","123142","3","6","2","10","20","2","0","2","0","1","0","0"
"POINT (7.149442873000055 50.752143740000065)","Unfall 123144 (2019) Kat:3, Licht: 0","123144","3","3","5","10","11","2","0","0","0","1","0","0"
"POINT (7.103881216000048 50.737259473000051)","Unfall 123146 (2019) Kat:3, Licht: 0","123146","3","2","5","10","12","2","0","0","1","0","0","1"
"POINT (7.099671110000031 50.756701642000053)","Unfall 123235 (2019) Kat:3, Licht: 0","123235","3","6","2","10","08","2","1","0","0","1","0","0"
"POINT (7.075646306000067 50.740585820000035)","Unfall 123358 (2019) Kat:3, Licht: 0","123358","3","3","5","10","08","5","1","0","0","0","0","0"
"POINT (7.065477692000059 50.725454559000070)","Unfall 123359 (2019) Kat:3, Licht: 0","123359","3","2","5","10","09","5","0","0","1","1","0","0"
"POINT (7.158452709000073 50.753036664000035)","Unfall 123448 (2019) Kat:3, Licht: 0","123448","3","2","5","10","16","7","0","0","1","1","0","0"
"POINT (7.046886559000029 50.739868302000048)","Unfall 123453 (2019) Kat:3, Licht: 1","123453","3","3","5","10","07","7","0","1","1","1","0","0"
"POINT (7.067530273000045 50.714554567000050)","Unfall 123528 (2019) Kat:3, Licht: 0","123528","3","1","0","10","09","4","1","0","1","0","0","0"
"POINT (7.119341052000038 50.740410198000063)","Unfall 123530 (2019) Kat:3, Licht: 0","123530","3","7","0","10","09","4","0","0","0","0","0","0"
"POINT (7.080190023000057 50.696391119000054)","Unfall 123531 (2019) Kat:3, Licht: 2","123531","3","3","0","10","06","4","1","2","1","1","0","0"
"POINT (7.099826962000066 50.756583803000069)","Unfall 123729 (2019) Kat:3, Licht: 0","123729","3","6","2","10","15","6","0","0","0","1","0","0"
"POINT (7.102928580000025 50.737352711000028)","Unfall 123815 (2019) Kat:3, Licht: 2","123815","3","6","2","10","19","3","1","2","1","1","0","0"
"POINT (7.129610655000022 50.737771017000057)","Unfall 123851 (2019) Kat:3, Licht: 0","123851","3","5","6","10","11","5","0","0","0","1","1","0"
"POINT (7.078449133000049 50.742933580000056)","Unfall 124026 (2019) Kat:3, Licht: 2","124026","3","2","5","10","06","2","1","2","1","1","0","0"
"POINT (7.086448505000021 50.737068860000079)","Unfall 124028 (2019) Kat:2, Licht: 0","124028","2","1","0","10","15","2","0","0","1","0","0","0"
"POINT (7.141202893000070 50.697232629000041)","Unfall 124085 (2019) Kat:3, Licht: 0","124085","3","3","5","10","13","4","1","0","0","1","0","0"
"POINT (7.087726719000045 50.737042385000052)","Unfall 124092 (2019) Kat:3, Licht: 0","124092","3","1","0","10","13","4","1","0","0","0","0","1"
"POINT (7.122790230000021 50.715023376000033)","Unfall 124202 (2019) Kat:3, Licht: 0","124202","3","6","2","10","14","1","0","0","0","1","0","0"
"POINT (7.173344326000063 50.710153253000044)","Unfall 124205 (2019) Kat:3, Licht: 0","124205","3","1","0","10","14","1","0","0","1","0","0","0"
"POINT (7.117755874000068 50.718791697000029)","Unfall 124296 (2019) Kat:3, Licht: 2","124296","3","1","2","10","21","1","1","2","0","1","0","0"
"POINT (7.038780539000072 50.714564135000046)","Unfall 124298 (2019) Kat:3, Licht: 2","124298","3","2","6","10","19","1","1","2","0","0","1","0"
"POINT (7.086734994000040 50.737251533000062)","Unfall 124299 (2019) Kat:3, Licht: 2","124299","3","6","2","10","03","1","1","2","1","1","0","0"
"POINT (7.124556114000029 50.713713422000069)","Unfall 124386 (2019) Kat:2, Licht: 0","124386","2","1","9","10","18","7","1","0","0","1","0","0"
"POINT (7.078102159000025 50.729757167000059)","Unfall 124387 (2019) Kat:3, Licht: 0","124387","3","6","2","10","13","7","1","0","0","1","0","0"
"POINT (7.075498453000023 50.728677269000059)","Unfall 124490 (2019) Kat:3, Licht: 0","124490","3","6","2","10","14","6","0","0","0","1","0","0"
"POINT (7.075191183000072 50.682887192000067)","Unfall 124530 (2019) Kat:3, Licht: 0","124530","3","6","2","10","09","5","0","0","0","1","0","0"
"POINT (7.133156761000066 50.706492024000056)","Unfall 124534 (2019) Kat:3, Licht: 0","124534","3","6","2","10","16","5","0","0","0","1","0","0"
"POINT (7.064848635000033 50.719468150000068)","Unfall 124570 (2019) Kat:3, Licht: 2","124570","3","2","5","10","06","4","0","2","0","1","0","0"
"POINT (7.059964711000021 50.739366531000030)","Unfall 124571 (2019) Kat:3, Licht: 0","124571","3","3","5","10","09","4","0","0","0","1","0","0"
"POINT (7.092806295000059 50.745705302000033)","Unfall 124572 (2019) Kat:3, Licht: 2","124572","3","7","0","10","19","4","0","2","0","0","0","0"
"POINT (7.066977383000051 50.711964241000032)","Unfall 124642 (2019) Kat:3, Licht: 0","124642","3","3","5","10","10","3","0","0","0","1","0","1"
"POINT (7.115390804000072 50.759585769000068)","Unfall 124643 (2019) Kat:2, Licht: 0","124643","2","6","6","10","14","3","0","0","1","0","1","0"
"POINT (7.090090260000068 50.743577414000072)","Unfall 124644 (2019) Kat:3, Licht: 0","124644","3","4","6","10","08","3","0","0","0","1","1","0"
"POINT (7.120641078000062 50.741241039000045)","Unfall 124766 (2019) Kat:3, Licht: 2","124766","3","1","0","10","06","2","1","2","1","0","0","0"
"POINT (7.096115173000044 50.737029005000068)","Unfall 124767 (2019) Kat:3, Licht: 2","124767","3","3","5","10","20","2","0","2","1","1","0","0"
"POINT (7.109588484000028 50.760327696000047)","Unfall 124873 (2019) Kat:3, Licht: 2","124873","3","6","2","10","18","1","0","2","0","1","0","0"
"POINT (7.194819958000039 50.657265784000060)","Unfall 124911 (2019) Kat:3, Licht: 0","124911","3","2","5","10","13","7","0","0","0","1","0","0"
"POINT (7.179831431000025 50.667594381000072)","Unfall 125008 (2019) Kat:3, Licht: 0","125008","3","2","5","10","17","6","0","0","1","1","0","0"
"POINT (7.153452434000030 50.740005694000047)","Unfall 125010 (2019) Kat:2, Licht: 0","125010","2","6","4","10","14","6","0","0","0","0","0","1"
"POINT (7.151428300000021 50.688077410000062)","Unfall 125038 (2019) Kat:3, Licht: 0","125038","3","6","2","10","15","2","0","0","0","1","0","0"
"POINT (7.147104373000047 50.692266644000028)","Unfall 125117 (2019) Kat:3, Licht: 1","125117","3","1","0","10","16","3","0","1","1","1","0","0"
"POINT (7.038587953000047 50.714586199000053)","Unfall 125175 (2019) Kat:3, Licht: 0","125175","3","4","0","10","13","3","0","0","0","1","1","0"
"POINT (7.152914927000040 50.685843961000046)","Unfall 125294 (2019) Kat:3, Licht: 0","125294","3","6","2","10","12","3","0","0","0","1","0","0"
"POINT (7.103022914000064 50.758475423000050)","Unfall 125329 (2019) Kat:3, Licht: 0","125329","3","6","2","10","15","5","0","0","0","1","0","0"
"POINT (7.099859326000058 50.745170552000047)","Unfall 125368 (2019) Kat:3, Licht: 0","125368","3","3","0","10","14","3","0","0","1","0","0","0"
"POINT (7.140951164000057 50.697125417000052)","Unfall 125418 (2019) Kat:3, Licht: 2","125418","3","3","5","10","17","5","0","2","0","1","0","0"
"POINT (7.127309975000060 50.710834399000078)","Unfall 125420 (2019) Kat:3, Licht: 0","125420","3","3","5","10","09","5","0","0","1","1","0","0"
"POINT (7.146300094000026 50.742580970000063)","Unfall 125421 (2019) Kat:3, Licht: 0","125421","3","6","2","10","07","5","0","0","1","0","0","0"
"POINT (7.039698226000041 50.741709111000034)","Unfall 125426 (2019) Kat:3, Licht: 0","125426","3","3","5","10","08","5","0","0","0","1","0","0"
"POINT (7.138053071000059 50.762530355000081)","Unfall 125530 (2019) Kat:3, Licht: 1","125530","3","6","2","11","16","2","1","1","0","1","0","0"
"POINT (7.086816461000069 50.737235838000061)","Unfall 125748 (2019) Kat:3, Licht: 0","125748","3","6","2","11","17","6","0","0","0","1","0","0"
"POINT (7.140866923000033 50.754433690000042)","Unfall 125797 (2019) Kat:3, Licht: 0","125797","3","6","2","11","13","6","1","0","0","1","0","0"
"POINT (7.146595304000073 50.742587667000066)","Unfall 125845 (2019) Kat:3, Licht: 2","125845","3","7","1","11","06","5","1","2","1","1","0","0"
"POINT (7.115132906000042 50.760539293000079)","Unfall 125846 (2019) Kat:3, Licht: 1","125846","3","3","3","11","16","5","1","1","0","1","0","0"
"POINT (7.100924398000075 50.738557374000038)","Unfall 125971 (2019) Kat:3, Licht: 2","125971","3","5","0","11","18","4","1","2","1","1","0","0"
"POINT (7.077701941000044 50.729603915000041)","Unfall 125973 (2019) Kat:3, Licht: 0","125973","3","6","2","11","12","4","1","0","0","1","0","0"
"POINT (7.082022118000054 50.737614633000078)","Unfall 125975 (2019) Kat:3, Licht: 0","125975","3","3","5","11","09","4","1","0","1","1","0","0"
"POINT (7.149859454000023 50.683135874000072)","Unfall 126033 (2019) Kat:3, Licht: 2","126033","3","2","2","11","18","6","0","2","0","1","0","0"
"POINT (7.130601793000039 50.764938673000074)","Unfall 126080 (2019) Kat:3, Licht: 1","126080","3","6","3","11","16","4","1","1","0","1","0","0"
"POINT (7.168280073000062 50.677449392000028)","Unfall 126177 (2019) Kat:3, Licht: 0","126177","3","6","3","11","08","3","0","0","1","0","0","0"
"POINT (7.112019621000059 50.724918255000034)","Unfall 126184 (2019) Kat:3, Licht: 0","126184","3","2","5","11","16","3","1","0","1","0","0","0"
"POINT (7.186797685000045 50.739556097000047)","Unfall 126446 (2019) Kat:3, Licht: 2","126446","3","7","9","11","18","4","1","2","1","0","0","0"
"POINT (7.075827983000067 50.740442498000050)","Unfall 126453 (2019) Kat:3, Licht: 2","126453","3","1","7","11","23","4","0","2","0","1","0","0"
"POINT (7.039655242000038 50.741715078000027)","Unfall 126457 (2019) Kat:2, Licht: 2","126457","2","3","5","11","19","4","0","2","0","1","0","1"
"POINT (7.080273554000030 50.738237071000071)","Unfall 126459 (2019) Kat:3, Licht: 0","126459","3","5","1","11","16","4","0","0","0","1","0","0"
"POINT (7.136979814000029 50.701175881000040)","Unfall 126618 (2019) Kat:3, Licht: 2","126618","3","3","5","11","05","7","0","2","0","1","0","0"
"POINT (7.154288983000072 50.752392681000060)","Unfall 126620 (2019) Kat:3, Licht: 2","126620","3","6","2","11","20","7","0","2","0","1","0","0"
"POINT (7.095152074000055 50.736438831000044)","Unfall 126622 (2019) Kat:3, Licht: 0","126622","3","7","0","11","15","7","0","0","0","0","0","0"
"POINT (7.077767906000076 50.748715763000064)","Unfall 126676 (2019) Kat:2, Licht: 2","126676","2","6","2","11","17","3","0","2","0","1","0","0"
"POINT (7.095941672000038 50.741922621000072)","Unfall 126690 (2019) Kat:3, Licht: 0","126690","3","1","0","11","14","3","0","0","1","0","0","0"
"POINT (7.129832257000032 50.750721168000041)","Unfall 126703 (2019) Kat:3, Licht: 2","126703","3","6","2","11","22","7","0","2","0","1","0","0"
"POINT (7.083917065000037 50.751467987000069)","Unfall 126743 (2019) Kat:3, Licht: 0","126743","3","6","3","11","08","3","0","0","0","1","0","0"
"POINT (7.028813232000061 50.713746549000064)","Unfall 126854 (2019) Kat:3, Licht: 2","126854","3","4","6","11","23","6","0","2","0","0","1","1"
"POINT (7.081659317000060 50.731954548000033)","Unfall 126862 (2019) Kat:3, Licht: 2","126862","3","3","1","11","17","6","0","2","1","1","0","0"
"POINT (7.046698056000025 50.740013262000048)","Unfall 126909 (2019) Kat:3, Licht: 0","126909","3","4","6","11","13","2","1","0","0","1","1","0"
"POINT (7.107325374000027 50.731740420000051)","Unfall 126910 (2019) Kat:3, Licht: 1","126910","3","2","5","11","07","2","1","1","1","0","0","0"
"POINT (7.074128458000075 50.746187192000036)","Unfall 126985 (2019) Kat:3, Licht: 0","126985","3","6","1","11","08","6","0","0","0","1","0","0"
"POINT (7.114854332000050 50.761447663000069)","Unfall 126987 (2019) Kat:3, Licht: 0","126987","3","6","3","11","09","6","0","0","0","1","0","0"
"POINT (7.066448308000076 50.633924964000073)","Unfall 127100 (2019) Kat:3, Licht: 2","127100","3","1","9","11","06","1","1","2","0","1","0","0"
"POINT (7.179189841000039 50.667358534000073)","Unfall 127117 (2019) Kat:3, Licht: 0","127117","3","2","6","11","10","5","0","0","0","1","1","0"
"POINT (7.139600025000050 50.752013416000068)","Unfall 127120 (2019) Kat:3, Licht: 2","127120","3","3","5","11","06","5","0","2","1","0","0","0"
"POINT (7.085369206000053 50.723962603000075)","Unfall 127146 (2019) Kat:3, Licht: 2","127146","3","6","1","11","17","1","1","2","0","1","0","0"
"POINT (7.148675588000060 50.691038893000041)","Unfall 127245 (2019) Kat:3, Licht: 0","127245","3","6","2","11","14","5","0","0","0","1","0","0"
"POINT (7.152432006000026 50.749924560000068)","Unfall 127248 (2019) Kat:3, Licht: 1","127248","3","6","2","11","16","5","1","1","0","1","0","0"
"POINT (7.073614480000060 50.741208512000071)","Unfall 127250 (2019) Kat:3, Licht: 0","127250","3","4","6","11","14","5","0","0","0","1","1","0"
"POINT (7.078434868000045 50.741353282000034)","Unfall 127284 (2019) Kat:3, Licht: 2","127284","3","2","5","11","17","7","0","2","0","1","0","0"
"POINT (7.134349232000034 50.742423566000070)","Unfall 127662 (2019) Kat:3, Licht: 0","127662","3","2","5","11","12","3","1","0","1","1","0","0"
"POINT (7.125626595000028 50.747579166000037)","Unfall 127664 (2019) Kat:3, Licht: 0","127664","3","6","2","11","10","3","1","0","0","1","0","0"
"POINT (7.099354282000036 50.746606219000057)","Unfall 127668 (2019) Kat:3, Licht: 0","127668","3","4","0","11","13","3","1","0","0","1","1","0"
"POINT (7.085139689000073 50.724177296000050)","Unfall 127701 (2019) Kat:3, Licht: 2","127701","3","1","9","11","03","1","0","2","0","1","0","0"
"POINT (7.140961247000064 50.754215533000036)","Unfall 127815 (2019) Kat:3, Licht: 0","127815","3","6","9","11","10","3","1","0","0","1","0","0"
"POINT (7.150480271000049 50.688940195000043)","Unfall 127818 (2019) Kat:3, Licht: 2","127818","3","7","0","11","22","3","1","2","0","1","0","1"
"POINT (7.141432718000033 50.697005768000054)","Unfall 127819 (2019) Kat:3, Licht: 2","127819","3","6","2","11","16","3","0","2","0","1","0","0"
"POINT (7.115986310000039 50.739095730000031)","Unfall 127821 (2019) Kat:3, Licht: 0","127821","3","6","2","11","08","3","0","0","0","1","0","1"
"POINT (7.147269367000035 50.722966042000053)","Unfall 127885 (2019) Kat:3, Licht: 0","127885","3","1","9","11","09","3","1","0","0","1","0","0"
"POINT (7.132147894000070 50.764967193000075)","Unfall 128024 (2019) Kat:3, Licht: 0","128024","3","6","3","11","17","6","1","0","0","1","0","0"
"POINT (7.101997114000028 50.757734457000026)","Unfall 128089 (2019) Kat:3, Licht: 0","128089","3","6","2","11","10","5","0","0","0","1","0","0"
"POINT (7.096196912000039 50.737055597000051)","Unfall 128101 (2019) Kat:3, Licht: 0","128101","3","6","0","11","08","5","0","0","0","0","1","0"
"POINT (7.173516502000041 50.714572480000072)","Unfall 128177 (2019) Kat:3, Licht: 0","128177","3","6","2","11","08","5","0","0","0","1","0","0"
"POINT (7.071518709000031 50.741741585000057)","Unfall 128179 (2019) Kat:3, Licht: 2","128179","3","3","3","11","07","5","1","2","0","1","0","0"
"POINT (7.178586817000053 50.705446166000058)","Unfall 128180 (2019) Kat:3, Licht: 0","128180","3","6","2","11","08","5","0","0","0","1","0","0"
"POINT (7.148236350000047 50.691332755000076)","Unfall 128238 (2019) Kat:3, Licht: 0","128238","3","3","5","11","13","4","0","0","0","1","0","0"
"POINT (7.088029985000048 50.721300749000079)","Unfall 128241 (2019) Kat:3, Licht: 0","128241","3","5","2","11","15","4","0","0","1","1","0","0"
"POINT (7.150205484000026 50.683541309000077)","Unfall 128342 (2019) Kat:2, Licht: 2","128342","2","2","6","12","17","2","1","2","0","1","1","0"
"POINT (7.156733724000048 50.752670969000064)","Unfall 128343 (2019) Kat:3, Licht: 2","128343","3","6","2","12","07","2","0","2","0","1","0","0"
"POINT (7.069215423000060 50.747742455000036)","Unfall 128408 (2019) Kat:3, Licht: 0","128408","3","6","2","12","07","2","0","0","0","1","0","0"
"POINT (7.059455818000060 50.749962974000027)","Unfall 128538 (2019) Kat:3, Licht: 2","128538","3","6","2","11","17","7","0","2","0","1","0","0"
"POINT (7.068910342000038 50.726925508000079)","Unfall 128587 (2019) Kat:3, Licht: 0","128587","3","7","0","11","10","6","1","0","1","0","0","0"
"POINT (7.091665140000032 50.743123379000053)","Unfall 128589 (2019) Kat:3, Licht: 1","128589","3","6","1","11","07","6","1","1","0","1","0","0"
"POINT (7.091372689000025 50.725483148000080)","Unfall 128591 (2019) Kat:3, Licht: 0","128591","3","3","5","11","12","6","0","0","0","0","0","1"
"POINT (7.071303078000028 50.694339845000059)","Unfall 128726 (2019) Kat:2, Licht: 2","128726","2","6","4","12","18","4","0","2","0","1","0","0"
"POINT (7.148207078000041 50.726896540000041)","Unfall 128898 (2019) Kat:2, Licht: 0","128898","2","5","0","12","13","3","1","0","1","1","0","0"
"POINT (7.149421348000033 50.747635749000040)","Unfall 128901 (2019) Kat:3, Licht: 2","128901","3","1","6","12","07","3","1","2","1","0","1","0"
"POINT (7.093599547000054 50.736101837000035)","Unfall 128903 (2019) Kat:3, Licht: 0","128903","3","3","3","12","12","3","1","0","0","1","0","1"
"POINT (7.146370608000041 50.727797239000040)","Unfall 128937 (2019) Kat:3, Licht: 2","128937","3","1","0","12","19","5","1","2","1","0","0","0"
"POINT (7.064802575000044 50.719706558000041)","Unfall 129052 (2019) Kat:3, Licht: 2","129052","3","2","6","12","19","1","1","2","0","1","1","0"
"POINT (7.100152921000074 50.744380923000051)","Unfall 129246 (2019) Kat:3, Licht: 2","129246","3","5","1","12","17","6","1","2","0","1","0","0"
"POINT (7.074784031000036 50.741413453000064)","Unfall 129248 (2019) Kat:3, Licht: 2","129248","3","2","4","12","23","6","1","2","0","1","0","0"
"POINT (7.155139491000057 50.721172817000081)","Unfall 129315 (2019) Kat:3, Licht: 2","129315","3","2","6","12","17","2","1","2","0","1","1","0"
"POINT (7.132590109000034 50.751261038000052)","Unfall 129432 (2019) Kat:3, Licht: 2","129432","3","6","4","12","07","4","1","2","1","0","0","0"
"POINT (7.078395655000065 50.741160011000034)","Unfall 129632 (2019) Kat:3, Licht: 0","129632","3","6","0","12","16","3","0","0","0","1","0","0"
"POINT (7.072096478000049 50.727703693000080)","Unfall 129633 (2019) Kat:3, Licht: 1","129633","3","6","2","12","16","3","0","1","0","1","0","0"
"POINT (7.088809600000047 50.722547916000053)","Unfall 129635 (2019) Kat:3, Licht: 0","129635","3","3","5","12","11","3","0","0","1","1","0","0"
"POINT (7.074965026000029 50.741173137000033)","Unfall 129637 (2019) Kat:3, Licht: 2","129637","3","3","5","12","05","3","0","2","0","1","0","0"
"POINT (7.170086149000042 50.676340975000073)","Unfall 129906 (2019) Kat:3, Licht: 1","129906","3","1","0","12","15","3","1","1","0","0","0","1"
"POINT (7.139333757000031 50.744434384000044)","Unfall 129909 (2019) Kat:3, Licht: 0","129909","3","3","5","12","11","7","1","0","1","1","0","0"
"POINT (7.113406323000049 50.738674412000080)","Unfall 129910 (2019) Kat:3, Licht: 2","129910","3","6","4","12","05","3","1","2","1","0","0","0"
"POINT (7.099888577000058 50.739510405000033)","Unfall 129911 (2019) Kat:3, Licht: 0","129911","3","3","5","12","10","3","0","0","1","1","0","0"
"POINT (7.166184744000020 50.678656938000074)","Unfall 130139 (2019) Kat:3, Licht: 0","130139","3","3","5","12","14","6","1","0","1","1","0","0"
"POINT (7.049097020000033 50.716398319000064)","Unfall 130297 (2019) Kat:3, Licht: 2","130297","3","2","6","12","19","1","1","2","0","1","1","0"
"POINT (7.122729530000072 50.743700824000030)","Unfall 130309 (2019) Kat:3, Licht: 2","130309","3","6","1","12","06","5","1","2","0","1","0","0"
"POINT (7.080188506000070 50.730920286000071)","Unfall 130310 (2019) Kat:3, Licht: 1","130310","3","6","2","12","08","5","1","1","1","1","0","0"
"POINT (7.140759942000045 50.754681011000059)","Unfall 130342 (2019) Kat:2, Licht: 0","130342","2","1","7","12","15","1","1","0","0","1","0","0"