WKT,Name,OBJECTID,UKATEGORIE,UTYP1,UART,UMONAT,USTUNDE,UWOCHENTAG,STRZUSTAND,ULICHTVERH,ISTRAD,ISTPKW,ISTFUSS,ISTKRAD
"POINT (7.151035838000041 50.688434564000033)","Unfall 130403 (2019) Kat:3, Licht: 0","130403","3","2","5","12","12","7","0","0","1","1","0","0"
"POINT (7.142640113000027 50.716304692000051)","Unfall 130450 (2019) Kat:3, Licht: 0","130450","3","6","2","12","13","5","0","0","0","1","0","0"
"POINT (7.105533204000039 50.759368288000076)","Unfall 130452 (2019) Kat:3, Licht: 0","130452","3","6","2","12","13","5","0","0","0","1","0","0"
"POINT (7.138812359000042 50.758945239000070)","Unfall 130700 (2019) Kat:3, Licht: 2","130700","3","6","3","12","06","6","0","2","0","1","0","0"
"POINT (7.136295765000057 50.743194539000058)","Unfall 130982 (2019) Kat:2, Licht: 2","130982","2","4","6","12","17","2","0","2","0","1","1","0"
"POINT (7.105719067000052 50.737662167000053)","Unfall 130988 (2019) Kat:3, Licht: 2","130988","3","3","5","12","18","2","0","2","0","1","0","0"
"POINT (7.140581984000050 50.755071280000038)","Unfall 131091 (2019) Kat:2, Licht: 2","131091","2","7","2","12","17","3","1","2","0","1","0","0"
"POINT (7.144694190000053 50.678312937000044)","Unfall 131096 (2019) Kat:3, Licht: 0","131096","3","6","6","12","15","1","0","0","1","0","1","0"
"POINT (7.159854647000032 50.686345964000054)","Unfall 232812 (2019) Kat:3, Licht: 0","232812","3","4","6","01","14","6","1","0","0","1","1","0"
"POINT (7.133036464000043 50.733118493000063)","Unfall 232813 (2019) Kat:3, Licht: 0","232813","3","7","0","01","09","6","1","0","0","0","0","1"
"POINT (7.126402543000040 50.700200951000056)","Unfall 232920 (2019) Kat:3, Licht: 0","232920","3","3","0","01","14","3","1","0","1","1","0","0"
"POINT (7.116861756000048 50.740797378000082)","Unfall 232923 (2019) Kat:3, Licht: 2","232923","3","7","1","01","06","3","1","2","0","1","0","0"
"POINT (7.079116916000032 50.723270994000075)","Unfall 232924 (2019) Kat:3, Licht: 2","232924","3","3","5","01","02","3","0","2","1","1","0","0"
"POINT (7.132955234000065 50.693545132000054)","Unfall 232955 (2019) Kat:2, Licht: 2","232955","2","4","6","01","18","7","1","2","0","1","1","0"
"POINT (7.186430565000023 50.667202545000066)","Unfall 232963 (2019) Kat:2, Licht: 1","232963","2","3","5","01","16","7","1","1","1","1","0","0"
"POINT (7.044554823000055 50.714584040000034)","Unfall 232967 (2019) Kat:3, Licht: 2","232967","3","2","5","01","17","7","1","2","0","1","0","0"
"POINT (7.093681776000040 50.747824233000074)","Unfall 232975 (2019) Kat:3, Licht: 2","232975","3","5","1","01","20","7","1","2","1","1","0","0"
"POINT (7.139328006000028 50.742431628000077)","Unfall 233059 (2019) Kat:3, Licht: 2","233059","3","7","0","01","00","5","0","2","0","0","0","0"
"POINT (7.066403540000067 50.732910182000069)","Unfall 233088 (2019) Kat:3, Licht: 0","233088","3","3","1","01","14","3","1","0","1","1","0","0"
"POINT (7.090913436000051 50.740107379000051)","Unfall 233120 (2019) Kat:3, Licht: 0","233120","3","5","1","01","12","2","1","0","0","1","0","0"
"POINT (7.098947795000072 50.730794781000043)","Unfall 233137 (2019) Kat:3, Licht: 2","233137","3","2","6","01","21","4","0","2","0","1","1","0"
"POINT (7.174562333000040 50.677685844000052)","Unfall 233141 (2019) Kat:3, Licht: 0","233141","3","2","2","01","12","5","0","0","0","1","0","0"
"POINT (7.139306929000043 50.696443182000053)","Unfall 233187 (2019) Kat:3, Licht: 0","233187","3","2","4","01","08","3","1","0","1","1","0","0"
"POINT (7.164665934000027 50.723913615000072)","Unfall 233193 (2019) Kat:3, Licht: 0","233193","3","6","2","01","08","4","1","0","0","1","0","0"
"POINT (7.125899725000068 50.700586048000048)","Unfall 233354 (2019) Kat:3, Licht: 2","233354","3","2","5","01","18","2","1","2","0","1","0","1"
"POINT (7.134568096000066 50.700193033000062)","Unfall 233355 (2019) Kat:3, Licht: 2","233355","3","3","5","01","18","2","1","2","0","1","0","0"
"POINT (7.059028465000040 50.715082900000027)","Unfall 233356 (2019) Kat:2, Licht: 2","233356","2","4","6","01","17","2","1","2","0","1","1","0"
"POINT (7.045936739000069 50.749886433000029)","Unfall 233358 (2019) Kat:3, Licht: 2","233358","3","4","0","01","19","2","1","2","0","1","1","0"
"POINT (7.112512098000025 50.704335759000060)","Unfall 233359 (2019) Kat:3, Licht: 0","233359","3","3","5","01","14","2","1","0","1","1","0","0"
"POINT (7.147484725000027 50.731667321000032)","Unfall 233403 (2019) Kat:3, Licht: 2","233403","3","3","5","01","02","1","1","2","0","1","0","0"
"POINT (7.144901907000076 50.689515785000026)","Unfall 233435 (2019) Kat:3, Licht: 0","233435","3","2","6","01","12","7","1","0","0","1","1","0"
"POINT (7.101950067000075 50.732449247000034)","Unfall 233436 (2019) Kat:3, Licht: 2","233436","3","4","6","01","21","7","1","2","0","1","1","0"
"POINT (7.190344477000053 50.656532216000073)","Unfall 233488 (2019) Kat:3, Licht: 2","233488","3","2","6","01","07","6","1","2","0","1","1","0"
"POINT (7.174725971000044 50.750137975000030)","Unfall 233489 (2019) Kat:3, Licht: 0","233489","3","2","2","01","13","6","1","0","0","1","0","0"
"POINT (7.100852364000048 50.738997512000026)","Unfall 233490 (2019) Kat:3, Licht: 2","233490","3","4","6","01","20","6","1","2","0","1","1","0"
"POINT (7.093588695000051 50.718219633000047)","Unfall 233491 (2019) Kat:3, Licht: 2","233491","3","7","9","01","19","6","1","2","0","1","0","0"
"POINT (7.147418434000031 50.691430795000031)","Unfall 233563 (2019) Kat:3, Licht: 0","233563","3","6","2","01","14","1","0","0","0","1","0","0"
"POINT (7.089848146000065 50.743643804000044)","Unfall 233633 (2019) Kat:3, Licht: 2","233633","3","3","5","01","07","6","1","2","1","1","0","0"
"POINT (7.158508401000063 50.699963958000069)","Unfall 233695 (2019) Kat:3, Licht: 0","233695","3","3","5","01","14","5","1","0","0","1","0","0"
"POINT (7.110404269000071 50.720296182000027)","Unfall 233696 (2019) Kat:3, Licht: 0","233696","3","7","0","01","10","5","0","0","1","1","0","0"
"POINT (7.106727159000059 50.736132156000053)","Unfall 233697 (2019) Kat:3, Licht: 1","233697","3","5","3","01","17","5","1","1","1","0","0","0"
"POINT (7.066251477000037 50.732887657000049)","Unfall 233698 (2019) Kat:3, Licht: 0","233698","3","6","6","01","12","5","1","0","0","0","1","0"
"POINT (7.098305601000050 50.705604188000052)","Unfall 233753 (2019) Kat:3, Licht: 0","233753","3","3","5","01","13","4","0","0","0","1","0","0"
"POINT (7.158204196000042 50.680121278000058)","Unfall 233795 (2019) Kat:3, Licht: 2","233795","3","4","6","01","07","3","1","2","0","1","1","0"
"POINT (7.129600760000074 50.750627839000060)","Unfall 233797 (2019) Kat:3, Licht: 0","233797","3","2","2","01","14","3","0","0","1","1","0","0"
"POINT (7.069573865000052 50.724939383000049)","Unfall 233798 (2019) Kat:3, Licht: 0","233798","3","6","2","01","11","3","0","0","0","1","0","0"
"POINT (7.151369700000032 50.682048984000062)","Unfall 233807 (2019) Kat:3, Licht: 0","233807","3","3","5","01","15","6","0","0","1","1","0","0"
"POINT (7.150698504000047 50.743184690000078)","Unfall 233808 (2019) Kat:2, Licht: 0","233808","2","7","0","01","10","6","0","0","0","0","0","0"
"POINT (7.109727171000031 50.728295298000035)","Unfall 233809 (2019) Kat:3, Licht: 0","233809","3","2","2","01","13","6","0","0","0","1","0","0"
"POINT (7.109338019000063 50.720476567000048)","Unfall 233810 (2019) Kat:3, Licht: 1","233810","3","2","5","01","08","6","0","1","1","1","0","0"
"POINT (7.151182836000032 50.678811682000060)","Unfall 233873 (2019) Kat:3, Licht: 2","233873","3","6","4","01","19","5","1","2","0","1","0","0"
"POINT (7.035774573000026 50.711709871000039)","Unfall 233874 (2019) Kat:2, Licht: 2","233874","2","6","6","01","19","5","0","2","0","0","1","1"
"POINT (7.145227955000053 50.692668801000082)","Unfall 233922 (2019) Kat:3, Licht: 0","233922","3","7","5","01","16","4","0","0","1","1","0","0"
"POINT (7.173852301000068 50.674103806000062)","Unfall 233967 (2019) Kat:3, Licht: 2","233967","3","2","5","01","19","3","0","2","0","1","0","0"
"POINT (7.154979257000036 50.688998870000034)","Unfall 233968 (2019) Kat:3, Licht: 0","233968","3","3","5","01","13","3","0","0","1","1","0","0"
"POINT (7.054198151000037 50.748445007000043)","Unfall 234020 (2019) Kat:3, Licht: 0","234020","3","4","6","01","08","2","0","0","0","1","1","0"
"POINT (7.075175960000024 50.756265538000036)","Unfall 234210 (2019) Kat:3, Licht: 0","234210","3","7","5","01","11","2","1","0","0","1","0","0"
"POINT (7.159700254000029 50.686428244000069)","Unfall 234279 (2019) Kat:3, Licht: 2","234279","3","1","0","01","01","7","1","2","1","0","0","0"
"POINT (7.117192959000022 50.736610936000034)","Unfall 234280 (2019) Kat:3, Licht: 0","234280","3","2","5","01","10","7","0","0","1","1","0","0"
"POINT (7.092487552000023 50.720391502000041)","Unfall 234281 (2019) Kat:2, Licht: 0","234281","2","3","5","01","12","7","1","0","1","1","0","0"
"POINT (7.065412313000024 50.736803276000046)","Unfall 234282 (2019) Kat:3, Licht: 0","234282","3","3","5","01","09","7","1","0","0","1","0","1"
"POINT (7.041880152000033 50.711339053000074)","Unfall 234390 (2019) Kat:3, Licht: 2","234390","3","6","3","02","19","1","0","2","0","1","0","0"
"POINT (7.145129265000037 50.755655367000031)","Unfall 234420 (2019) Kat:3, Licht: 2","234420","3","6","2","02","23","7","1","2","0","1","0","0"
"POINT (7.132204450000074 50.730100319000030)","Unfall 234421 (2019) Kat:2, Licht: 2","234421","2","5","0","02","19","7","1","2","1","1","0","0"
"POINT (7.075101680000046 50.756306263000056)","Unfall 234478 (2019) Kat:2, Licht: 0","234478","2","2","5","02","11","6","1","0","0","1","0","0"
"POINT (7.118987969000045 50.741154698000059)","Unfall 234540 (2019) Kat:3, Licht: 2","234540","3","5","1","01","18","5","1","2","1","1","0","0"
"POINT (7.050772529000028 50.744897757000047)","Unfall 234541 (2019) Kat:3, Licht: 0","234541","3","6","2","01","09","5","2","0","0","1","0","0"
"POINT (7.062595923000060 50.747075427000027)","Unfall 234542 (2019) Kat:3, Licht: 1","234542","3","6","2","01","07","5","2","1","0","1","0","0"
"POINT (7.075201942000035 50.725797150000062)","Unfall 234543 (2019) Kat:3, Licht: 0","234543","3","4","6","01","11","5","2","0","1","0","1","0"
"POINT (7.115069238000046 50.709990087000051)","Unfall 234544 (2019) Kat:3, Licht: 0","234544","3","2","1","01","07","5","2","0","0","1","0","0"
"POINT (7.158842446000051 50.682221293000055)","Unfall 234567 (2019) Kat:3, Licht: 0","234567","3","3","5","02","11","2","0","0","0","1","0","0"
"POINT (7.051859067000066 50.702260232000071)","Unfall 234568 (2019) Kat:3, Licht: 0","234568","3","7","6","02","13","2","1","0","0","0","1","0"
"POINT (7.093959299000062 50.723061319000067)","Unfall 234569 (2019) Kat:3, Licht: 0","234569","3","3","5","02","15","2","0","0","1","1","0","0"
"POINT (7.149590299000067 50.689680255000042)","Unfall 234667 (2019) Kat:3, Licht: 1","234667","3","6","1","02","18","6","0","1","0","1","0","0"
"POINT (7.074807434000036 50.726602863000039)","Unfall 234670 (2019) Kat:3, Licht: 0","234670","3","5","0","02","14","6","0","0","0","1","0","0"
"POINT (7.088820950000070 50.752954592000037)","Unfall 234672 (2019) Kat:2, Licht: 0","234672","2","2","4","02","11","6","1","0","0","1","0","0"
"POINT (7.060627913000076 50.702827580000076)","Unfall 234724 (2019) Kat:3, Licht: 0","234724","3","7","5","02","16","5","0","0","1","1","0","0"
"POINT (7.151938738000069 50.692941832000031)","Unfall 234768 (2019) Kat:3, Licht: 2","234768","3","4","6","02","20","4","0","2","0","1","1","0"
"POINT (7.124831044000075 50.713823363000074)","Unfall 234769 (2019) Kat:3, Licht: 0","234769","3","6","2","02","09","4","0","0","0","1","0","0"
"POINT (7.105069029000049 50.717016615000034)","Unfall 234770 (2019) Kat:3, Licht: 0","234770","3","3","2","02","13","4","0","0","1","1","0","0"
"POINT (7.034308175000035 50.705224880000060)","Unfall 234844 (2019) Kat:3, Licht: 0","234844","3","3","5","02","11","6","0","0","0","1","0","0"
"POINT (7.143829628000049 50.722344578000047)","Unfall 234845 (2019) Kat:2, Licht: 0","234845","2","6","2","02","14","6","0","0","0","1","0","0"
"POINT (7.109302892000073 50.707532690000050)","Unfall 234846 (2019) Kat:3, Licht: 0","234846","3","2","5","02","12","6","0","0","0","1","0","0"
"POINT (7.120245221000062 50.739800942000045)","Unfall 234929 (2019) Kat:3, Licht: 2","234929","3","7","6","02","18","5","0","2","0","1","1","0"
"POINT (7.067793263000056 50.732265502000075)","Unfall 234930 (2019) Kat:2, Licht: 0","234930","2","7","0","02","11","5","0","0","0","0","0","0"
"POINT (7.166834742000049 50.674193488000071)","Unfall 234997 (2019) Kat:3, Licht: 0","234997","3","7","0","02","16","4","0","0","0","0","1","0"
"POINT (7.162799065000058 50.683176038000056)","Unfall 235056 (2019) Kat:3, Licht: 2","235056","3","5","1","02","19","3","0","2","1","1","0","0"
"POINT (7.129339020000032 50.703753038000059)","Unfall 235057 (2019) Kat:3, Licht: 0","235057","3","7","0","02","16","3","0","0","0","0","0","1"
"POINT (7.088723493000032 50.742037896000056)","Unfall 235059 (2019) Kat:3, Licht: 0","235059","3","5","1","02","08","3","1","0","1","1","0","0"
"POINT (7.098013188000039 50.735816479000050)","Unfall 235112 (2019) Kat:3, Licht: 0","235112","3","6","6","02","12","3","0","0","0","1","1","0"
"POINT (7.107340600000043 50.708698762000040)","Unfall 235113 (2019) Kat:3, Licht: 0","235113","3","2","5","02","09","3","0","0","1","1","0","0"
"POINT (7.152766634000045 50.685257933000059)","Unfall 235282 (2019) Kat:3, Licht: 0","235282","3","4","6","02","13","7","0","0","1","0","1","0"
"POINT (7.134298069000067 50.694205560000057)","Unfall 235283 (2019) Kat:3, Licht: 0","235283","3","7","0","02","13","7","0","0","0","0","0","0"
"POINT (7.137029447000032 50.740334172000075)","Unfall 235284 (2019) Kat:3, Licht: 0","235284","3","3","5","02","14","7","0","0","0","1","0","0"
"POINT (7.107527843000071 50.736228736000044)","Unfall 235286 (2019) Kat:3, Licht: 0","235286","3","6","2","02","15","7","0","0","1","0","0","0"
"POINT (7.099605838000059 50.730648334000080)","Unfall 235287 (2019) Kat:3, Licht: 0","235287","3","1","0","02","11","7","0","0","1","0","0","0"
"POINT (7.095111826000050 50.734867907000080)","Unfall 235288 (2019) Kat:3, Licht: 0","235288","3","5","1","02","13","7","0","0","0","1","0","0"
"POINT (7.073402681000061 50.742703786000050)","Unfall 235362 (2019) Kat:3, Licht: 0","235362","3","3","5","02","14","1","0","0","1","1","0","0"
"POINT (7.096021692000022 50.719521375000056)","Unfall 235363 (2019) Kat:3, Licht: 0","235363","3","2","6","02","11","1","0","0","0","1","1","0"
"POINT (7.151965125000061 50.702256683000030)","Unfall 235398 (2019) Kat:3, Licht: 2","235398","3","7","0","02","23","7","0","2","1","0","0","0"
"POINT (7.168154550000054 50.685627234000037)","Unfall 235399 (2019) Kat:3, Licht: 0","235399","3","4","6","02","17","7","0","0","0","1","1","0"
"POINT (7.159686160000035 50.689453205000063)","Unfall 235400 (2019) Kat:3, Licht: 0","235400","3","3","5","02","14","7","0","0","1","1","0","0"
"POINT (7.150182967000035 50.692298919000052)","Unfall 235458 (2019) Kat:2, Licht: 0","235458","2","1","0","02","13","6","0","0","1","0","0","0"
"POINT (7.149096483000051 50.730147469000030)","Unfall 235459 (2019) Kat:3, Licht: 0","235459","3","1","0","02","08","6","1","0","1","0","0","0"
"POINT (7.099818354000036 50.745213512000078)","Unfall 235460 (2019) Kat:3, Licht: 0","235460","3","7","0","02","10","6","0","0","0","0","0","0"
"POINT (7.101664095000047 50.700385049000033)","Unfall 235461 (2019) Kat:3, Licht: 1","235461","3","3","5","02","05","6","1","1","1","1","0","0"
"POINT (7.159788581000044 50.681875116000072)","Unfall 235511 (2019) Kat:3, Licht: 2","235511","3","2","5","02","18","5","1","2","1","1","0","0"
"POINT (7.161905430000047 50.694719268000028)","Unfall 235512 (2019) Kat:3, Licht: 0","235512","3","6","2","02","15","5","1","0","0","1","0","0"
"POINT (7.084320946000048 50.754958075000047)","Unfall 235513 (2019) Kat:3, Licht: 0","235513","3","5","1","02","17","5","1","0","1","1","0","0"
"POINT (7.159819088000063 50.681879678000030)","Unfall 235574 (2019) Kat:3, Licht: 0","235574","3","2","4","02","17","4","0","0","0","1","0","1"
"POINT (7.139821177000044 50.696676028000070)","Unfall 235575 (2019) Kat:3, Licht: 0","235575","3","2","3","02","16","4","0","0","1","1","0","0"
"POINT (7.073734055000045 50.754506147000029)","Unfall 235599 (2019) Kat:3, Licht: 0","235599","3","6","1","02","11","5","0","0","1","1","0","0"
"POINT (7.093133150000028 50.699085576000073)","Unfall 235661 (2019) Kat:3, Licht: 0","235661","3","6","3","02","17","4","0","0","1","0","0","0"
"POINT (7.102006469000060 50.713140651000060)","Unfall 235662 (2019) Kat:3, Licht: 0","235662","3","6","4","02","09","4","0","0","0","1","0","1"
"POINT (7.150113361000024 50.692046767000079)","Unfall 235745 (2019) Kat:3, Licht: 0","235745","3","6","2","02","16","3","0","0","0","1","0","0"
"POINT (7.136323401000027 50.697683491000078)","Unfall 235746 (2019) Kat:3, Licht: 0","235746","3","5","0","02","10","3","0","0","1","1","0","0"
"POINT (7.127684751000061 50.764257876000045)","Unfall 235747 (2019) Kat:3, Licht: 0","235747","3","2","4","02","17","3","0","0","0","1","0","1"
"POINT (7.117122158000029 50.738619670000048)","Unfall 235748 (2019) Kat:2, Licht: 0","235748","2","4","6","02","11","3","0","0","1","0","1","0"
"POINT (7.103132532000075 50.738113314000032)","Unfall 235749 (2019) Kat:3, Licht: 0","235749","3","3","5","02","15","3","0","0","1","1","0","0"
"POINT (7.109916268000063 50.712805998000078)","Unfall 235750 (2019) Kat:3, Licht: 0","235750","3","5","1","02","15","3","0","0","1","0","0","0"
"POINT (7.071047286000066 50.757767770000044)","Unfall 235751 (2019) Kat:3, Licht: 0","235751","3","3","2","02","08","3","0","0","0","1","0","1"
"POINT (7.121126068000024 50.716190904000030)","Unfall 235822 (2019) Kat:3, Licht: 2","235822","3","6","2","02","20","2","0","2","0","1","0","0"
"POINT (7.173258195000074 50.672670315000062)","Unfall 235823 (2019) Kat:3, Licht: 0","235823","3","6","2","02","13","2","0","0","0","1","0","0"
"POINT (7.188145789000032 50.670713081000031)","Unfall 235824 (2019) Kat:3, Licht: 0","235824","3","3","5","02","09","2","0","0","1","0","0","0"
"POINT (7.049539389000074 50.739762573000064)","Unfall 235826 (2019) Kat:2, Licht: 0","235826","2","3","5","02","07","2","0","0","1","1","0","0"
"POINT (7.146150866000028 50.756393162000052)","Unfall 235897 (2019) Kat:3, Licht: 0","235897","3","3","5","03","13","4","0","0","0","1","0","0"
"POINT (7.098368877000041 50.748641011000075)","Unfall 235947 (2019) Kat:3, Licht: 0","235947","3","7","0","03","17","3","0","0","0","0","0","0"
"POINT (7.131905420000066 50.746640159000037)","Unfall 235975 (2019) Kat:3, Licht: 0","235975","3","7","0","03","16","2","0","0","1","0","1","0"
"POINT (7.097557102000053 50.736697520000064)","Unfall 235976 (2019) Kat:3, Licht: 1","235976","3","2","6","03","18","2","1","1","0","0","1","0"
"POINT (7.067001228000038 50.730134679000059)","Unfall 236001 (2019) Kat:3, Licht: 1","236001","3","7","0","03","18","1","0","1","1","0","1","0"
"POINT (7.139343074000067 50.696417476000079)","Unfall 236028 (2019) Kat:2, Licht: 0","236028","2","2","3","03","13","7","0","0","1","1","0","0"
"POINT (7.122082681000052 50.732447539000077)","Unfall 236029 (2019) Kat:3, Licht: 0","236029","3","5","1","03","13","7","0","0","1","1","0","0"
"POINT (7.062149245000057 50.754729737000048)","Unfall 236030 (2019) Kat:3, Licht: 2","236030","3","7","0","03","20","7","0","2","1","0","0","0"
"POINT (7.148867468000049 50.690382718000080)","Unfall 236069 (2019) Kat:3, Licht: 2","236069","3","3","5","03","21","6","1","2","1","1","0","0"
"POINT (7.055342240000073 50.697688345000074)","Unfall 236123 (2019) Kat:3, Licht: 0","236123","3","6","6","03","16","5","0","0","0","1","1","0"
"POINT (7.097500794000041 50.732307637000076)","Unfall 236124 (2019) Kat:3, Licht: 0","236124","3","6","0","03","09","5","1","0","0","0","0","0"
"POINT (7.121415447000061 50.738060868000048)","Unfall 236158 (2019) Kat:3, Licht: 0","236158","3","7","6","03","10","3","0","0","0","0","1","0"
"POINT (7.117698110000049 50.735594103000039)","Unfall 236159 (2019) Kat:3, Licht: 2","236159","3","7","0","03","20","3","0","2","1","0","1","0"
"POINT (7.038359472000025 50.747527320000074)","Unfall 236161 (2019) Kat:3, Licht: 0","236161","3","7","3","03","07","3","0","0","0","1","0","0"
"POINT (7.095141554000065 50.731984018000048)","Unfall 236162 (2019) Kat:3, Licht: 0","236162","3","4","6","03","07","3","0","0","0","1","1","0"
"POINT (7.094728460000056 50.753003138000054)","Unfall 236163 (2019) Kat:3, Licht: 2","236163","3","6","3","03","19","3","0","2","1","1","0","0"
"POINT (7.095388025000034 50.736066589000075)","Unfall 236284 (2019) Kat:3, Licht: 2","236284","3","2","6","03","19","7","1","2","0","0","1","0"
"POINT (7.159850652000046 50.681852780000042)","Unfall 236330 (2019) Kat:3, Licht: 0","236330","3","3","5","03","14","6","0","0","0","1","0","0"
"POINT (7.154202801000054 50.749329141000032)","Unfall 236332 (2019) Kat:3, Licht: 0","236332","3","5","3","03","13","6","0","0","0","1","0","1"
"POINT (7.108770985000035 50.711971570000060)","Unfall 236334 (2019) Kat:3, Licht: 0","236334","3","7","0","03","14","6","0","0","0","0","0","0"
"POINT (7.102005457000075 50.732421397000053)","Unfall 236335 (2019) Kat:3, Licht: 0","236335","3","4","6","03","15","6","0","0","0","1","1","0"
"POINT (7.141999469000041 50.693978194000067)","Unfall 236383 (2019) Kat:3, Licht: 0","236383","3","3","0","03","14","2","1","0","1","1","0","0"
"POINT (7.152297871000030 50.702349181000045)","Unfall 236470 (2019) Kat:3, Licht: 0","236470","3","7","0","03","15","6","1","0","0","0","1","0"
"POINT (7.080275127000050 50.723057609000080)","Unfall 236473 (2019) Kat:3, Licht: 1","236473","3","2","5","03","08","6","1","1","1","1","0","0"
"POINT (7.080881775000023 50.752954255000077)","Unfall 236474 (2019) Kat:3, Licht: 0","236474","3","6","2","03","07","6","1","0","0","1","0","0"
"POINT (7.045949824000047 50.749886669000034)","Unfall 236475 (2019) Kat:3, Licht: 0","236475","3","4","6","03","16","6","1","0","0","1","1","0"
"POINT (7.156927709000058 50.682936811000047)","Unfall 236531 (2019) Kat:3, Licht: 2","236531","3","2","6","03","19","5","1","2","0","1","1","0"
"POINT (7.158175573000051 50.683631837000064)","Unfall 236532 (2019) Kat:3, Licht: 0","236532","3","6","2","03","12","5","1","0","0","1","0","1"
"POINT (7.136835579000035 50.695358887000054)","Unfall 236533 (2019) Kat:3, Licht: 0","236533","3","2","4","03","09","5","1","0","0","1","0","0"
"POINT (7.168030644000055 50.673474529000032)","Unfall 236534 (2019) Kat:2, Licht: 0","236534","2","7","6","03","07","5","1","0","1","1","1","0"
"POINT (7.169341126000063 50.684358613000029)","Unfall 236684 (2019) Kat:3, Licht: 0","236684","3","3","5","03","09","5","0","0","1","1","0","0"
"POINT (7.113059687000032 50.745103407000045)","Unfall 236685 (2019) Kat:3, Licht: 0","236685","3","7","0","03","17","5","0","0","1","0","1","0"
"POINT (7.174478745000045 50.666881024000077)","Unfall 236759 (2019) Kat:2, Licht: 0","236759","2","4","6","03","16","4","0","0","0","1","1","0"
"POINT (7.157383425000035 50.682763304000048)","Unfall 236760 (2019) Kat:3, Licht: 0","236760","3","3","5","03","15","4","0","0","1","1","0","0"
"POINT (7.069265857000062 50.714701759000036)","Unfall 236761 (2019) Kat:3, Licht: 2","236761","3","2","5","03","19","4","0","2","0","1","0","1"
"POINT (7.160974129000067 50.751332019000074)","Unfall 236762 (2019) Kat:3, Licht: 0","236762","3","2","1","03","12","4","0","0","1","0","0","0"
"POINT (7.051422826000021 50.736003090000054)","Unfall 236763 (2019) Kat:2, Licht: 2","236763","2","2","6","03","20","4","0","2","0","1","1","0"
"POINT (7.107299144000024 50.727536589000067)","Unfall 236764 (2019) Kat:3, Licht: 0","236764","3","5","1","03","16","4","0","0","1","1","0","0"
"POINT (7.093611734000035 50.753863947000070)","Unfall 236765 (2019) Kat:3, Licht: 0","236765","3","2","5","03","07","4","0","0","1","1","0","0"
"POINT (7.144326876000037 50.707018715000061)","Unfall 236816 (2019) Kat:3, Licht: 0","236816","3","7","6","03","11","3","0","0","0","1","1","0"
"POINT (7.097865631000047 50.721225659000027)","Unfall 236817 (2019) Kat:3, Licht: 0","236817","3","3","5","03","13","3","0","0","1","1","0","0"
"POINT (7.042318988000034 50.748249987000065)","Unfall 236818 (2019) Kat:2, Licht: 0","236818","2","7","0","03","17","3","0","0","0","1","0","0"
"POINT (7.157921841000075 50.692586300000073)","Unfall 236918 (2019) Kat:3, Licht: 0","236918","3","3","5","03","18","3","0","0","0","1","0","0"
"POINT (7.095101026000066 50.734793549000074)","Unfall 236919 (2019) Kat:3, Licht: 1","236919","3","1","0","03","19","3","0","1","1","0","0","0"
"POINT (7.067836128000067 50.726597642000058)","Unfall 236973 (2019) Kat:3, Licht: 0","236973","3","2","0","03","15","2","0","0","1","1","0","0"
"POINT (7.116282078000040 50.738448130000052)","Unfall 237059 (2019) Kat:3, Licht: 2","237059","3","3","5","03","22","7","0","2","1","0","0","1"
"POINT (7.148867468000049 50.690382718000080)","Unfall 237112 (2019) Kat:3, Licht: 0","237112","3","3","5","03","11","6","0","0","1","0","0","0"
"POINT (7.097793825000053 50.732233236000070)","Unfall 237115 (2019) Kat:3, Licht: 0","237115","3","4","6","03","10","6","0","0","0","0","1","0"
"POINT (7.121354785000051 50.712667608000061)","Unfall 237261 (2019) Kat:2, Licht: 0","237261","2","7","0","03","15","6","0","0","0","0","0","1"
"POINT (7.153770162000058 50.681860535000055)","Unfall 237262 (2019) Kat:2, Licht: 0","237262","2","7","3","03","13","6","0","0","1","1","0","0"
"POINT (7.139343074000067 50.696417476000079)","Unfall 237337 (2019) Kat:3, Licht: 0","237337","3","2","0","03","17","5","0","0","1","1","0","0"
"POINT (7.115360745000032 50.703557550000028)","Unfall 237338 (2019) Kat:3, Licht: 0","237338","3","5","1","03","17","5","0","0","1","1","0","0"
"POINT (7.158222062000050 50.680189829000028)","Unfall 237390 (2019) Kat:3, Licht: 0","237390","3","4","6","03","14","4","0","0","0","1","1","0"
"POINT (7.149921909000057 50.692197077000060)","Unfall 237391 (2019) Kat:3, Licht: 0","237391","3","7","6","03","07","4","0","0","0","1","1","0"
"POINT (7.055138283000076 50.720329217000028)","Unfall 237392 (2019) Kat:3, Licht: 0","237392","3","3","0","03","09","4","0","0","1","1","0","0"
"POINT (7.154336734000026 50.682608454000047)","Unfall 237414 (2019) Kat:3, Licht: 0","237414","3","3","5","04","12","5","1","0","1","1","0","0"
"POINT (7.089830899000049 50.752006195000035)","Unfall 237416 (2019) Kat:3, Licht: 2","237416","3","6","2","04","20","5","1","2","0","1","0","0"
"POINT (7.088575946000049 50.741439682000077)","Unfall 237417 (2019) Kat:3, Licht: 0","237417","3","6","1","04","12","5","1","0","0","1","0","0"