WKT,Name,OBJECTID,UKATEGORIE,UTYP1,UART,UMONAT,USTUNDE,UWOCHENTAG,STRZUSTAND,ULICHTVERH,ISTRAD,ISTPKW,ISTFUSS,ISTKRAD
"POINT (7.098074934000067 50.732142899000053)","Unfall 237418 (2019) Kat:3, Licht: 0","237418","3","4","0","04","12","5","1","0","0","0","1","1"
"POINT (7.150689007000040 50.692477966000070)","Unfall 237482 (2019) Kat:3, Licht: 0","237482","3","2","2","04","08","4","1","0","0","1","0","0"
"POINT (7.045218581000029 50.715839043000074)","Unfall 237484 (2019) Kat:3, Licht: 0","237484","3","2","3","04","11","4","0","0","0","1","0","0"
"POINT (7.069312665000041 50.713729353000076)","Unfall 237485 (2019) Kat:3, Licht: 0","237485","3","7","0","04","08","4","0","0","1","1","0","0"
"POINT (7.041663910000068 50.746778640000059)","Unfall 237486 (2019) Kat:3, Licht: 0","237486","3","3","5","04","15","4","0","0","0","1","0","0"
"POINT (7.111359507000032 50.705211563000034)","Unfall 237487 (2019) Kat:3, Licht: 0","237487","3","4","6","04","10","4","1","0","1","0","1","0"
"POINT (7.030300913000076 50.693376977000071)","Unfall 237614 (2019) Kat:3, Licht: 0","237614","3","3","5","04","08","2","0","0","0","1","0","1"
"POINT (7.116482801000075 50.746159798000065)","Unfall 237615 (2019) Kat:3, Licht: 0","237615","3","5","0","04","07","2","0","0","1","1","0","0"
"POINT (7.080635347000055 50.757088569000075)","Unfall 237616 (2019) Kat:3, Licht: 0","237616","3","4","6","04","12","2","0","0","0","0","1","0"
"POINT (7.098588002000042 50.735753381000052)","Unfall 237770 (2019) Kat:2, Licht: 0","237770","2","6","6","04","18","1","0","0","0","0","1","0"
"POINT (7.046874741000067 50.740323185000079)","Unfall 237771 (2019) Kat:2, Licht: 0","237771","2","1","8","04","17","1","0","0","0","1","0","0"
"POINT (7.045192851000024 50.717654666000044)","Unfall 237880 (2019) Kat:3, Licht: 0","237880","3","6","6","04","15","6","0","0","0","1","1","0"
"POINT (7.050147039000024 50.715825657000039)","Unfall 237919 (2019) Kat:3, Licht: 0","237919","3","7","0","04","11","7","0","0","1","1","0","0"
"POINT (7.054026037000028 50.748527453000065)","Unfall 237920 (2019) Kat:2, Licht: 0","237920","2","7","0","04","15","7","0","0","1","0","0","0"
"POINT (7.114856546000056 50.715423641000029)","Unfall 237921 (2019) Kat:2, Licht: 0","237921","2","2","0","04","09","7","0","0","0","1","0","1"
"POINT (7.163257292000026 50.680318646000046)","Unfall 237972 (2019) Kat:3, Licht: 0","237972","3","6","2","04","11","6","0","0","0","1","0","0"
"POINT (7.146875736000027 50.691818558000080)","Unfall 238022 (2019) Kat:3, Licht: 0","238022","3","6","2","04","18","5","0","0","0","1","0","1"
"POINT (7.163685453000028 50.677356321000048)","Unfall 238023 (2019) Kat:3, Licht: 0","238023","3","4","6","04","15","5","0","0","0","1","1","0"
"POINT (7.058275416000072 50.735694502000058)","Unfall 238025 (2019) Kat:3, Licht: 2","238025","3","2","6","04","21","5","0","2","0","1","1","0"
"POINT (7.117869889000076 50.741019203000064)","Unfall 238089 (2019) Kat:3, Licht: 0","238089","3","3","5","04","11","4","0","0","0","1","0","0"
"POINT (7.091956310000057 50.741466280000054)","Unfall 238090 (2019) Kat:3, Licht: 0","238090","3","5","1","04","12","4","0","0","1","1","0","0"
"POINT (7.088444350000032 50.741161724000051)","Unfall 238091 (2019) Kat:3, Licht: 0","238091","3","6","2","04","16","4","0","0","0","1","0","0"
"POINT (7.064068185000053 50.710966350000035)","Unfall 238159 (2019) Kat:3, Licht: 0","238159","3","6","1","04","15","3","0","0","0","1","0","0"
"POINT (7.068895203000068 50.705242433000080)","Unfall 238161 (2019) Kat:3, Licht: 2","238161","3","7","7","04","05","3","0","2","1","0","0","0"
"POINT (7.059084632000065 50.699592502000030)","Unfall 238162 (2019) Kat:3, Licht: 0","238162","3","4","6","04","17","3","1","0","0","0","1","1"
"POINT (7.065452889000028 50.723245300000031)","Unfall 238165 (2019) Kat:3, Licht: 0","238165","3","3","5","04","16","3","1","0","0","1","0","0"
"POINT (7.108285451000029 50.720676747000027)","Unfall 238166 (2019) Kat:3, Licht: 0","238166","3","2","5","04","09","3","0","0","1","1","0","0"
"POINT (7.076900760000058 50.750834908000058)","Unfall 238169 (2019) Kat:3, Licht: 0","238169","3","2","5","04","07","3","0","0","0","1","0","0"
"POINT (7.098690113000032 50.722268134000046)","Unfall 238226 (2019) Kat:3, Licht: 0","238226","3","3","5","04","09","4","1","0","1","1","0","0"
"POINT (7.154313694000052 50.682596386000057)","Unfall 238335 (2019) Kat:3, Licht: 0","238335","3","6","6","04","15","2","0","0","1","0","1","0"
"POINT (7.137614404000033 50.681773433000046)","Unfall 238389 (2019) Kat:3, Licht: 0","238389","3","7","0","04","16","1","0","0","0","0","0","0"
"POINT (7.173626113000069 50.670310018000066)","Unfall 238393 (2019) Kat:3, Licht: 2","238393","3","1","8","04","01","1","0","2","1","0","0","0"
"POINT (7.097878246000050 50.737660894000044)","Unfall 238394 (2019) Kat:3, Licht: 0","238394","3","1","0","04","15","1","0","0","1","0","0","0"
"POINT (7.169738870000060 50.683767899000031)","Unfall 238427 (2019) Kat:3, Licht: 0","238427","3","4","6","04","19","5","0","0","0","1","1","0"
"POINT (7.030487908000055 50.712544136000076)","Unfall 238430 (2019) Kat:3, Licht: 0","238430","3","6","2","04","11","5","0","0","0","1","0","0"
"POINT (7.106166006000024 50.729438584000036)","Unfall 238431 (2019) Kat:3, Licht: 0","238431","3","3","5","04","17","5","0","0","1","1","0","0"
"POINT (7.097733999000070 50.729827260000036)","Unfall 238432 (2019) Kat:3, Licht: 0","238432","3","4","0","04","12","5","0","0","0","1","1","0"
"POINT (7.069930090000071 50.731234373000063)","Unfall 238434 (2019) Kat:3, Licht: 0","238434","3","2","2","04","08","5","0","0","0","1","0","1"
"POINT (7.051209904000075 50.716370741000048)","Unfall 238452 (2019) Kat:3, Licht: 0","238452","3","2","5","04","14","3","0","0","1","1","0","0"
"POINT (7.046601163000048 50.739370723000036)","Unfall 238454 (2019) Kat:2, Licht: 0","238454","2","3","5","04","16","3","0","0","0","1","0","1"
"POINT (7.126070372000072 50.719742380000071)","Unfall 238509 (2019) Kat:3, Licht: 0","238509","3","6","3","04","14","2","0","0","1","0","0","0"
"POINT (7.101434447000031 50.699362927000038)","Unfall 238510 (2019) Kat:3, Licht: 0","238510","3","1","8","04","14","2","0","0","0","1","0","0"
"POINT (7.134261155000047 50.713401233000070)","Unfall 238543 (2019) Kat:3, Licht: 0","238543","3","6","2","04","16","1","0","0","0","1","0","1"
"POINT (7.074995514000023 50.742764430000079)","Unfall 238586 (2019) Kat:3, Licht: 0","238586","3","3","5","04","20","7","0","0","1","1","0","0"
"POINT (7.078547214000025 50.728167832000054)","Unfall 238587 (2019) Kat:3, Licht: 0","238587","3","7","0","04","19","7","0","0","0","1","0","0"
"POINT (7.164563560000033 50.691744698000036)","Unfall 238641 (2019) Kat:3, Licht: 0","238641","3","1","0","04","10","6","0","0","1","0","0","0"
"POINT (7.065969760000030 50.745213278000051)","Unfall 238768 (2019) Kat:3, Licht: 0","238768","3","4","6","04","16","6","0","0","0","1","1","0"
"POINT (7.139842969000029 50.696684823000055)","Unfall 238822 (2019) Kat:3, Licht: 0","238822","3","1","0","04","07","5","0","0","1","0","0","0"
"POINT (7.096524211000030 50.722613694000074)","Unfall 238823 (2019) Kat:3, Licht: 0","238823","3","3","5","04","15","5","0","0","0","1","0","0"
"POINT (7.104177992000075 50.734216533000051)","Unfall 238824 (2019) Kat:3, Licht: 0","238824","3","3","1","04","08","5","1","0","1","0","0","1"
"POINT (7.174870950000070 50.750046628000064)","Unfall 238892 (2019) Kat:3, Licht: 0","238892","3","3","5","04","13","4","0","0","1","1","0","0"
"POINT (7.159850652000046 50.681852780000042)","Unfall 239044 (2019) Kat:3, Licht: 0","239044","3","2","5","04","08","3","0","0","1","1","0","0"
"POINT (7.144960130000072 50.706728955000074)","Unfall 239045 (2019) Kat:3, Licht: 0","239045","3","6","1","04","19","3","0","0","0","1","0","0"
"POINT (7.152154806000056 50.682012944000064)","Unfall 239046 (2019) Kat:3, Licht: 0","239046","3","7","4","04","15","3","0","0","1","1","0","0"
"POINT (7.142667927000048 50.692414172000042)","Unfall 239047 (2019) Kat:3, Licht: 0","239047","3","2","9","04","12","3","0","0","0","0","0","1"
"POINT (7.074678123000069 50.727324574000079)","Unfall 239048 (2019) Kat:3, Licht: 0","239048","3","6","2","04","16","3","0","0","0","1","0","0"
"POINT (7.100066525000045 50.740647218000049)","Unfall 239129 (2019) Kat:3, Licht: 0","239129","3","3","5","04","08","2","0","0","1","1","0","0"
"POINT (7.062421810000046 50.747112755000046)","Unfall 239290 (2019) Kat:3, Licht: 0","239290","3","6","2","05","12","1","1","0","0","1","0","0"
"POINT (7.060995470000023 50.747434983000062)","Unfall 239313 (2019) Kat:3, Licht: 0","239313","3","7","0","05","14","7","0","0","0","0","0","0"
"POINT (7.158160951000070 50.685480908000045)","Unfall 239369 (2019) Kat:3, Licht: 0","239369","3","4","6","05","10","6","0","0","0","0","1","0"
"POINT (7.065787634000060 50.745675619000053)","Unfall 239370 (2019) Kat:3, Licht: 0","239370","3","6","2","05","08","6","0","0","0","1","0","0"
"POINT (7.074782446000029 50.742750822000062)","Unfall 239454 (2019) Kat:3, Licht: 0","239454","3","6","2","05","15","5","0","0","0","1","0","0"
"POINT (7.109578912000075 50.709186559000045)","Unfall 239495 (2019) Kat:3, Licht: 2","239495","3","1","0","05","01","7","1","2","1","0","0","0"
"POINT (7.030695358000060 50.710965118000047)","Unfall 239501 (2019) Kat:3, Licht: 0","239501","3","6","2","05","15","6","0","0","0","1","0","0"
"POINT (7.041677261000075 50.722809380000058)","Unfall 239502 (2019) Kat:3, Licht: 0","239502","3","6","6","05","13","6","0","0","0","1","1","0"
"POINT (7.067348883000022 50.747184151000056)","Unfall 239504 (2019) Kat:3, Licht: 0","239504","3","6","4","05","14","6","0","0","0","1","0","0"
"POINT (7.048073014000067 50.737223675000052)","Unfall 239506 (2019) Kat:3, Licht: 0","239506","3","4","6","05","14","6","0","0","0","1","1","0"
"POINT (7.070316233000028 50.726911079000047)","Unfall 239578 (2019) Kat:3, Licht: 0","239578","3","7","6","05","11","5","0","0","0","1","1","0"
"POINT (7.168754517000025 50.660419384000079)","Unfall 239652 (2019) Kat:3, Licht: 0","239652","3","7","6","05","16","4","1","0","0","1","1","0"
"POINT (7.125490695000053 50.739967235000051)","Unfall 239653 (2019) Kat:3, Licht: 0","239653","3","1","0","05","17","4","1","0","1","0","0","0"
"POINT (7.133198550000031 50.737426591000030)","Unfall 239654 (2019) Kat:3, Licht: 0","239654","3","1","2","05","08","4","0","0","0","1","0","1"
"POINT (7.161993244000030 50.698785076000036)","Unfall 239712 (2019) Kat:3, Licht: 0","239712","3","3","5","05","18","3","0","0","0","1","0","0"
"POINT (7.057067680000046 50.718401119000077)","Unfall 239713 (2019) Kat:3, Licht: 0","239713","3","6","3","05","07","3","0","0","1","1","0","0"
"POINT (7.041696140000056 50.746825994000062)","Unfall 239714 (2019) Kat:3, Licht: 0","239714","3","3","5","05","15","3","0","0","0","1","0","0"
"POINT (7.148870211000030 50.721015598000065)","Unfall 239795 (2019) Kat:3, Licht: 0","239795","3","3","5","05","07","3","0","0","0","1","0","1"
"POINT (7.107441234000021 50.736217749000048)","Unfall 239796 (2019) Kat:3, Licht: 0","239796","3","2","2","05","16","3","0","0","0","1","0","0"
"POINT (7.095658049000065 50.736323042000038)","Unfall 239798 (2019) Kat:3, Licht: 0","239798","3","1","8","05","14","3","0","0","0","0","0","1"
"POINT (7.100297400000045 50.716720507000048)","Unfall 239799 (2019) Kat:3, Licht: 0","239799","3","7","0","05","11","3","0","0","0","1","0","1"
"POINT (7.087797020000039 50.729718305000063)","Unfall 239800 (2019) Kat:3, Licht: 0","239800","3","3","5","05","08","3","0","0","0","1","0","1"
"POINT (7.127285933000053 50.697801981000055)","Unfall 239879 (2019) Kat:3, Licht: 0","239879","3","4","0","05","18","2","0","0","0","0","1","0"
"POINT (7.108779390000052 50.711934943000074)","Unfall 239944 (2019) Kat:3, Licht: 0","239944","3","5","0","05","13","1","0","0","1","0","1","0"
"POINT (7.126756919000059 50.700647902000071)","Unfall 239988 (2019) Kat:3, Licht: 0","239988","3","3","5","05","19","7","1","0","1","1","0","0"
"POINT (7.066124206000040 50.709787525000081)","Unfall 239989 (2019) Kat:3, Licht: 0","239989","3","3","5","05","14","7","1","0","1","1","0","0"
"POINT (7.151955927000074 50.702252013000077)","Unfall 240062 (2019) Kat:3, Licht: 0","240062","3","7","1","05","13","6","1","0","1","1","0","0"
"POINT (7.156035849000034 50.685754766000059)","Unfall 240132 (2019) Kat:3, Licht: 0","240132","3","7","0","05","18","5","0","0","1","0","0","0"
"POINT (7.154329320000045 50.684950020000031)","Unfall 240133 (2019) Kat:3, Licht: 0","240133","3","2","5","05","14","5","0","0","1","0","0","0"
"POINT (7.191976750000038 50.661061037000081)","Unfall 240134 (2019) Kat:3, Licht: 0","240134","3","6","6","05","09","5","0","0","0","1","1","0"
"POINT (7.130041374000030 50.684068583000055)","Unfall 240144 (2019) Kat:3, Licht: 0","240144","3","7","5","05","12","7","0","0","1","1","0","0"
"POINT (7.169633859000044 50.690070993000063)","Unfall 240235 (2019) Kat:3, Licht: 0","240235","3","7","3","05","12","4","0","0","1","1","0","0"
"POINT (7.134611900000039 50.700210697000045)","Unfall 240236 (2019) Kat:3, Licht: 0","240236","3","6","2","05","08","4","0","0","0","1","0","0"
"POINT (7.141169279000053 50.759317456000076)","Unfall 240239 (2019) Kat:3, Licht: 0","240239","3","1","4","05","14","4","0","0","0","1","0","0"
"POINT (7.105657226000062 50.731310425000061)","Unfall 240251 (2019) Kat:3, Licht: 0","240251","3","2","1","05","08","4","0","0","0","1","0","1"
"POINT (7.074148494000042 50.747105871000031)","Unfall 240297 (2019) Kat:3, Licht: 0","240297","3","6","2","05","15","4","0","0","0","1","0","1"
"POINT (7.159959215000072 50.686255875000029)","Unfall 240319 (2019) Kat:2, Licht: 0","240319","2","3","0","05","15","3","1","0","0","0","0","0"
"POINT (7.058158405000029 50.705401488000064)","Unfall 240320 (2019) Kat:3, Licht: 0","240320","3","3","5","05","12","3","1","0","1","0","0","0"
"POINT (7.064166139000065 50.704949072000034)","Unfall 240321 (2019) Kat:2, Licht: 0","240321","2","3","5","05","15","3","1","0","0","1","0","0"
"POINT (7.116122972000028 50.742808106000041)","Unfall 240322 (2019) Kat:3, Licht: 0","240322","3","3","5","05","15","3","1","0","1","1","0","0"
"POINT (7.123867816000029 50.708547144000079)","Unfall 240323 (2019) Kat:3, Licht: 0","240323","3","6","2","05","08","3","1","0","0","1","0","0"
"POINT (7.094113609000033 50.747300503000076)","Unfall 240406 (2019) Kat:3, Licht: 0","240406","3","3","5","05","18","2","0","0","1","1","0","0"
"POINT (7.143130484000039 50.722530147000043)","Unfall 240467 (2019) Kat:3, Licht: 2","240467","3","3","5","05","00","1","1","2","0","1","0","0"
"POINT (7.110178343000030 50.716912917000059)","Unfall 240469 (2019) Kat:3, Licht: 0","240469","3","3","5","05","16","1","1","0","1","1","0","0"
"POINT (7.079132801000071 50.764031383000031)","Unfall 240470 (2019) Kat:3, Licht: 0","240470","3","7","3","05","13","1","0","0","1","0","0","0"
"POINT (7.095339777000049 50.745570011000041)","Unfall 240503 (2019) Kat:3, Licht: 0","240503","3","7","1","05","10","4","1","0","1","1","0","0"
"POINT (7.140619216000061 50.694891300000052)","Unfall 240523 (2019) Kat:3, Licht: 0","240523","3","6","2","05","13","7","0","0","0","1","0","0"
"POINT (7.151378471000044 50.686630714000046)","Unfall 240524 (2019) Kat:3, Licht: 0","240524","3","3","0","05","16","7","0","0","1","1","0","0"
"POINT (7.155521539000063 50.688700911000069)","Unfall 240607 (2019) Kat:3, Licht: 0","240607","3","4","6","05","10","6","0","0","0","1","1","0"
"POINT (7.166010346000064 50.683321361000026)","Unfall 240608 (2019) Kat:3, Licht: 0","240608","3","2","4","05","08","6","0","0","1","1","0","0"
"POINT (7.163848707000057 50.687911730000053)","Unfall 240708 (2019) Kat:3, Licht: 0","240708","3","3","5","05","20","5","0","0","0","1","0","0"
"POINT (7.128459458000066 50.715923809000060)","Unfall 240709 (2019) Kat:2, Licht: 0","240709","2","4","6","05","18","5","0","0","0","1","1","0"
"POINT (7.142138576000036 50.705248210000036)","Unfall 240711 (2019) Kat:3, Licht: 0","240711","3","2","2","05","16","5","0","0","1","1","0","0"
"POINT (7.138423735000060 50.710993482000049)","Unfall 240814 (2019) Kat:3, Licht: 0","240814","3","2","5","05","10","4","0","0","0","1","0","0"
"POINT (7.146020752000027 50.689020396000046)","Unfall 240815 (2019) Kat:3, Licht: 0","240815","3","7","1","05","19","4","0","0","0","1","0","0"
"POINT (7.059192602000053 50.703792854000028)","Unfall 240816 (2019) Kat:3, Licht: 0","240816","3","3","5","05","09","4","0","0","0","1","0","0"
"POINT (7.106186819000072 50.734842559000072)","Unfall 240817 (2019) Kat:3, Licht: 0","240817","3","7","0","05","10","4","0","0","0","1","1","0"
"POINT (7.132126033000077 50.701766624000072)","Unfall 240901 (2019) Kat:3, Licht: 0","240901","3","6","2","05","18","3","0","0","0","1","0","0"
"POINT (7.123381922000021 50.717097899000066)","Unfall 240902 (2019) Kat:3, Licht: 0","240902","3","2","6","05","14","3","0","0","0","1","1","0"
"POINT (7.149729480000076 50.701123356000039)","Unfall 240903 (2019) Kat:3, Licht: 0","240903","3","2","4","05","15","3","0","0","1","1","0","0"
"POINT (7.142836615000022 50.697275390000073)","Unfall 240904 (2019) Kat:3, Licht: 0","240904","3","2","3","05","08","3","0","0","1","1","0","0"
"POINT (7.157592928000042 50.684571672000061)","Unfall 240968 (2019) Kat:3, Licht: 0","240968","3","5","1","05","12","2","1","0","1","1","0","0"
"POINT (7.170608955000034 50.692435359000058)","Unfall 241019 (2019) Kat:3, Licht: 0","241019","3","6","2","05","15","1","0","0","1","0","0","0"
"POINT (7.110312940000028 50.716917130000070)","Unfall 241021 (2019) Kat:3, Licht: 0","241021","3","3","5","05","19","1","0","0","1","1","0","0"
"POINT (7.159818329000075 50.681878804000064)","Unfall 241064 (2019) Kat:3, Licht: 0","241064","3","3","5","06","13","1","0","0","0","1","0","0"
"POINT (7.065066976000026 50.710823696000034)","Unfall 241119 (2019) Kat:3, Licht: 0","241119","3","3","5","06","17","7","0","0","0","1","0","0"
"POINT (7.121566868000059 50.737116469000057)","Unfall 241120 (2019) Kat:3, Licht: 2","241120","3","3","5","06","23","7","0","2","1","1","0","0"
"POINT (7.151887450000061 50.744781278000062)","Unfall 241196 (2019) Kat:3, Licht: 0","241196","3","3","5","05","11","6","0","0","0","1","0","0"
"POINT (7.158808430000022 50.697515823000060)","Unfall 241331 (2019) Kat:3, Licht: 0","241331","3","6","2","06","14","4","0","0","0","1","0","0"
"POINT (7.078253675000042 50.763278094000043)","Unfall 241333 (2019) Kat:3, Licht: 0","241333","3","3","5","06","15","4","0","0","1","1","0","0"
"POINT (7.088674422000054 50.753092937000076)","Unfall 241334 (2019) Kat:3, Licht: 0","241334","3","2","5","06","07","4","0","0","0","1","0","0"
"POINT (7.154100850000020 50.685153236000076)","Unfall 241401 (2019) Kat:3, Licht: 0","241401","3","5","1","06","20","3","0","0","1","1","0","0"
"POINT (7.078020529000071 50.754524810000078)","Unfall 241402 (2019) Kat:3, Licht: 0","241402","3","3","5","06","19","3","0","0","1","1","0","0"
"POINT (7.074599798000065 50.739495415000079)","Unfall 241403 (2019) Kat:2, Licht: 0","241403","2","1","0","06","18","3","0","0","1","0","0","0"
"POINT (7.098764088000053 50.730883393000056)","Unfall 241404 (2019) Kat:3, Licht: 0","241404","3","2","6","06","18","3","0","0","0","1","1","0"
"POINT (7.110660404000043 50.729837614000076)","Unfall 241405 (2019) Kat:3, Licht: 0","241405","3","6","4","06","10","3","0","0","1","0","0","0"
"POINT (7.174562333000040 50.677685844000052)","Unfall 241498 (2019) Kat:3, Licht: 0","241498","3","6","2","06","13","2","0","0","0","1","0","0"
"POINT (7.164191341000048 50.716276350000044)","Unfall 241499 (2019) Kat:3, Licht: 0","241499","3","3","5","06","10","2","0","0","1","1","0","0"
"POINT (7.090862291000065 50.750967781000043)","Unfall 241500 (2019) Kat:3, Licht: 0","241500","3","3","5","06","18","2","0","0","1","1","0","0"
"POINT (7.083573565000052 50.727881440000033)","Unfall 241501 (2019) Kat:2, Licht: 0","241501","2","7","0","06","16","2","0","0","1","0","0","0"
"POINT (7.106795334000026 50.723231148000082)","Unfall 241502 (2019) Kat:3, Licht: 0","241502","3","5","1","06","14","2","0","0","1","1","0","0"
"POINT (7.040183000000070 50.722800907000078)","Unfall 241579 (2019) Kat:3, Licht: 0","241579","3","1","8","06","20","7","0","0","0","1","0","0"
"POINT (7.110136747000070 50.730666160000055)","Unfall 241581 (2019) Kat:3, Licht: 1","241581","3","1","0","06","21","7","0","1","1","1","0","0"
"POINT (7.145936430000063 50.689062999000043)","Unfall 241648 (2019) Kat:3, Licht: 0","241648","3","3","5","06","12","6","0","0","0","1","0","1"
"POINT (7.137615847000063 50.723900417000038)","Unfall 241649 (2019) Kat:2, Licht: 0","241649","2","2","4","06","10","6","0","0","0","1","0","1"
"POINT (7.056001543000036 50.743159474000038)","Unfall 241651 (2019) Kat:3, Licht: 0","241651","3","3","5","06","06","6","0","0","0","1","0","0"
"POINT (7.097609645000034 50.736501570000030)","Unfall 241667 (2019) Kat:3, Licht: 0","241667","3","7","0","06","21","1","0","0","0","0","0","0"
"POINT (7.068524069000034 50.734056308000049)","Unfall 241706 (2019) Kat:3, Licht: 0","241706","3","2","2","06","15","1","0","0","0","1","0","0"
"POINT (7.113409722000029 50.711632920000056)","Unfall 241717 (2019) Kat:3, Licht: 2","241717","3","7","3","06","00","1","0","2","1","0","0","0"
"POINT (7.158836067000038 50.695504244000062)","Unfall 241765 (2019) Kat:3, Licht: 0","241765","3","3","2","06","08","5","0","0","1","1","0","0"
"POINT (7.099995867000075 50.705816767000044)","Unfall 241766 (2019) Kat:3, Licht: 0","241766","3","6","2","06","13","5","0","0","0","1","0","0"
"POINT (7.103387780000048 50.721314279000069)","Unfall 241793 (2019) Kat:3, Licht: 0","241793","3","6","2","06","12","5","0","0","0","1","0","0"
"POINT (7.142040902000076 50.687633010000070)","Unfall 241863 (2019) Kat:3, Licht: 0","241863","3","1","0","06","17","4","0","0","1","0","0","0"
"POINT (7.167587030000050 50.698156990000030)","Unfall 241864 (2019) Kat:3, Licht: 0","241864","3","1","0","06","09","4","0","0","1","0","0","0"
"POINT (7.184663508000028 50.669492423000065)","Unfall 241865 (2019) Kat:3, Licht: 0","241865","3","3","1","06","07","4","0","0","0","1","0","1"
"POINT (7.059558587000026 50.712042905000033)","Unfall 241867 (2019) Kat:3, Licht: 0","241867","3","3","0","06","14","4","0","0","1","1","0","0"
"POINT (7.113753487000054 50.716639868000073)","Unfall 241869 (2019) Kat:3, Licht: 0","241869","3","4","6","06","16","4","0","0","0","1","1","0"
"POINT (7.072211047000053 50.748682387000031)","Unfall 241870 (2019) Kat:2, Licht: 0","241870","2","3","0","06","12","4","1","0","1","0","0","0"
"POINT (7.109634668000069 50.720224336000058)","Unfall 241897 (2019) Kat:3, Licht: 0","241897","3","4","6","06","13","5","0","0","0","1","1","0"
"POINT (7.169916882000052 50.680897230000028)","Unfall 241956 (2019) Kat:3, Licht: 2","241956","3","7","3","06","22","3","0","2","1","1","0","0"
"POINT (7.156280797000022 50.679085496000027)","Unfall 241957 (2019) Kat:3, Licht: 0","241957","3","2","5","06","11","3","0","0","0","1","0","0"
"POINT (7.122906078000028 50.739958334000050)","Unfall 241987 (2019) Kat:3, Licht: 0","241987","3","6","3","06","17","5","0","0","1","1","0","0"
"POINT (7.178315742000052 50.673094063000065)","Unfall 242118 (2019) Kat:3, Licht: 0","242118","3","2","5","06","16","7","0","0","0","1","0","0"
"POINT (7.132214713000053 50.717611111000053)","Unfall 242119 (2019) Kat:3, Licht: 2","242119","3","1","0","06","01","7","1","2","1","0","0","0"
"POINT (7.137095242000044 50.682141058000070)","Unfall 242203 (2019) Kat:3, Licht: 0","242203","3","1","1","06","15","6","0","0","0","1","0","0"
"POINT (7.179807843000049 50.662712764000048)","Unfall 242204 (2019) Kat:3, Licht: 0","242204","3","3","5","06","08","6","0","0","0","1","0","1"
"POINT (7.064272279000022 50.742003377000060)","Unfall 242205 (2019) Kat:3, Licht: 0","242205","3","6","1","06","17","6","0","0","0","1","0","0"
"POINT (7.108112967000068 50.724697568000067)","Unfall 242206 (2019) Kat:3, Licht: 0","242206","3","3","5","06","09","6","0","0","1","1","0","0"
"POINT (7.108346820000065 50.716758379000055)","Unfall 242207 (2019) Kat:3, Licht: 0","242207","3","7","1","06","09","6","0","0","0","1","0","0"
"POINT (7.106820040000059 50.736142970000060)","Unfall 242209 (2019) Kat:2, Licht: 0","242209","2","4","6","06","16","6","0","0","1","0","1","0"
"POINT (7.074856065000063 50.726657896000063)","Unfall 242210 (2019) Kat:3, Licht: 0","242210","3","6","3","06","08","6","0","0","1","0","0","0"
"POINT (7.085269968000034 50.728616206000027)","Unfall 242260 (2019) Kat:2, Licht: 0","242260","2","2","4","06","10","1","0","0","0","1","0","1"
"POINT (7.097923573000060 50.732180707000055)","Unfall 242355 (2019) Kat:3, Licht: 0","242355","3","1","0","06","18","3","0","0","1","0","0","0"
"POINT (7.096166516000039 50.722687361000055)","Unfall 242356 (2019) Kat:3, Licht: 0","242356","3","5","5","06","07","3","0","0","1","1","0","0"
"POINT (7.099605838000059 50.730648334000080)","Unfall 242357 (2019) Kat:3, Licht: 0","242357","3","7","0","06","13","3","0","0","1","0","0","0"
"POINT (7.101751820000061 50.734054668000056)","Unfall 242358 (2019) Kat:3, Licht: 0","242358","3","6","5","06","08","3","0","0","0","1","0","0"
"POINT (7.125931453000021 50.700533819000043)","Unfall 242478 (2019) Kat:3, Licht: 0","242478","3","6","2","06","13","2","0","0","0","1","0","0"
"POINT (7.145714669000029 50.689171989000045)","Unfall 242479 (2019) Kat:3, Licht: 0","242479","3","6","2","06","13","2","0","0","0","1","0","0"
"POINT (7.128571427000054 50.698303439000028)","Unfall 242480 (2019) Kat:2, Licht: 0","242480","2","3","5","06","09","2","0","0","1","1","0","0"
"POINT (7.134357831000045 50.742427976000045)","Unfall 242482 (2019) Kat:3, Licht: 0","242482","3","2","5","06","07","2","0","0","1","1","0","0"
"POINT (7.083056638000073 50.702048808000029)","Unfall 242484 (2019) Kat:3, Licht: 0","242484","3","7","3","06","07","2","0","0","1","0","0","0"
"POINT (7.148867468000049 50.690382718000080)","Unfall 242623 (2019) Kat:3, Licht: 0","242623","3","3","5","06","14","6","0","0","1","1","0","0"
"POINT (7.159524569000041 50.703182231000028)","Unfall 242624 (2019) Kat:3, Licht: 0","242624","3","3","5","06","12","6","0","0","1","1","0","0"
"POINT (7.174954801000069 50.683716409000056)","Unfall 242702 (2019) Kat:2, Licht: 0","242702","2","2","4","06","14","5","0","0","1","0","0","0"
"POINT (7.137616470000069 50.711418430000037)","Unfall 242798 (2019) Kat:3, Licht: 0","242798","3","6","1","06","09","4","0","0","0","1","0","0"