WKT,Name,OBJECTID,UKATEGORIE,UTYP1,UART,UMONAT,USTUNDE,UWOCHENTAG,STRZUSTAND,ULICHTVERH,ISTRAD,ISTPKW,ISTFUSS,ISTKRAD
"POINT (7.158352882000031 50.685164100000065)","Unfall 242799 (2019) Kat:2, Licht: 0","242799","2","3","5","06","07","4","0","0","1","0","0","0"
"POINT (7.068232485000067 50.733999576000031)","Unfall 242801 (2019) Kat:3, Licht: 0","242801","3","6","2","06","16","4","1","0","0","1","0","0"
"POINT (7.137629953000044 50.681778183000063)","Unfall 242933 (2019) Kat:3, Licht: 0","242933","3","7","8","06","09","2","1","0","1","0","0","0"
"POINT (7.137645220000024 50.681784097000047)","Unfall 242935 (2019) Kat:3, Licht: 0","242935","3","7","8","06","09","2","1","0","1","0","0","0"
"POINT (7.049213164000037 50.709230761000072)","Unfall 242938 (2019) Kat:3, Licht: 0","242938","3","6","2","06","18","2","0","0","1","0","0","0"
"POINT (7.098357669000052 50.745040334000066)","Unfall 242940 (2019) Kat:3, Licht: 0","242940","3","5","1","06","08","2","0","0","1","1","0","0"
"POINT (7.115889615000071 50.733368914000039)","Unfall 243025 (2019) Kat:3, Licht: 0","243025","3","4","6","06","15","1","0","0","1","0","1","0"
"POINT (7.105070851000050 50.727794951000078)","Unfall 243026 (2019) Kat:3, Licht: 0","243026","3","6","4","06","09","1","0","0","1","1","0","0"
"POINT (7.082596836000050 50.728473863000033)","Unfall 243084 (2019) Kat:3, Licht: 0","243084","3","7","0","06","09","3","0","0","1","0","0","0"
"POINT (7.059754493000071 50.711930570000050)","Unfall 243094 (2019) Kat:3, Licht: 2","243094","3","1","0","06","02","7","0","2","0","0","0","1"
"POINT (7.169915230000072 50.712473587000034)","Unfall 243096 (2019) Kat:3, Licht: 0","243096","3","3","5","06","18","7","0","0","0","1","0","0"
"POINT (7.071138099000052 50.734888526000077)","Unfall 243097 (2019) Kat:2, Licht: 0","243097","2","3","5","06","14","7","0","0","0","1","0","0"
"POINT (7.051050474000022 50.698824155000068)","Unfall 243205 (2019) Kat:3, Licht: 0","243205","3","3","5","06","13","5","0","0","1","0","0","0"
"POINT (7.093840466000074 50.747817852000026)","Unfall 243206 (2019) Kat:3, Licht: 0","243206","3","6","9","06","15","5","0","0","0","1","0","0"
"POINT (7.163831889000051 50.677320072000043)","Unfall 243298 (2019) Kat:3, Licht: 0","243298","3","3","5","06","19","4","0","0","0","1","0","1"
"POINT (7.058404015000065 50.703683104000049)","Unfall 243299 (2019) Kat:3, Licht: 0","243299","3","6","2","06","13","4","0","0","0","1","0","0"
"POINT (7.106552111000042 50.712543507000078)","Unfall 243300 (2019) Kat:3, Licht: 0","243300","3","5","4","06","19","4","0","0","1","1","0","0"
"POINT (7.097555964000037 50.729562657000031)","Unfall 243301 (2019) Kat:2, Licht: 0","243301","2","3","5","06","17","4","0","0","1","1","0","0"
"POINT (7.084069506000049 50.740154914000072)","Unfall 243303 (2019) Kat:3, Licht: 0","243303","3","3","5","06","06","4","0","0","1","1","0","0"
"POINT (7.155232212000044 50.662494368000068)","Unfall 243438 (2019) Kat:2, Licht: 0","243438","2","4","0","06","13","1","0","0","0","1","1","0"
"POINT (7.055846886000040 50.705912445000081)","Unfall 243496 (2019) Kat:2, Licht: 0","243496","2","7","0","06","19","7","0","0","1","0","0","0"
"POINT (7.110641470000076 50.708133520000047)","Unfall 243497 (2019) Kat:3, Licht: 0","243497","3","3","5","06","17","7","0","0","0","1","0","0"
"POINT (7.108367376000047 50.734598042000073)","Unfall 243498 (2019) Kat:3, Licht: 0","243498","3","3","5","06","16","7","0","0","1","0","0","0"
"POINT (7.109178944000064 50.707544800000051)","Unfall 243574 (2019) Kat:3, Licht: 0","243574","3","3","5","06","07","6","0","0","1","1","0","0"
"POINT (7.137677511000049 50.671921595000072)","Unfall 243641 (2019) Kat:3, Licht: 0","243641","3","6","3","07","07","4","0","0","1","1","0","0"
"POINT (7.168231393000042 50.688305105000040)","Unfall 243851 (2019) Kat:3, Licht: 0","243851","3","1","1","07","16","2","0","0","0","1","0","0"
"POINT (7.147897575000059 50.691136576000076)","Unfall 243853 (2019) Kat:3, Licht: 0","243853","3","2","3","07","13","2","0","0","1","1","0","0"
"POINT (7.105612138000026 50.726025448000030)","Unfall 243854 (2019) Kat:3, Licht: 0","243854","3","5","0","07","18","2","0","0","1","1","0","0"
"POINT (7.154517831000021 50.684789799000043)","Unfall 243876 (2019) Kat:3, Licht: 0","243876","3","6","2","07","15","7","0","0","0","1","0","0"
"POINT (7.110509811000043 50.706184474000054)","Unfall 243949 (2019) Kat:3, Licht: 0","243949","3","1","0","07","11","6","0","0","1","0","0","0"
"POINT (7.107520519000047 50.736255076000077)","Unfall 243950 (2019) Kat:3, Licht: 0","243950","3","2","2","07","09","6","0","0","1","0","0","0"
"POINT (7.134568096000066 50.700193033000062)","Unfall 244058 (2019) Kat:3, Licht: 0","244058","3","3","5","07","16","5","0","0","1","1","0","0"
"POINT (7.174383198000044 50.666739560000053)","Unfall 244059 (2019) Kat:2, Licht: 0","244059","2","4","6","07","16","5","0","0","0","1","1","0"
"POINT (7.100867380000068 50.726645799000039)","Unfall 244060 (2019) Kat:3, Licht: 0","244060","3","4","6","07","14","5","0","0","0","1","1","0"
"POINT (7.116221983000060 50.711752274000048)","Unfall 244061 (2019) Kat:2, Licht: 0","244061","2","6","4","07","15","5","0","0","1","0","0","0"
"POINT (7.090020888000026 50.739465061000033)","Unfall 244062 (2019) Kat:3, Licht: 0","244062","3","4","6","07","09","5","0","0","0","1","1","0"
"POINT (7.107159763000027 50.716699460000029)","Unfall 244148 (2019) Kat:3, Licht: 0","244148","3","6","1","07","15","4","0","0","0","1","0","0"
"POINT (7.093158871000071 50.748284804000036)","Unfall 244188 (2019) Kat:3, Licht: 0","244188","3","7","6","07","15","3","0","0","0","1","1","0"
"POINT (7.107985172000042 50.716429335000043)","Unfall 244255 (2019) Kat:3, Licht: 0","244255","3","7","0","07","17","4","0","0","0","0","0","0"
"POINT (7.052839340000048 50.704062281000063)","Unfall 244272 (2019) Kat:3, Licht: 0","244272","3","6","2","07","09","2","0","0","0","1","0","0"
"POINT (7.094826220000073 50.731971731000044)","Unfall 244273 (2019) Kat:3, Licht: 1","244273","3","3","5","07","21","2","0","1","1","1","0","0"
"POINT (7.105850566000072 50.741549867000060)","Unfall 244307 (2019) Kat:2, Licht: 2","244307","2","1","0","07","00","4","0","2","1","0","0","0"
"POINT (7.177936070000044 50.663358985000059)","Unfall 244344 (2019) Kat:3, Licht: 2","244344","3","7","9","07","03","1","0","2","0","1","0","0"
"POINT (7.071950726000068 50.742531671000052)","Unfall 244363 (2019) Kat:3, Licht: 0","244363","3","3","5","07","18","4","0","0","1","1","0","0"
"POINT (7.134340615000042 50.694244654000045)","Unfall 244385 (2019) Kat:3, Licht: 0","244385","3","3","0","07","09","7","0","0","1","1","0","0"
"POINT (7.045533362000072 50.730466973000034)","Unfall 244386 (2019) Kat:3, Licht: 0","244386","3","4","6","07","14","7","0","0","0","1","1","0"
"POINT (7.060854856000049 50.716325818000030)","Unfall 244418 (2019) Kat:3, Licht: 0","244418","3","2","6","07","17","1","0","0","0","1","1","0"
"POINT (7.137317481000025 50.704355570000075)","Unfall 244450 (2019) Kat:3, Licht: 0","244450","3","3","5","07","07","6","0","0","1","1","0","0"
"POINT (7.136821099000031 50.698711553000066)","Unfall 244451 (2019) Kat:3, Licht: 0","244451","3","6","4","07","15","6","0","0","0","1","0","0"
"POINT (7.159326982000039 50.697143211000082)","Unfall 244452 (2019) Kat:3, Licht: 0","244452","3","3","5","07","14","6","0","0","1","1","0","0"
"POINT (7.062659763000056 50.704755638000051)","Unfall 244453 (2019) Kat:3, Licht: 0","244453","3","3","5","07","13","6","0","0","0","1","0","0"
"POINT (7.115171627000052 50.736037376000070)","Unfall 244454 (2019) Kat:3, Licht: 0","244454","3","7","5","07","13","6","0","0","0","1","0","0"
"POINT (7.124377479000032 50.739830349000044)","Unfall 244455 (2019) Kat:3, Licht: 0","244455","3","1","0","07","20","6","1","0","1","0","0","0"
"POINT (7.102753239000037 50.732045555000070)","Unfall 244456 (2019) Kat:3, Licht: 0","244456","3","5","0","07","08","6","0","0","1","1","0","0"
"POINT (7.092745448000073 50.723236850000035)","Unfall 244457 (2019) Kat:3, Licht: 0","244457","3","1","8","07","20","6","1","0","0","1","0","0"
"POINT (7.079098686000066 50.723279383000033)","Unfall 244458 (2019) Kat:3, Licht: 0","244458","3","2","5","07","16","6","0","0","1","1","0","0"
"POINT (7.072985658000050 50.714572819000068)","Unfall 244535 (2019) Kat:3, Licht: 0","244535","3","1","1","07","13","5","0","0","1","1","0","0"
"POINT (7.094409499000051 50.732688193000058)","Unfall 244536 (2019) Kat:3, Licht: 0","244536","3","6","4","07","17","5","1","0","0","0","0","1"
"POINT (7.127893570000026 50.719287244000043)","Unfall 244622 (2019) Kat:3, Licht: 0","244622","3","7","0","07","19","4","0","0","1","0","1","0"
"POINT (7.167220640000039 50.674439177000068)","Unfall 244623 (2019) Kat:3, Licht: 0","244623","3","2","4","07","08","4","0","0","1","1","0","0"
"POINT (7.135181033000038 50.694671192000044)","Unfall 244625 (2019) Kat:3, Licht: 0","244625","3","6","3","07","07","4","0","0","1","1","0","0"
"POINT (7.151104024000063 50.681811044000028)","Unfall 244666 (2019) Kat:3, Licht: 0","244666","3","7","0","07","14","5","0","0","0","0","0","0"
"POINT (7.196000303000062 50.739636803000053)","Unfall 244667 (2019) Kat:2, Licht: 0","244667","2","7","9","07","10","5","0","0","1","0","0","0"
"POINT (7.107929566000053 50.716687655000044)","Unfall 244668 (2019) Kat:3, Licht: 0","244668","3","1","0","07","06","5","0","0","1","0","0","0"
"POINT (7.113685579000048 50.761392408000063)","Unfall 244735 (2019) Kat:3, Licht: 0","244735","3","2","5","07","18","4","0","0","1","1","0","0"
"POINT (7.137455784000053 50.737250548000077)","Unfall 244736 (2019) Kat:3, Licht: 0","244736","3","5","1","07","13","4","0","0","0","1","0","0"
"POINT (7.054026037000028 50.748527453000065)","Unfall 244737 (2019) Kat:3, Licht: 0","244737","3","3","5","07","17","4","0","0","1","1","0","0"
"POINT (7.059718622000048 50.699596101000054)","Unfall 244795 (2019) Kat:3, Licht: 0","244795","3","2","5","07","12","3","0","0","0","1","0","0"
"POINT (7.140063005000059 50.703052165000031)","Unfall 244854 (2019) Kat:3, Licht: 1","244854","3","5","1","07","21","2","0","1","1","1","0","0"
"POINT (7.110443125000074 50.730180006000069)","Unfall 244855 (2019) Kat:2, Licht: 0","244855","2","6","2","07","08","2","0","0","1","1","0","0"
"POINT (7.043009320000067 50.712015426000050)","Unfall 244944 (2019) Kat:3, Licht: 0","244944","3","2","2","07","10","2","0","0","0","1","0","0"
"POINT (7.110724333000064 50.722060816000067)","Unfall 244945 (2019) Kat:3, Licht: 0","244945","3","5","1","07","12","2","0","0","1","1","0","0"
"POINT (7.149824727000066 50.670630369000037)","Unfall 245061 (2019) Kat:3, Licht: 0","245061","3","1","4","07","16","7","1","0","0","1","0","0"
"POINT (7.099707714000033 50.730604223000057)","Unfall 245062 (2019) Kat:3, Licht: 2","245062","3","7","0","07","22","7","1","2","0","0","0","0"
"POINT (7.050700816000074 50.745449856000050)","Unfall 245063 (2019) Kat:3, Licht: 0","245063","3","6","1","07","16","7","1","0","0","1","0","0"
"POINT (7.110300160000065 50.730405435000080)","Unfall 245135 (2019) Kat:3, Licht: 2","245135","3","1","0","07","00","6","0","2","1","0","0","0"
"POINT (7.130577036000034 50.757131802000060)","Unfall 245162 (2019) Kat:3, Licht: 0","245162","3","5","0","07","11","7","0","0","1","1","0","0"
"POINT (7.128460935000021 50.751873259000035)","Unfall 245170 (2019) Kat:2, Licht: 0","245170","2","4","6","07","08","7","0","0","0","1","1","0"
"POINT (7.157921841000075 50.692586300000073)","Unfall 245347 (2019) Kat:2, Licht: 0","245347","2","3","5","07","17","4","0","0","1","1","0","0"
"POINT (7.158331231000034 50.684997747000068)","Unfall 245419 (2019) Kat:3, Licht: 0","245419","3","3","5","07","19","3","0","0","0","1","0","0"
"POINT (7.099807478000059 50.730553827000051)","Unfall 245423 (2019) Kat:3, Licht: 0","245423","3","1","0","07","09","3","0","0","1","0","0","0"
"POINT (7.169751404000067 50.664435214000036)","Unfall 245458 (2019) Kat:3, Licht: 0","245458","3","7","0","07","09","4","0","0","1","0","0","0"
"POINT (7.102640684000050 50.728618837000056)","Unfall 245460 (2019) Kat:3, Licht: 0","245460","3","3","6","07","18","4","0","0","0","1","1","0"
"POINT (7.110811833000071 50.716381867000052)","Unfall 245461 (2019) Kat:3, Licht: 0","245461","3","7","0","07","11","4","0","0","0","0","1","0"
"POINT (7.155324650000068 50.686031088000050)","Unfall 245528 (2019) Kat:2, Licht: 0","245528","2","4","6","07","09","3","0","0","0","0","1","1"
"POINT (7.135968145000049 50.711358390000044)","Unfall 245581 (2019) Kat:3, Licht: 0","245581","3","3","5","07","21","2","0","0","1","0","0","0"
"POINT (7.101557086000071 50.732153128000050)","Unfall 245583 (2019) Kat:3, Licht: 0","245583","3","5","1","07","09","2","0","0","1","1","0","0"
"POINT (7.039078995000068 50.721806925000067)","Unfall 245715 (2019) Kat:3, Licht: 2","245715","3","1","9","08","04","1","0","2","0","1","0","0"
"POINT (7.118450158000030 50.744211875000076)","Unfall 245716 (2019) Kat:3, Licht: 0","245716","3","5","0","08","15","1","0","0","1","1","0","0"
"POINT (7.142094948000022 50.697221447000061)","Unfall 245759 (2019) Kat:3, Licht: 0","245759","3","3","5","08","08","7","1","0","1","1","0","0"
"POINT (7.058976823000023 50.704175555000063)","Unfall 245902 (2019) Kat:2, Licht: 0","245902","2","3","5","08","19","5","0","0","0","1","0","0"
"POINT (7.100482532000058 50.731913899000062)","Unfall 245983 (2019) Kat:3, Licht: 0","245983","3","4","0","08","15","5","0","0","0","1","1","0"
"POINT (7.152926257000047 50.684695953000073)","Unfall 246053 (2019) Kat:3, Licht: 0","246053","3","2","5","08","17","4","0","0","1","1","0","0"
"POINT (7.105146957000045 50.721125611000048)","Unfall 246054 (2019) Kat:3, Licht: 0","246054","3","3","1","08","13","4","0","0","0","1","0","0"
"POINT (7.147795097000028 50.691127071000039)","Unfall 246159 (2019) Kat:3, Licht: 0","246159","3","2","5","08","07","2","1","0","1","1","0","0"
"POINT (7.173168698000040 50.665381458000070)","Unfall 246160 (2019) Kat:3, Licht: 0","246160","3","6","4","08","14","2","0","0","0","1","0","0"
"POINT (7.147317423000061 50.721414045000074)","Unfall 246204 (2019) Kat:3, Licht: 0","246204","3","6","2","08","17","3","0","0","0","1","0","0"
"POINT (7.131464072000028 50.715063668000028)","Unfall 246269 (2019) Kat:2, Licht: 0","246269","2","1","8","08","10","2","0","0","0","1","0","0"
"POINT (7.155360642000062 50.694410228000038)","Unfall 246270 (2019) Kat:3, Licht: 0","246270","3","3","5","08","09","2","0","0","1","1","0","0"
"POINT (7.156752538000035 50.685132800000076)","Unfall 246271 (2019) Kat:3, Licht: 0","246271","3","6","2","08","08","2","0","0","0","1","0","0"
"POINT (7.072779695000065 50.737225031000037)","Unfall 246272 (2019) Kat:3, Licht: 0","246272","3","2","5","08","16","2","1","0","1","1","0","0"
"POINT (7.041906662000031 50.711320873000034)","Unfall 246361 (2019) Kat:3, Licht: 0","246361","3","6","2","08","11","7","0","0","1","1","0","0"
"POINT (7.101175019000038 50.731856709000056)","Unfall 246362 (2019) Kat:3, Licht: 0","246362","3","7","0","08","14","7","0","0","0","0","0","0"
"POINT (7.052034475000028 50.748580465000032)","Unfall 246431 (2019) Kat:3, Licht: 0","246431","3","2","0","08","10","6","0","0","1","1","0","0"
"POINT (7.093783761000054 50.723070149000080)","Unfall 246445 (2019) Kat:3, Licht: 2","246445","3","7","3","08","01","1","1","2","0","1","0","0"
"POINT (7.097333256000070 50.732363337000038)","Unfall 246478 (2019) Kat:3, Licht: 0","246478","3","1","0","08","18","7","1","0","0","0","0","1"
"POINT (7.094876084000021 50.732000193000033)","Unfall 246524 (2019) Kat:3, Licht: 0","246524","3","4","0","08","11","6","0","0","0","1","1","0"
"POINT (7.144905859000062 50.706710702000066)","Unfall 246528 (2019) Kat:3, Licht: 0","246528","3","7","4","08","12","6","0","0","0","1","0","0"
"POINT (7.134166532000052 50.694206655000073)","Unfall 246597 (2019) Kat:2, Licht: 2","246597","2","3","5","08","05","5","1","2","1","1","0","0"
"POINT (7.047610002000056 50.719471809000026)","Unfall 246599 (2019) Kat:3, Licht: 0","246599","3","6","3","08","19","5","0","0","1","1","0","0"
"POINT (7.050337221000063 50.715936789000068)","Unfall 246600 (2019) Kat:3, Licht: 0","246600","3","6","0","08","17","5","0","0","1","1","0","0"
"POINT (7.094562996000036 50.732690642000080)","Unfall 246602 (2019) Kat:3, Licht: 0","246602","3","1","0","08","20","5","0","0","1","0","0","0"
"POINT (7.087621631000047 50.739711548000059)","Unfall 246603 (2019) Kat:2, Licht: 0","246603","2","2","5","08","18","5","0","0","0","1","0","1"
"POINT (7.077905689000033 50.723828338000033)","Unfall 246604 (2019) Kat:3, Licht: 0","246604","3","7","3","08","09","5","0","0","0","1","0","0"
"POINT (7.155523872000060 50.683242270000051)","Unfall 246667 (2019) Kat:3, Licht: 0","246667","3","7","0","08","11","4","0","0","0","0","1","0"
"POINT (7.161639367000021 50.690094537000050)","Unfall 246668 (2019) Kat:2, Licht: 0","246668","2","3","5","08","13","4","0","0","1","1","0","0"
"POINT (7.151157616000035 50.743391455000051)","Unfall 246671 (2019) Kat:3, Licht: 0","246671","3","3","5","08","09","4","0","0","1","0","0","0"
"POINT (7.089395204000027 50.743012376000081)","Unfall 246672 (2019) Kat:3, Licht: 0","246672","3","1","0","08","13","4","0","0","1","0","0","0"
"POINT (7.144893698000033 50.706717078000054)","Unfall 246752 (2019) Kat:2, Licht: 0","246752","2","2","5","08","08","5","0","0","0","0","0","1"
"POINT (7.152026303000071 50.686190934000081)","Unfall 246898 (2019) Kat:3, Licht: 0","246898","3","7","0","08","11","3","0","0","0","1","0","1"
"POINT (7.117558728000063 50.744419135000044)","Unfall 246899 (2019) Kat:3, Licht: 0","246899","3","7","0","08","10","3","0","0","0","1","1","0"
"POINT (7.137796321000053 50.695764511000050)","Unfall 246989 (2019) Kat:3, Licht: 0","246989","3","5","0","08","10","2","0","0","1","1","0","0"
"POINT (7.097686491000047 50.704740607000076)","Unfall 246992 (2019) Kat:3, Licht: 0","246992","3","2","4","08","19","2","0","0","1","1","0","0"
"POINT (7.145232574000033 50.692667130000075)","Unfall 247071 (2019) Kat:3, Licht: 0","247071","3","2","5","08","16","1","0","0","0","1","0","0"
"POINT (7.089396696000051 50.743014412000036)","Unfall 247072 (2019) Kat:3, Licht: 0","247072","3","2","5","08","13","1","0","0","1","1","0","0"
"POINT (7.100612266000042 50.731862375000048)","Unfall 247073 (2019) Kat:3, Licht: 0","247073","3","7","0","08","12","1","0","0","0","0","0","0"
"POINT (7.096233612000049 50.732684875000075)","Unfall 247127 (2019) Kat:2, Licht: 0","247127","2","1","0","08","18","7","0","0","1","0","0","0"
"POINT (7.101661044000025 50.700228865000042)","Unfall 247128 (2019) Kat:3, Licht: 0","247128","3","2","5","08","15","7","0","0","1","1","0","0"
"POINT (7.100252449000038 50.718023920000064)","Unfall 247216 (2019) Kat:3, Licht: 0","247216","3","6","2","08","12","6","0","0","0","1","0","0"
"POINT (7.098961037000038 50.732283054000050)","Unfall 247217 (2019) Kat:3, Licht: 0","247217","3","6","2","08","09","6","0","0","0","1","0","0"
"POINT (7.044615411000052 50.739345299000036)","Unfall 247306 (2019) Kat:3, Licht: 0","247306","3","4","6","08","19","5","0","0","0","1","1","0"
"POINT (7.070912827000029 50.714097226000035)","Unfall 247336 (2019) Kat:3, Licht: 0","247336","3","7","0","08","07","6","0","0","1","0","0","0"
"POINT (7.101022441000055 50.731740286000047)","Unfall 247349 (2019) Kat:3, Licht: 0","247349","3","2","1","08","17","6","0","0","1","1","0","0"
"POINT (7.093917074000046 50.754633655000077)","Unfall 247363 (2019) Kat:2, Licht: 0","247363","2","7","0","08","17","6","0","0","0","1","1","0"
"POINT (7.159785867000039 50.681876094000074)","Unfall 247390 (2019) Kat:3, Licht: 0","247390","3","3","5","08","07","4","0","0","0","1","0","0"
"POINT (7.148715758000037 50.727558234000071)","Unfall 247392 (2019) Kat:3, Licht: 0","247392","3","4","6","08","07","4","0","0","0","1","1","0"
"POINT (7.161646619000067 50.695340998000063)","Unfall 247462 (2019) Kat:3, Licht: 1","247462","3","3","0","08","19","3","1","1","1","1","0","0"
"POINT (7.098990424000021 50.723853627000040)","Unfall 247463 (2019) Kat:3, Licht: 0","247463","3","7","3","08","19","3","1","0","1","1","0","0"
"POINT (7.157513196000025 50.683295923000060)","Unfall 247526 (2019) Kat:3, Licht: 0","247526","3","6","1","09","14","2","0","0","0","1","0","1"
"POINT (7.063833937000027 50.718843211000035)","Unfall 247527 (2019) Kat:3, Licht: 0","247527","3","5","1","09","16","2","0","0","1","1","0","0"
"POINT (7.119498216000068 50.741223209000054)","Unfall 247528 (2019) Kat:3, Licht: 2","247528","3","3","5","09","21","2","0","2","0","1","0","0"
"POINT (7.097011791000057 50.744875780000029)","Unfall 247529 (2019) Kat:3, Licht: 1","247529","3","7","1","09","20","2","0","1","1","1","0","0"
"POINT (7.095068771000058 50.734555655000065)","Unfall 247596 (2019) Kat:3, Licht: 0","247596","3","1","0","09","19","1","0","0","1","0","0","0"
"POINT (7.155981046000022 50.685730007000075)","Unfall 247665 (2019) Kat:3, Licht: 2","247665","3","3","5","08","21","7","1","2","1","1","0","0"
"POINT (7.116760157000044 50.708048895000047)","Unfall 247668 (2019) Kat:3, Licht: 0","247668","3","6","1","08","12","7","0","0","0","1","0","0"
"POINT (7.058346008000058 50.703677172000027)","Unfall 247830 (2019) Kat:3, Licht: 0","247830","3","6","2","09","08","5","0","0","0","1","0","0"
"POINT (7.124817046000032 50.727384638000046)","Unfall 247831 (2019) Kat:2, Licht: 0","247831","2","3","5","09","18","5","0","0","0","1","0","0"
"POINT (7.107203068000047 50.737388089000035)","Unfall 247832 (2019) Kat:3, Licht: 0","247832","3","7","5","09","16","5","1","0","1","0","0","0"
"POINT (7.120832131000043 50.738766850000047)","Unfall 247833 (2019) Kat:3, Licht: 1","247833","3","2","5","09","05","5","0","1","1","1","0","0"
"POINT (7.136214996000035 50.705265499000063)","Unfall 247893 (2019) Kat:3, Licht: 0","247893","3","1","0","09","15","4","0","0","0","0","0","1"
"POINT (7.134197441000026 50.713263176000055)","Unfall 247894 (2019) Kat:3, Licht: 0","247894","3","6","2","09","15","4","0","0","0","1","0","0"
"POINT (7.154322479000030 50.682600987000058)","Unfall 247994 (2019) Kat:3, Licht: 0","247994","3","3","5","09","08","3","0","0","1","1","0","0"
"POINT (7.116224876000047 50.738526356000079)","Unfall 248029 (2019) Kat:3, Licht: 0","248029","3","4","6","09","17","3","0","0","0","1","1","0"
"POINT (7.114654688000030 50.738084966000031)","Unfall 248030 (2019) Kat:2, Licht: 0","248030","2","7","0","09","13","3","0","0","1","0","0","0"
"POINT (7.039162386000044 50.751380447000031)","Unfall 248032 (2019) Kat:3, Licht: 0","248032","3","1","8","09","18","3","0","0","0","1","0","0"
"POINT (7.095929926000054 50.741810381000050)","Unfall 248033 (2019) Kat:3, Licht: 0","248033","3","4","6","09","16","3","0","0","0","0","1","0"
"POINT (7.098516235000034 50.720885647000046)","Unfall 248034 (2019) Kat:3, Licht: 0","248034","3","4","6","09","14","3","0","0","0","1","1","0"
"POINT (7.146422399000073 50.699113991000047)","Unfall 248093 (2019) Kat:3, Licht: 0","248093","3","2","4","09","12","2","0","0","0","1","0","0"
"POINT (7.091047390000028 50.738308889000052)","Unfall 248095 (2019) Kat:3, Licht: 0","248095","3","3","0","09","12","2","0","0","0","1","0","1"
"POINT (7.114637467000023 50.738081540000053)","Unfall 248151 (2019) Kat:3, Licht: 2","248151","3","4","6","09","04","1","0","2","1","0","1","0"
"POINT (7.138783130000036 50.697027720000051)","Unfall 248194 (2019) Kat:3, Licht: 2","248194","3","1","9","09","01","7","0","2","0","1","0","0"
"POINT (7.123078538000073 50.739996302000065)","Unfall 248195 (2019) Kat:3, Licht: 2","248195","3","1","0","09","01","7","0","2","0","0","0","0"
"POINT (7.074947950000023 50.728088825000043)","Unfall 248196 (2019) Kat:3, Licht: 1","248196","3","7","1","09","19","7","1","1","1","1","0","0"
"POINT (7.173566212000026 50.670392231000051)","Unfall 248233 (2019) Kat:3, Licht: 0","248233","3","6","2","09","09","6","0","0","0","1","0","0"
"POINT (7.157092673000022 50.701312946000030)","Unfall 248237 (2019) Kat:3, Licht: 0","248237","3","6","3","09","15","6","0","0","0","1","0","0"
"POINT (7.070572176000042 50.682206192000081)","Unfall 248242 (2019) Kat:3, Licht: 0","248242","3","3","5","09","07","6","0","0","1","1","0","0"
"POINT (7.083123213000022 50.695060300000080)","Unfall 248258 (2019) Kat:3, Licht: 0","248258","3","5","1","09","10","6","0","0","0","1","0","0"
"POINT (7.121517897000047 50.711357323000072)","Unfall 248278 (2019) Kat:3, Licht: 0","248278","3","6","4","09","07","6","0","0","1","0","0","0"
"POINT (7.108976874000064 50.723810168000057)","Unfall 248281 (2019) Kat:3, Licht: 0","248281","3","7","0","09","15","6","0","0","0","0","0","0"
"POINT (7.165362281000057 50.691334407000056)","Unfall 248354 (2019) Kat:3, Licht: 0","248354","3","6","1","09","10","5","1","0","0","1","0","0"
"POINT (7.153212887000052 50.695558981000033)","Unfall 248355 (2019) Kat:3, Licht: 0","248355","3","4","6","09","17","5","0","0","0","1","1","0"
"POINT (7.161530318000075 50.675138273000073)","Unfall 248356 (2019) Kat:3, Licht: 0","248356","3","1","5","09","16","5","0","0","0","1","0","1"
"POINT (7.110250536000024 50.716957182000044)","Unfall 248360 (2019) Kat:3, Licht: 0","248360","3","3","5","09","08","5","1","0","1","1","0","0"
"POINT (7.075522175000060 50.732628425000030)","Unfall 248361 (2019) Kat:2, Licht: 0","248361","2","7","0","09","14","5","0","0","1","0","0","0"
"POINT (7.065972159000069 50.736896453000043)","Unfall 248456 (2019) Kat:3, Licht: 0","248456","3","4","6","09","13","4","0","0","0","1","1","0"
"POINT (7.095011834000047 50.734301865000077)","Unfall 248554 (2019) Kat:3, Licht: 1","248554","3","7","0","09","19","3","0","1","1","0","0","0"
"POINT (7.167693373000077 50.667316998000047)","Unfall 248603 (2019) Kat:3, Licht: 0","248603","3","7","0","09","07","2","0","0","1","0","0","0"
"POINT (7.074300028000039 50.739331270000037)","Unfall 248678 (2019) Kat:3, Licht: 1","248678","3","3","5","09","19","1","0","1","1","1","0","0"
"POINT (7.100047573000040 50.727432139000030)","Unfall 248679 (2019) Kat:3, Licht: 1","248679","3","1","0","09","19","1","0","1","1","0","0","0"
"POINT (7.114437161000069 50.719374040000048)","Unfall 248680 (2019) Kat:3, Licht: 0","248680","3","1","0","09","14","1","0","0","1","0","0","0"
"POINT (7.114453709000031 50.719371009000042)","Unfall 248681 (2019) Kat:3, Licht: 0","248681","3","1","0","09","13","1","0","0","1","0","0","0"
"POINT (7.092404002000023 50.731529641000066)","Unfall 248682 (2019) Kat:3, Licht: 2","248682","3","7","0","09","00","1","0","2","1","0","0","0"
"POINT (7.101757262000035 50.735350301000040)","Unfall 248727 (2019) Kat:3, Licht: 2","248727","3","3","5","09","01","7","0","2","1","0","0","0"