WKT,Name,OBJECTID,UKATEGORIE,UTYP1,UART,UMONAT,USTUNDE,UWOCHENTAG,STRZUSTAND,ULICHTVERH,ISTRAD,ISTPKW,ISTFUSS,ISTKRAD
"POINT (7.160668372000032 50.694832167000072)","Unfall 248806 (2019) Kat:3, Licht: 0","248806","3","3","5","09","08","6","0","0","1","1","0","0"
"POINT (7.139887984000040 50.744974941000066)","Unfall 248807 (2019) Kat:3, Licht: 0","248807","3","5","0","09","16","6","0","0","0","1","0","1"
"POINT (7.102557147000027 50.728606822000074)","Unfall 248808 (2019) Kat:3, Licht: 0","248808","3","2","5","09","14","6","0","0","1","1","0","0"
"POINT (7.097876831000065 50.737644934000059)","Unfall 248810 (2019) Kat:3, Licht: 0","248810","3","1","0","09","17","6","0","0","1","0","0","0"
"POINT (7.078884360000075 50.758746882000025)","Unfall 248811 (2019) Kat:3, Licht: 0","248811","3","4","6","09","12","6","0","0","0","1","1","0"
"POINT (7.052249099000051 50.748625966000077)","Unfall 248921 (2019) Kat:3, Licht: 0","248921","3","3","5","09","18","5","0","0","1","1","0","0"
"POINT (7.152382173000035 50.743952590000049)","Unfall 248922 (2019) Kat:3, Licht: 0","248922","3","7","0","09","13","5","0","0","1","0","0","0"
"POINT (7.140146176000030 50.696805433000065)","Unfall 249010 (2019) Kat:3, Licht: 0","249010","3","6","3","09","12","4","0","0","1","1","0","0"
"POINT (7.145154178000041 50.692642140000032)","Unfall 249011 (2019) Kat:3, Licht: 0","249011","3","3","1","09","19","4","0","0","1","1","0","0"
"POINT (7.106216762000031 50.716738199000076)","Unfall 249012 (2019) Kat:3, Licht: 0","249012","3","5","0","09","11","4","0","0","1","1","0","0"
"POINT (7.150769762000039 50.676336055000036)","Unfall 249114 (2019) Kat:2, Licht: 0","249114","2","7","0","09","10","2","0","0","1","0","0","0"
"POINT (7.083924953000064 50.740067980000049)","Unfall 249116 (2019) Kat:3, Licht: 0","249116","3","7","1","09","16","2","0","0","0","1","0","0"
"POINT (7.068080396000028 50.681951339000079)","Unfall 249192 (2019) Kat:2, Licht: 0","249192","2","3","5","09","10","1","0","0","1","1","0","0"
"POINT (7.147473907000062 50.691395983000064)","Unfall 249229 (2019) Kat:3, Licht: 0","249229","3","6","2","09","12","3","0","0","0","1","0","0"
"POINT (7.100121609000041 50.732014710000044)","Unfall 249242 (2019) Kat:3, Licht: 0","249242","3","4","6","09","15","3","0","0","1","0","1","0"
"POINT (7.152027693000036 50.666294249000032)","Unfall 249258 (2019) Kat:3, Licht: 0","249258","3","3","5","09","15","7","0","0","1","1","0","0"
"POINT (7.050788769000064 50.744981235000068)","Unfall 249259 (2019) Kat:3, Licht: 0","249259","3","2","3","09","18","7","0","0","1","1","0","0"
"POINT (7.041708804000052 50.746845625000049)","Unfall 249260 (2019) Kat:3, Licht: 0","249260","3","3","5","09","14","7","0","0","0","1","0","1"
"POINT (7.051048645000037 50.746620013000040)","Unfall 249318 (2019) Kat:3, Licht: 0","249318","3","7","0","09","14","6","0","0","0","0","0","0"
"POINT (7.101664095000047 50.700385049000033)","Unfall 249319 (2019) Kat:3, Licht: 1","249319","3","2","5","09","07","6","1","1","1","1","0","0"
"POINT (7.142020292000041 50.690731516000028)","Unfall 249421 (2019) Kat:3, Licht: 0","249421","3","4","6","09","08","5","1","0","0","1","1","0"
"POINT (7.057731496000031 50.707226499000058)","Unfall 249422 (2019) Kat:3, Licht: 0","249422","3","3","5","09","07","5","1","0","1","1","0","0"
"POINT (7.095651129000032 50.735844768000049)","Unfall 249423 (2019) Kat:3, Licht: 0","249423","3","1","0","09","08","5","1","0","1","0","0","0"
"POINT (7.088235502000032 50.740730731000042)","Unfall 249511 (2019) Kat:3, Licht: 0","249511","3","6","2","09","13","4","0","0","0","1","0","0"
"POINT (7.098731372000032 50.742776259000038)","Unfall 249512 (2019) Kat:3, Licht: 0","249512","3","7","1","09","08","4","1","0","1","1","0","0"
"POINT (7.160803603000034 50.681510788000026)","Unfall 249645 (2019) Kat:3, Licht: 1","249645","3","6","2","10","17","3","1","1","0","1","0","0"
"POINT (7.143718647000071 50.696711400000027)","Unfall 249746 (2019) Kat:3, Licht: 0","249746","3","2","6","10","08","4","0","0","0","1","1","0"
"POINT (7.044087839000042 50.753049555000075)","Unfall 249750 (2019) Kat:3, Licht: 1","249750","3","4","6","10","19","4","0","1","1","0","1","0"
"POINT (7.125840614000026 50.710197824000034)","Unfall 249929 (2019) Kat:2, Licht: 2","249929","2","1","9","10","21","7","0","2","0","0","0","0"
"POINT (7.089927680000074 50.737196386000051)","Unfall 249930 (2019) Kat:3, Licht: 2","249930","3","6","0","10","03","7","0","2","0","1","0","0"
"POINT (7.138695801000040 50.697233788000062)","Unfall 249997 (2019) Kat:3, Licht: 2","249997","3","6","8","10","18","6","1","2","0","1","0","0"
"POINT (7.139473774000066 50.683011715000077)","Unfall 249998 (2019) Kat:3, Licht: 0","249998","3","3","0","10","15","6","1","0","1","0","0","0"
"POINT (7.147342559000038 50.688355978000061)","Unfall 249999 (2019) Kat:3, Licht: 0","249999","3","7","6","10","12","6","1","0","0","0","1","0"
"POINT (7.110249509000028 50.716961298000058)","Unfall 250000 (2019) Kat:3, Licht: 0","250000","3","3","5","10","18","6","1","0","1","0","0","0"
"POINT (7.154336734000026 50.682608454000047)","Unfall 250053 (2019) Kat:3, Licht: 0","250053","3","3","5","10","14","5","1","0","1","1","0","0"
"POINT (7.055941979000068 50.712952579000046)","Unfall 250084 (2019) Kat:3, Licht: 2","250084","3","2","6","10","06","2","1","2","0","1","1","0"
"POINT (7.098560431000067 50.728735664000055)","Unfall 250090 (2019) Kat:2, Licht: 0","250090","2","3","5","10","10","2","0","0","0","1","0","1"
"POINT (7.106843692000041 50.721641573000056)","Unfall 250109 (2019) Kat:3, Licht: 0","250109","3","7","0","10","18","6","0","0","0","0","0","0"
"POINT (7.048872072000052 50.749350828000047)","Unfall 250182 (2019) Kat:3, Licht: 0","250182","3","4","6","10","16","5","0","0","0","1","1","0"
"POINT (7.162784699000042 50.727355858000067)","Unfall 250238 (2019) Kat:3, Licht: 0","250238","3","2","2","10","07","4","1","0","0","1","0","1"
"POINT (7.153463721000037 50.720688809000080)","Unfall 250239 (2019) Kat:3, Licht: 0","250239","3","6","6","10","16","4","1","0","1","0","1","0"
"POINT (7.097039067000026 50.732459652000045)","Unfall 250240 (2019) Kat:3, Licht: 0","250240","3","4","0","10","15","4","0","0","0","0","1","0"
"POINT (7.088214579000066 50.729937018000044)","Unfall 250241 (2019) Kat:3, Licht: 1","250241","3","1","1","10","08","4","0","1","1","1","0","0"
"POINT (7.148332597000035 50.694557661000033)","Unfall 250323 (2019) Kat:3, Licht: 0","250323","3","4","6","10","07","3","1","0","0","1","1","0"
"POINT (7.154070728000022 50.695472851000034)","Unfall 250324 (2019) Kat:3, Licht: 0","250324","3","3","5","10","08","3","1","0","1","1","0","0"
"POINT (7.123032955000042 50.735990543000071)","Unfall 250327 (2019) Kat:3, Licht: 1","250327","3","6","6","10","07","3","1","1","0","0","1","0"
"POINT (7.074185124000053 50.726123267000048)","Unfall 250328 (2019) Kat:3, Licht: 0","250328","3","3","5","10","16","3","1","0","1","1","0","0"
"POINT (7.109546676000036 50.709288104000052)","Unfall 250329 (2019) Kat:3, Licht: 0","250329","3","3","5","10","14","3","1","0","0","1","0","0"
"POINT (7.072815301000048 50.737186430000065)","Unfall 250330 (2019) Kat:3, Licht: 0","250330","3","3","5","10","13","3","1","0","1","1","0","0"
"POINT (7.139303124000037 50.696445888000028)","Unfall 250394 (2019) Kat:3, Licht: 0","250394","3","3","5","10","13","3","0","0","0","1","0","0"
"POINT (7.123113853000064 50.709669969000061)","Unfall 250463 (2019) Kat:3, Licht: 0","250463","3","6","0","10","08","2","0","0","1","1","0","0"
"POINT (7.154282215000023 50.682579898000029)","Unfall 250464 (2019) Kat:3, Licht: 0","250464","3","7","0","10","16","2","0","0","0","0","0","0"
"POINT (7.095021909000025 50.746124311000074)","Unfall 250465 (2019) Kat:3, Licht: 0","250465","3","6","2","10","15","2","0","0","0","1","0","0"
"POINT (7.104093159000058 50.731362855000043)","Unfall 250466 (2019) Kat:3, Licht: 0","250466","3","6","2","10","13","2","0","0","0","1","0","0"
"POINT (7.106659944000057 50.739188631000047)","Unfall 250522 (2019) Kat:3, Licht: 0","250522","3","6","3","10","13","1","0","0","1","0","0","0"
"POINT (7.103304666000042 50.724047704000043)","Unfall 250523 (2019) Kat:2, Licht: 2","250523","2","3","5","10","03","1","0","2","0","1","0","0"
"POINT (7.177122335000036 50.663610902000073)","Unfall 250556 (2019) Kat:3, Licht: 0","250556","3","2","1","10","15","7","0","0","0","1","0","0"
"POINT (7.160103315000072 50.679324456000074)","Unfall 250558 (2019) Kat:3, Licht: 0","250558","3","2","5","10","14","7","0","0","0","1","0","0"
"POINT (7.173710585000038 50.745141150000052)","Unfall 250559 (2019) Kat:3, Licht: 0","250559","3","7","6","10","09","7","0","0","0","1","1","0"
"POINT (7.108891519000053 50.733481487000063)","Unfall 250560 (2019) Kat:3, Licht: 0","250560","3","4","6","10","14","7","0","0","1","0","1","0"
"POINT (7.046325886000034 50.739459949000036)","Unfall 250562 (2019) Kat:3, Licht: 0","250562","3","3","5","10","10","7","0","0","0","1","0","1"
"POINT (7.048237319000066 50.745516821000081)","Unfall 250602 (2019) Kat:3, Licht: 2","250602","3","7","9","10","05","1","1","2","0","0","0","0"
"POINT (7.149765393000052 50.670988137000052)","Unfall 250632 (2019) Kat:3, Licht: 0","250632","3","6","2","10","17","7","1","0","0","1","0","0"
"POINT (7.095355416000075 50.736067612000056)","Unfall 250634 (2019) Kat:3, Licht: 0","250634","3","3","5","10","15","7","1","0","0","1","0","0"
"POINT (7.141354244000070 50.735962413000038)","Unfall 250758 (2019) Kat:3, Licht: 2","250758","3","2","5","10","20","5","1","2","0","1","0","0"
"POINT (7.088934495000046 50.726705560000028)","Unfall 250877 (2019) Kat:3, Licht: 0","250877","3","5","0","10","12","6","0","0","1","1","0","0"
"POINT (7.167606859000046 50.694345453000039)","Unfall 250903 (2019) Kat:2, Licht: 0","250903","2","7","0","10","08","5","0","0","1","0","0","0"
"POINT (7.156314638000026 50.703358492000064)","Unfall 250904 (2019) Kat:3, Licht: 0","250904","3","3","5","10","14","5","0","0","0","1","0","0"
"POINT (7.080963101000066 50.696950310000034)","Unfall 250906 (2019) Kat:3, Licht: 0","250906","3","7","5","10","10","5","0","0","0","1","0","0"
"POINT (7.099478014000056 50.727978806000067)","Unfall 250907 (2019) Kat:3, Licht: 0","250907","3","6","2","10","09","5","0","0","0","1","0","0"
"POINT (7.125440085000037 50.740956015000052)","Unfall 250962 (2019) Kat:3, Licht: 2","250962","3","7","2","10","18","4","0","2","0","1","0","0"
"POINT (7.117839263000064 50.736728660000040)","Unfall 250963 (2019) Kat:2, Licht: 0","250963","2","7","5","10","12","4","0","0","0","1","0","1"
"POINT (7.109398848000069 50.731859443000076)","Unfall 250964 (2019) Kat:3, Licht: 2","250964","3","6","0","10","06","4","0","2","1","0","0","0"
"POINT (7.108570484000040 50.727468745000067)","Unfall 250965 (2019) Kat:3, Licht: 0","250965","3","6","0","10","13","4","0","0","0","1","1","0"
"POINT (7.132952659000068 50.701240550000080)","Unfall 251027 (2019) Kat:3, Licht: 1","251027","3","6","2","10","17","3","0","1","0","1","0","0"
"POINT (7.134330027000033 50.694228173000056)","Unfall 251028 (2019) Kat:3, Licht: 0","251028","3","3","5","10","09","3","0","0","1","1","0","0"
"POINT (7.105708009000068 50.737450684000066)","Unfall 251030 (2019) Kat:3, Licht: 2","251030","3","6","4","10","20","3","0","2","1","0","0","0"
"POINT (7.096535580000023 50.722538120000081)","Unfall 251141 (2019) Kat:3, Licht: 0","251141","3","2","0","10","08","3","0","0","1","1","0","0"
"POINT (7.116832671000054 50.716084135000074)","Unfall 251142 (2019) Kat:3, Licht: 0","251142","3","4","6","10","15","3","0","0","1","0","1","0"
"POINT (7.144033596000043 50.707175135000057)","Unfall 251223 (2019) Kat:3, Licht: 2","251223","3","6","2","10","17","2","0","2","0","1","0","0"
"POINT (7.136209748000056 50.711132440000029)","Unfall 251224 (2019) Kat:3, Licht: 0","251224","3","3","5","10","15","2","0","0","1","0","0","0"
"POINT (7.100273171000026 50.727723634000029)","Unfall 251310 (2019) Kat:3, Licht: 0","251310","3","6","0","10","10","7","0","0","1","0","0","1"
"POINT (7.059352092000040 50.764964498000040)","Unfall 251386 (2019) Kat:2, Licht: 2","251386","2","1","0","11","20","1","1","2","1","0","0","0"
"POINT (7.170447096000032 50.665559225000038)","Unfall 251417 (2019) Kat:3, Licht: 0","251417","3","7","0","11","12","7","0","0","1","0","0","0"
"POINT (7.104898601000059 50.726795584000058)","Unfall 251465 (2019) Kat:3, Licht: 2","251465","3","7","0","11","01","6","0","2","0","0","0","0"
"POINT (7.138602160000062 50.728224175000037)","Unfall 251520 (2019) Kat:3, Licht: 0","251520","3","3","5","10","08","5","0","0","1","1","0","0"
"POINT (7.035203501000069 50.711663645000044)","Unfall 251610 (2019) Kat:3, Licht: 0","251610","3","7","0","10","09","4","0","0","0","0","1","0"
"POINT (7.148163681000028 50.694528033000040)","Unfall 251673 (2019) Kat:3, Licht: 2","251673","3","4","6","11","18","4","1","2","0","1","1","0"
"POINT (7.139883344000054 50.695720252000058)","Unfall 251674 (2019) Kat:3, Licht: 0","251674","3","2","3","11","08","4","1","0","1","0","0","0"
"POINT (7.119580590000055 50.739180352000062)","Unfall 251676 (2019) Kat:3, Licht: 2","251676","3","1","0","11","22","4","1","2","1","0","0","0"
"POINT (7.113984961000028 50.704420570000082)","Unfall 251677 (2019) Kat:3, Licht: 2","251677","3","2","6","11","18","4","1","2","0","0","1","0"
"POINT (7.058357348000072 50.739428302000078)","Unfall 251768 (2019) Kat:3, Licht: 2","251768","3","3","0","11","17","3","1","2","1","1","0","0"
"POINT (7.104242612000064 50.734175205000042)","Unfall 251769 (2019) Kat:3, Licht: 2","251769","3","4","6","11","17","3","1","2","0","1","1","0"
"POINT (7.111351956000021 50.707489533000057)","Unfall 251770 (2019) Kat:3, Licht: 0","251770","3","3","3","11","12","3","1","0","1","0","0","0"
"POINT (7.066465748000042 50.732833039000070)","Unfall 251772 (2019) Kat:3, Licht: 0","251772","3","3","5","11","07","3","1","0","0","1","0","1"
"POINT (7.159795587000076 50.681748121000055)","Unfall 251877 (2019) Kat:3, Licht: 2","251877","3","1","0","11","08","2","1","2","1","0","0","0"
"POINT (7.127720764000060 50.751079895000032)","Unfall 251878 (2019) Kat:3, Licht: 2","251878","3","5","1","11","18","2","1","2","0","1","0","0"
"POINT (7.098345719000065 50.705631618000041)","Unfall 251879 (2019) Kat:3, Licht: 0","251879","3","3","5","11","12","2","1","0","1","1","0","0"
"POINT (7.185790769000050 50.663385501000050)","Unfall 251946 (2019) Kat:2, Licht: 0","251946","2","4","6","11","13","1","0","0","0","1","1","0"
"POINT (7.132257913000046 50.701682695000045)","Unfall 251965 (2019) Kat:3, Licht: 2","251965","3","4","6","11","17","2","1","2","0","1","1","0"
"POINT (7.125847194000073 50.700592935000032)","Unfall 252058 (2019) Kat:3, Licht: 0","252058","3","2","5","11","07","6","1","0","1","1","0","0"
"POINT (7.172860175000039 50.662076225000078)","Unfall 252059 (2019) Kat:3, Licht: 0","252059","3","3","5","11","07","6","1","0","0","1","0","0"
"POINT (7.156887161000043 50.681929528000069)","Unfall 252060 (2019) Kat:3, Licht: 0","252060","3","3","5","11","12","6","0","0","1","1","0","0"
"POINT (7.149329893000072 50.731589801000041)","Unfall 252063 (2019) Kat:3, Licht: 0","252063","3","5","3","11","12","6","0","0","1","1","0","0"
"POINT (7.055691312000022 50.743255395000062)","Unfall 252065 (2019) Kat:3, Licht: 0","252065","3","6","2","11","12","6","0","0","0","1","0","0"
"POINT (7.128926718000059 50.697906312000043)","Unfall 252158 (2019) Kat:3, Licht: 2","252158","3","7","0","11","06","5","1","2","0","1","0","1"
"POINT (7.142566213000066 50.722672996000028)","Unfall 252160 (2019) Kat:3, Licht: 0","252160","3","7","0","11","08","5","1","0","1","0","0","0"
"POINT (7.091485360000036 50.739884148000044)","Unfall 252195 (2019) Kat:3, Licht: 2","252195","3","4","6","11","17","5","0","2","1","0","1","0"
"POINT (7.106996588000072 50.720041794000053)","Unfall 252214 (2019) Kat:3, Licht: 1","252214","3","5","1","11","17","6","0","1","1","1","0","0"
"POINT (7.085546582000063 50.755520213000068)","Unfall 252227 (2019) Kat:3, Licht: 0","252227","3","2","5","11","16","6","0","0","0","0","0","0"
"POINT (7.076904106000029 50.750836357000026)","Unfall 252236 (2019) Kat:3, Licht: 0","252236","3","2","0","11","13","6","0","0","0","1","0","1"
"POINT (7.179389335000053 50.712155801000051)","Unfall 252271 (2019) Kat:2, Licht: 0","252271","2","5","1","11","11","4","1","0","1","1","0","0"
"POINT (7.054871506000040 50.743563037000058)","Unfall 252273 (2019) Kat:2, Licht: 0","252273","2","2","0","11","13","4","0","0","0","1","0","1"
"POINT (7.159029233000069 50.697362190000035)","Unfall 252350 (2019) Kat:2, Licht: 2","252350","2","6","2","11","17","3","1","2","0","1","0","1"
"POINT (7.092915055000049 50.731655770000032)","Unfall 252351 (2019) Kat:3, Licht: 0","252351","3","6","4","11","12","3","0","0","1","0","0","0"
"POINT (7.101703253000039 50.729443134000064)","Unfall 252353 (2019) Kat:3, Licht: 0","252353","3","1","0","11","15","3","1","0","1","0","0","0"
"POINT (7.128197513000032 50.714484653000056)","Unfall 252450 (2019) Kat:3, Licht: 0","252450","3","6","1","11","09","3","1","0","0","1","0","0"
"POINT (7.100880794000034 50.700594702000046)","Unfall 252452 (2019) Kat:3, Licht: 0","252452","3","3","5","11","11","3","1","0","1","1","0","0"
"POINT (7.115138154000022 50.719245904000047)","Unfall 252523 (2019) Kat:3, Licht: 2","252523","3","6","1","11","16","2","1","2","0","1","0","0"
"POINT (7.048180448000039 50.737617360000058)","Unfall 252525 (2019) Kat:2, Licht: 1","252525","2","7","6","11","16","2","1","1","0","1","1","0"
"POINT (7.103225225000074 50.727860542000030)","Unfall 252526 (2019) Kat:3, Licht: 0","252526","3","6","3","11","12","2","1","0","1","1","0","0"
"POINT (7.080805710000050 50.753088078000076)","Unfall 252527 (2019) Kat:3, Licht: 2","252527","3","2","6","11","18","2","1","2","0","1","1","0"
"POINT (7.157006914000021 50.682906655000068)","Unfall 252593 (2019) Kat:3, Licht: 2","252593","3","2","6","11","19","1","1","2","0","0","1","0"
"POINT (7.071079265000037 50.742470139000034)","Unfall 252594 (2019) Kat:3, Licht: 0","252594","3","6","2","11","14","1","0","0","0","1","0","0"
"POINT (7.107898681000052 50.720745871000076)","Unfall 252628 (2019) Kat:3, Licht: 0","252628","3","6","3","11","09","7","0","0","0","1","0","0"
"POINT (7.083852071000024 50.696336516000031)","Unfall 252676 (2019) Kat:3, Licht: 0","252676","3","3","0","11","13","6","0","0","0","1","0","1"
"POINT (7.134142822000058 50.694303344000048)","Unfall 252736 (2019) Kat:3, Licht: 2","252736","3","3","5","11","19","6","0","2","1","1","0","0"
"POINT (7.155333498000061 50.741158209000048)","Unfall 252812 (2019) Kat:3, Licht: 0","252812","3","2","1","11","08","5","0","0","0","1","0","0"
"POINT (7.099562148000075 50.730613412000082)","Unfall 252813 (2019) Kat:3, Licht: 2","252813","3","3","5","11","18","5","1","2","1","1","0","0"
"POINT (7.110098968000045 50.706639400000029)","Unfall 252814 (2019) Kat:3, Licht: 0","252814","3","6","4","11","11","5","0","0","0","1","0","0"
"POINT (7.154863366000029 50.684480052000026)","Unfall 252879 (2019) Kat:3, Licht: 0","252879","3","1","6","11","13","4","0","0","0","0","1","0"
"POINT (7.100870074000056 50.727913854000064)","Unfall 252881 (2019) Kat:3, Licht: 0","252881","3","7","0","11","11","4","0","0","1","0","0","0"
"POINT (7.151242201000059 50.747184747000063)","Unfall 252985 (2019) Kat:3, Licht: 0","252985","3","3","0","11","16","4","0","0","0","1","0","0"
"POINT (7.094280614000070 50.722990954000068)","Unfall 252986 (2019) Kat:3, Licht: 0","252986","3","4","6","11","15","4","0","0","0","1","1","0"
"POINT (7.064337694000074 50.744945721000079)","Unfall 252987 (2019) Kat:3, Licht: 0","252987","3","1","8","11","11","4","1","0","0","0","0","1"
"POINT (7.084138656000050 50.740127322000035)","Unfall 252988 (2019) Kat:3, Licht: 1","252988","3","7","0","11","07","4","1","1","1","1","0","0"
"POINT (7.148513552000054 50.687889070000040)","Unfall 253048 (2019) Kat:3, Licht: 0","253048","3","6","2","11","15","3","0","0","1","1","0","0"
"POINT (7.184039462000044 50.659628945000065)","Unfall 253049 (2019) Kat:3, Licht: 0","253049","3","2","5","11","07","3","0","0","1","1","0","0"
"POINT (7.122018768000032 50.718385933000036)","Unfall 253051 (2019) Kat:3, Licht: 2","253051","3","3","5","11","06","3","0","2","1","1","0","0"
"POINT (7.085700773000042 50.728383633000078)","Unfall 253052 (2019) Kat:2, Licht: 0","253052","2","4","6","11","15","3","0","0","0","1","1","0"
"POINT (7.137472043000059 50.739778987000079)","Unfall 253125 (2019) Kat:3, Licht: 2","253125","3","7","0","11","18","2","0","2","1","0","0","0"
"POINT (7.155987466000056 50.685732908000034)","Unfall 253252 (2019) Kat:3, Licht: 0","253252","3","2","4","11","14","7","0","0","1","1","0","0"
"POINT (7.044204395000065 50.749961016000043)","Unfall 253254 (2019) Kat:3, Licht: 2","253254","3","4","6","11","17","7","0","2","0","1","1","0"
"POINT (7.080102216000057 50.698392244000047)","Unfall 253256 (2019) Kat:3, Licht: 0","253256","3","7","0","11","10","7","0","0","0","0","0","0"
"POINT (7.083224239000060 50.722627427000077)","Unfall 253257 (2019) Kat:3, Licht: 2","253257","3","6","2","11","21","7","0","2","0","1","0","0"
"POINT (7.087435402000040 50.739720588000068)","Unfall 253326 (2019) Kat:3, Licht: 2","253326","3","4","6","11","17","6","0","2","0","1","1","0"
"POINT (7.154090556000028 50.681468455000072)","Unfall 253410 (2019) Kat:3, Licht: 2","253410","3","3","5","11","17","5","1","2","1","1","0","0"
"POINT (7.029774372000077 50.712097603000075)","Unfall 253411 (2019) Kat:3, Licht: 2","253411","3","7","0","11","23","5","1","2","0","0","1","0"
"POINT (7.051245027000050 50.746765201000073)","Unfall 253416 (2019) Kat:2, Licht: 2","253416","2","4","6","11","19","5","1","2","0","1","1","0"
"POINT (7.114135022000028 50.704383352000036)","Unfall 253417 (2019) Kat:3, Licht: 0","253417","3","2","5","11","10","5","0","0","0","1","0","0"
"POINT (7.055729932000077 50.712830198000063)","Unfall 253505 (2019) Kat:3, Licht: 2","253505","3","2","5","12","19","4","0","2","0","1","0","0"
"POINT (7.041977333000034 50.711309317000030)","Unfall 253506 (2019) Kat:3, Licht: 0","253506","3","1","0","12","07","4","1","0","0","0","0","1"
"POINT (7.093986413000039 50.723085964000063)","Unfall 253507 (2019) Kat:3, Licht: 1","253507","3","3","5","12","16","4","0","1","1","1","0","0"
"POINT (7.170137722000050 50.684193852000078)","Unfall 253691 (2019) Kat:2, Licht: 2","253691","2","7","0","12","20","2","1","2","0","1","0","0"
"POINT (7.095254023000052 50.735816003000082)","Unfall 253692 (2019) Kat:3, Licht: 2","253692","3","7","0","12","18","2","1","2","1","0","0","0"
"POINT (7.087187137000058 50.742166482000073)","Unfall 253693 (2019) Kat:3, Licht: 2","253693","3","3","5","12","17","2","1","2","1","0","0","0"
"POINT (7.098793511000054 50.730835805000027)","Unfall 253694 (2019) Kat:3, Licht: 0","253694","3","2","5","12","10","2","1","0","1","1","0","0"
"POINT (7.076719826000044 50.732725066000057)","Unfall 253703 (2019) Kat:3, Licht: 0","253703","3","3","5","12","13","2","1","0","1","1","0","0"
"POINT (7.152399046000028 50.666376658000047)","Unfall 253776 (2019) Kat:3, Licht: 2","253776","3","2","6","12","20","7","0","2","0","1","1","0"
"POINT (7.127017509000041 50.697608072000037)","Unfall 253810 (2019) Kat:3, Licht: 0","253810","3","3","5","12","14","2","1","0","1","1","0","0"
"POINT (7.153326383000035 50.683866301000080)","Unfall 253855 (2019) Kat:3, Licht: 2","253855","3","1","0","12","17","6","1","2","1","0","0","0"
"POINT (7.104541604000076 50.716725671000063)","Unfall 253856 (2019) Kat:3, Licht: 2","253856","3","6","2","12","17","6","1","2","0","1","0","0"
"POINT (7.094938832000025 50.721693582000057)","Unfall 253857 (2019) Kat:2, Licht: 0","253857","2","7","6","12","08","6","1","0","1","0","1","0"
"POINT (7.162020267000059 50.700181278000059)","Unfall 253944 (2019) Kat:2, Licht: 2","253944","2","3","4","12","17","5","0","2","1","1","0","0"
"POINT (7.046565367000028 50.707336517000044)","Unfall 253946 (2019) Kat:2, Licht: 2","253946","2","7","0","12","18","5","0","2","1","0","0","0"
"POINT (7.146153645000027 50.721725718000073)","Unfall 253947 (2019) Kat:3, Licht: 0","253947","3","7","2","12","15","5","0","0","0","1","0","0"
"POINT (7.051443262000021 50.747627286000068)","Unfall 253948 (2019) Kat:3, Licht: 0","253948","3","3","5","12","15","5","0","0","1","1","0","0"
"POINT (7.090705691000039 50.740182945000072)","Unfall 253949 (2019) Kat:3, Licht: 0","253949","3","7","0","12","11","5","0","0","0","0","1","0"
"POINT (7.047830702000056 50.722579042000064)","Unfall 253995 (2019) Kat:3, Licht: 0","253995","3","7","0","12","15","4","0","0","0","0","1","0"
"POINT (7.117197133000047 50.743379348000076)","Unfall 253997 (2019) Kat:3, Licht: 2","253997","3","3","1","12","23","4","1","2","1","0","0","0"
"POINT (7.070353890000035 50.725455067000041)","Unfall 254104 (2019) Kat:3, Licht: 0","254104","3","7","5","12","12","3","0","0","1","1","0","0"
"POINT (7.099459076000073 50.705430712000066)","Unfall 254105 (2019) Kat:2, Licht: 0","254105","2","2","6","12","12","3","0","0","0","1","1","0"
"POINT (7.097280128000023 50.732381000000032)","Unfall 254107 (2019) Kat:3, Licht: 2","254107","3","7","0","12","16","3","0","2","0","0","0","0"
"POINT (7.173020482000027 50.671942137000030)","Unfall 254238 (2019) Kat:2, Licht: 2","254238","2","3","5","12","17","2","1","2","0","1","0","0"
"POINT (7.093264836000060 50.741474502000074)","Unfall 254239 (2019) Kat:3, Licht: 0","254239","3","5","1","12","14","2","1","0","1","1","0","0"
"POINT (7.099605838000059 50.730648334000080)","Unfall 254240 (2019) Kat:2, Licht: 2","254240","2","1","0","12","20","2","1","2","1","0","0","0"
"POINT (7.116794436000021 50.716072547000067)","Unfall 254289 (2019) Kat:3, Licht: 2","254289","3","3","5","12","18","1","1","2","1","1","0","0"
"POINT (7.177315516000022 50.663547175000076)","Unfall 254326 (2019) Kat:3, Licht: 0","254326","3","7","0","12","12","7","1","0","0","0","0","0"
"POINT (7.145254674000057 50.680306459000064)","Unfall 254327 (2019) Kat:3, Licht: 0","254327","3","3","5","12","13","7","1","0","0","1","0","0"
"POINT (7.045974591000061 50.749887116000082)","Unfall 254328 (2019) Kat:3, Licht: 2","254328","3","4","6","12","18","7","1","2","0","1","1","0"
"POINT (7.164954011000020 50.677905315000032)","Unfall 254382 (2019) Kat:3, Licht: 0","254382","3","3","5","12","13","6","1","0","0","1","0","0"
"POINT (7.153272431000062 50.686832929000047)","Unfall 254383 (2019) Kat:3, Licht: 1","254383","3","5","1","12","07","6","1","1","0","1","0","0"
"POINT (7.030348719000074 50.712507343000027)","Unfall 254384 (2019) Kat:3, Licht: 1","254384","3","2","5","12","16","6","1","1","0","1","0","0"