WKT,Name,OBJECTID,UKATEGORIE,UTYP1,UART,UMONAT,USTUNDE,UWOCHENTAG,STRZUSTAND,ULICHTVERH,ISTRAD,ISTPKW,ISTFUSS,ISTKRAD
"POINT (7.057962837000048 50.707926567000072)","Unfall 254385 (2019) Kat:3, Licht: 0","254385","3","2","5","12","14","6","1","0","1","1","0","0"
"POINT (7.085101183000063 50.728701428000079)","Unfall 254387 (2019) Kat:3, Licht: 2","254387","3","1","8","12","22","6","1","2","0","1","0","0"
"POINT (7.164873773000068 50.686651525000059)","Unfall 254477 (2019) Kat:2, Licht: 2","254477","2","2","6","12","17","5","0","2","0","1","1","0"
"POINT (7.155318404000070 50.694391186000075)","Unfall 254478 (2019) Kat:3, Licht: 0","254478","3","3","5","12","11","5","1","0","0","1","0","0"
"POINT (7.115557941000077 50.709349957000029)","Unfall 254549 (2019) Kat:3, Licht: 0","254549","3","5","3","12","13","5","0","0","1","1","0","0"
"POINT (7.137479053000050 50.711495029000048)","Unfall 254600 (2019) Kat:3, Licht: 0","254600","3","3","5","12","12","6","1","0","0","1","0","0"
"POINT (7.103000304000034 50.700186503000054)","Unfall 254604 (2019) Kat:3, Licht: 0","254604","3","3","5","12","16","6","1","0","1","1","0","0"
"POINT (7.137226272000021 50.682052137000028)","Unfall 254720 (2019) Kat:3, Licht: 0","254720","3","4","6","12","13","3","0","0","0","1","1","0"
"POINT (7.040494893000073 50.713099749000037)","Unfall 254722 (2019) Kat:3, Licht: 0","254722","3","5","1","12","10","3","0","0","0","1","0","0"
"POINT (7.109986780000043 50.719512586000064)","Unfall 254723 (2019) Kat:3, Licht: 2","254723","3","6","8","12","17","3","0","2","0","1","0","0"
"POINT (7.084185129000048 50.694145487000071)","Unfall 254807 (2019) Kat:3, Licht: 2","254807","3","2","5","12","19","5","0","2","0","1","0","0"
"POINT (7.140047488000050 50.696766203000038)","Unfall 254847 (2019) Kat:2, Licht: 1","254847","2","2","4","12","16","3","1","1","0","1","0","1"
"POINT (7.107124466000073 50.718818577000036)","Unfall 254848 (2019) Kat:3, Licht: 0","254848","3","3","5","12","13","3","1","0","0","1","0","1"
"POINT (7.098870638000051 50.732308023000030)","Unfall 254849 (2019) Kat:3, Licht: 0","254849","3","6","6","12","12","3","0","0","1","0","1","0"
"POINT (7.066466725000055 50.732839557000034)","Unfall 254897 (2019) Kat:2, Licht: 0","254897","2","3","5","12","15","2","1","0","0","1","0","1"
"POINT (7.173939527000073 50.672723890000043)","Unfall 255175 (2019) Kat:3, Licht: 0","255175","3","6","2","12","12","2","0","0","0","1","0","0"
"POINT (7.120205854000062 50.739332288000071)","Unfall 255176 (2019) Kat:3, Licht: 0","255176","3","7","4","12","15","2","0","0","0","1","0","0"
"POINT (7.080100335000054 50.698418472000071)","Unfall 73552 (2020) Kat:3, Licht: 0","73552","3","2","0","01","11","5","0","0","0","1","1","0"
"POINT (7.150561631000073 50.688866099000052)","Unfall 73778 (2020) Kat:3, Licht: 0","73778","3","7","5","01","10","7","0","0","0","1","0","0"
"POINT (7.131435933000034 50.735180107000076)","Unfall 73798 (2020) Kat:3, Licht: 0","73798","3","3","5","01","14","2","0","0","0","1","0","0"
"POINT (7.132136554000056 50.663861310000073)","Unfall 74023 (2020) Kat:3, Licht: 0","74023","3","1","8","01","15","2","0","0","0","1","0","0"
"POINT (7.141202893000070 50.697232629000041)","Unfall 74049 (2020) Kat:3, Licht: 2","74049","3","2","5","01","19","7","1","2","0","1","0","0"
"POINT (7.082267623000064 50.737558709000041)","Unfall 74061 (2020) Kat:3, Licht: 2","74061","3","6","2","01","23","4","1","2","0","1","0","0"
"POINT (7.080616528000064 50.701527033000048)","Unfall 74062 (2020) Kat:3, Licht: 0","74062","3","6","2","01","14","5","1","0","1","1","0","0"
"POINT (7.155522189000067 50.721278812000037)","Unfall 74188 (2020) Kat:3, Licht: 2","74188","3","2","6","01","07","5","1","2","0","1","1","0"
"POINT (7.155521950000036 50.751671826000063)","Unfall 74240 (2020) Kat:3, Licht: 2","74240","3","3","5","01","06","6","0","2","1","1","0","0"
"POINT (7.099162189000026 50.740252619000046)","Unfall 74485 (2020) Kat:3, Licht: 0","74485","3","2","5","01","10","3","0","0","0","0","0","0"
"POINT (7.167946831000052 50.744988008000064)","Unfall 74550 (2020) Kat:2, Licht: 0","74550","2","3","5","01","12","1","0","0","1","1","0","0"
"POINT (7.061834962000035 50.759651892000079)","Unfall 74567 (2020) Kat:3, Licht: 0","74567","3","1","0","01","15","2","0","0","1","0","0","0"
"POINT (7.117799936000040 50.739270476000058)","Unfall 74632 (2020) Kat:3, Licht: 2","74632","3","4","6","01","18","7","0","2","0","1","1","0"
"POINT (7.071708107000063 50.743529963000071)","Unfall 74806 (2020) Kat:3, Licht: 0","74806","3","6","2","01","16","6","1","0","0","1","0","0"
"POINT (7.133751794000034 50.704636392000054)","Unfall 74909 (2020) Kat:3, Licht: 0","74909","3","6","3","01","14","5","0","0","0","1","0","1"
"POINT (7.155557393000038 50.721051765000027)","Unfall 74920 (2020) Kat:3, Licht: 0","74920","3","3","5","01","16","5","0","0","1","1","0","0"
"POINT (7.120523592000041 50.745537142000046)","Unfall 74921 (2020) Kat:3, Licht: 2","74921","3","4","6","01","06","5","0","2","0","1","1","0"
"POINT (7.064925021000022 50.748931435000031)","Unfall 74927 (2020) Kat:3, Licht: 0","74927","3","6","3","01","11","1","1","0","0","1","0","0"
"POINT (7.137218030000042 50.672065460000056)","Unfall 75067 (2020) Kat:3, Licht: 0","75067","3","3","5","01","14","4","0","0","0","1","0","0"
"POINT (7.102988161000042 50.738102906000051)","Unfall 75073 (2020) Kat:3, Licht: 1","75073","3","6","6","01","17","3","0","1","0","0","1","0"
"POINT (7.071121357000038 50.740770349000059)","Unfall 75094 (2020) Kat:3, Licht: 1","75094","3","2","2","01","17","5","0","1","0","1","0","0"
"POINT (7.069461352000076 50.740478762000066)","Unfall 75111 (2020) Kat:3, Licht: 2","75111","3","3","5","01","19","3","0","2","1","0","0","0"
"POINT (7.153070923000030 50.686645390000081)","Unfall 75151 (2020) Kat:3, Licht: 0","75151","3","1","6","01","13","5","0","0","1","0","1","0"
"POINT (7.129938994000042 50.737315990000070)","Unfall 75154 (2020) Kat:3, Licht: 2","75154","3","6","2","01","17","4","1","2","0","1","0","1"
"POINT (7.158465325000066 50.753040125000041)","Unfall 75228 (2020) Kat:3, Licht: 0","75228","3","3","5","01","08","5","0","0","0","1","0","0"
"POINT (7.066730295000070 50.710607987000060)","Unfall 75246 (2020) Kat:3, Licht: 2","75246","3","3","5","01","07","2","1","2","0","1","0","0"
"POINT (7.107057651000048 50.732175212000072)","Unfall 75335 (2020) Kat:3, Licht: 0","75335","3","6","3","01","14","5","0","0","0","1","0","1"
"POINT (7.171671326000023 50.733965362000049)","Unfall 75392 (2020) Kat:3, Licht: 0","75392","3","6","3","01","16","5","0","0","1","1","0","0"
"POINT (7.085877749000076 50.745380401000034)","Unfall 75394 (2020) Kat:3, Licht: 0","75394","3","3","5","01","08","4","1","0","1","1","0","0"
"POINT (7.079713240000046 50.730616902000065)","Unfall 75569 (2020) Kat:3, Licht: 1","75569","3","6","2","01","07","4","0","1","0","1","0","1"
"POINT (7.120488425000076 50.745586008000032)","Unfall 75736 (2020) Kat:3, Licht: 2","75736","3","3","5","01","06","4","1","2","0","1","0","1"
"POINT (7.089773453000021 50.743666106000035)","Unfall 75814 (2020) Kat:3, Licht: 0","75814","3","3","0","01","08","4","1","0","1","1","0","0"
"POINT (7.093335203000038 50.735994177000066)","Unfall 75853 (2020) Kat:3, Licht: 2","75853","3","1","0","01","20","1","0","2","1","0","0","0"
"POINT (7.090025578000052 50.724237838000079)","Unfall 75936 (2020) Kat:3, Licht: 2","75936","3","3","5","02","17","2","1","2","0","1","0","0"
"POINT (7.120786340000052 50.741295327000046)","Unfall 75954 (2020) Kat:3, Licht: 2","75954","3","4","6","01","20","6","0","2","0","1","1","0"
"POINT (7.174610626000060 50.713034288000074)","Unfall 76004 (2020) Kat:3, Licht: 0","76004","3","6","2","01","14","5","0","0","0","1","0","0"
"POINT (7.134660221000047 50.742385399000057)","Unfall 76006 (2020) Kat:3, Licht: 2","76006","3","2","6","02","21","2","1","2","0","1","1","0"
"POINT (7.122607816000027 50.743923412000072)","Unfall 76291 (2020) Kat:3, Licht: 0","76291","3","3","5","02","12","2","0","0","0","0","0","0"
"POINT (7.077571017000025 50.729701468000030)","Unfall 76375 (2020) Kat:3, Licht: 2","76375","3","2","5","02","06","4","1","2","1","0","0","0"
"POINT (7.100660694000055 50.742471322000029)","Unfall 76446 (2020) Kat:3, Licht: 0","76446","3","2","3","02","13","5","0","0","1","1","0","0"
"POINT (7.103861296000048 50.737278127000081)","Unfall 76622 (2020) Kat:3, Licht: 0","76622","3","6","2","02","12","2","0","0","0","1","0","0"
"POINT (7.182791211000051 50.668716703000030)","Unfall 76644 (2020) Kat:3, Licht: 1","76644","3","6","2","02","16","6","0","1","1","1","0","0"
"POINT (7.183038066000052 50.668824662000077)","Unfall 76705 (2020) Kat:3, Licht: 0","76705","3","2","5","02","11","2","1","0","0","1","0","0"
"POINT (7.114605017000031 50.761390248000055)","Unfall 76737 (2020) Kat:3, Licht: 0","76737","3","6","2","02","15","6","0","0","0","1","0","0"
"POINT (7.086154660000034 50.719267149000075)","Unfall 76840 (2020) Kat:3, Licht: 0","76840","3","5","2","02","13","3","0","0","1","1","0","0"
"POINT (7.100483098000041 50.743057228000055)","Unfall 76845 (2020) Kat:3, Licht: 0","76845","3","3","5","02","08","3","0","0","0","1","0","0"
"POINT (7.131595911000034 50.706564529000048)","Unfall 76862 (2020) Kat:3, Licht: 0","76862","3","6","2","02","09","5","0","0","0","1","0","0"
"POINT (7.140939728000035 50.697140128000058)","Unfall 76885 (2020) Kat:3, Licht: 0","76885","3","3","5","02","10","7","0","0","0","1","0","0"
"POINT (7.140041012000040 50.698389325000051)","Unfall 76959 (2020) Kat:3, Licht: 0","76959","3","3","5","02","16","5","0","0","1","1","0","0"
"POINT (7.139504174000024 50.698599531000070)","Unfall 76992 (2020) Kat:3, Licht: 0","76992","3","5","1","02","08","4","0","0","1","1","0","0"
"POINT (7.089285208000035 50.723214034000080)","Unfall 76997 (2020) Kat:3, Licht: 0","76997","3","5","1","02","13","4","0","0","1","1","0","0"
"POINT (7.081326785000044 50.736740710000049)","Unfall 77028 (2020) Kat:2, Licht: 1","77028","2","4","6","02","17","5","0","1","0","1","1","0"
"POINT (7.135125174000052 50.703335621000065)","Unfall 77125 (2020) Kat:3, Licht: 0","77125","3","6","2","02","16","3","1","0","1","1","0","0"
"POINT (7.106699798000022 50.732785211000078)","Unfall 77240 (2020) Kat:3, Licht: 0","77240","3","6","3","02","14","7","0","0","0","1","0","0"
"POINT (7.122589819000041 50.743899371000055)","Unfall 77251 (2020) Kat:3, Licht: 2","77251","3","2","5","02","18","6","0","2","1","1","0","0"
"POINT (7.084505291000028 50.737492577000069)","Unfall 77258 (2020) Kat:3, Licht: 0","77258","3","4","6","02","11","6","1","0","0","1","1","0"
"POINT (7.072620011000026 50.727873643000066)","Unfall 77262 (2020) Kat:2, Licht: 2","77262","2","7","0","02","21","6","0","2","1","0","0","0"
"POINT (7.081944109000062 50.726765805000070)","Unfall 77447 (2020) Kat:3, Licht: 2","77447","3","1","9","02","22","7","0","2","0","1","0","0"
"POINT (7.103270191000036 50.737557613000035)","Unfall 77468 (2020) Kat:3, Licht: 2","77468","3","6","6","02","22","5","1","2","0","1","1","0"
"POINT (7.067390906000071 50.713883850000059)","Unfall 77514 (2020) Kat:3, Licht: 0","77514","3","2","5","02","17","6","0","0","1","1","0","0"
"POINT (7.183084807000057 50.668771927000080)","Unfall 77515 (2020) Kat:3, Licht: 2","77515","3","2","6","02","21","5","1","2","0","1","1","0"
"POINT (7.062723393000056 50.722005327000034)","Unfall 77561 (2020) Kat:3, Licht: 0","77561","3","6","3","02","15","4","0","0","0","1","0","0"
"POINT (7.159864688000027 50.717640694000067)","Unfall 77565 (2020) Kat:3, Licht: 0","77565","3","6","5","02","07","4","1","0","0","1","0","1"
"POINT (7.133677470000066 50.751397351000037)","Unfall 77572 (2020) Kat:3, Licht: 1","77572","3","6","2","02","07","4","1","1","0","1","0","0"
"POINT (7.046795161000034 50.739936374000081)","Unfall 77578 (2020) Kat:3, Licht: 0","77578","3","3","5","02","13","4","0","0","1","1","0","0"
"POINT (7.119762143000060 50.749582073000056)","Unfall 77595 (2020) Kat:3, Licht: 0","77595","3","3","5","02","09","5","0","0","1","0","0","0"
"POINT (7.121788900000070 50.742802119000032)","Unfall 77709 (2020) Kat:3, Licht: 1","77709","3","4","6","02","18","5","0","1","0","1","1","0"
"POINT (7.181660959000055 50.668256741000050)","Unfall 77745 (2020) Kat:3, Licht: 0","77745","3","4","6","02","16","3","0","0","0","1","1","0"
"POINT (7.135225165000065 50.703238062000025)","Unfall 77749 (2020) Kat:3, Licht: 0","77749","3","2","2","02","08","3","1","0","0","1","0","1"
"POINT (7.158898161000025 50.753162069000041)","Unfall 77756 (2020) Kat:3, Licht: 0","77756","3","6","2","02","15","3","0","0","0","1","0","0"
"POINT (7.095963898000036 50.741916607000064)","Unfall 77760 (2020) Kat:3, Licht: 0","77760","3","1","0","02","16","3","1","0","1","0","0","0"
"POINT (7.125558555000055 50.741971761000059)","Unfall 77836 (2020) Kat:3, Licht: 2","77836","3","2","6","02","19","3","1","2","0","1","1","0"
"POINT (7.104498974000023 50.737526176000074)","Unfall 77845 (2020) Kat:3, Licht: 0","77845","3","6","2","02","09","3","1","0","0","1","0","0"
"POINT (7.131669807000037 50.706565792000049)","Unfall 77954 (2020) Kat:3, Licht: 2","77954","3","6","2","02","18","5","1","2","0","1","0","0"
"POINT (7.130608334000044 50.661390476000065)","Unfall 77968 (2020) Kat:3, Licht: 2","77968","3","7","0","02","23","1","1","2","0","1","0","0"
"POINT (7.077871535000043 50.729438281000057)","Unfall 77973 (2020) Kat:3, Licht: 0","77973","3","3","5","02","13","1","0","0","0","1","0","0"
"POINT (7.143095065000068 50.752144095000062)","Unfall 78217 (2020) Kat:3, Licht: 2","78217","3","6","2","03","01","1","0","2","0","1","0","0"
"POINT (7.041197253000064 50.714287233000050)","Unfall 78297 (2020) Kat:2, Licht: 0","78297","2","5","1","02","13","5","1","0","0","1","0","1"
"POINT (7.088489129000038 50.722002641000074)","Unfall 78298 (2020) Kat:3, Licht: 2","78298","3","2","0","02","20","5","1","2","0","1","1","0"
"POINT (7.076876726000023 50.750824502000057)","Unfall 78358 (2020) Kat:2, Licht: 0","78358","2","2","5","02","09","7","0","0","0","1","0","1"
"POINT (7.079936242000031 50.749589844000070)","Unfall 78397 (2020) Kat:3, Licht: 0","78397","3","6","2","02","14","6","0","0","0","1","0","0"
"POINT (7.159518927000022 50.727152578000073)","Unfall 78446 (2020) Kat:3, Licht: 0","78446","3","6","3","03","14","2","0","0","0","1","0","0"
"POINT (7.091744900000037 50.725773188000062)","Unfall 78578 (2020) Kat:3, Licht: 0","78578","3","4","6","03","12","4","0","0","0","1","1","0"
"POINT (7.095034799000075 50.729423833000055)","Unfall 78579 (2020) Kat:3, Licht: 0","78579","3","4","0","03","12","6","1","0","1","0","1","0"
"POINT (7.076948712000046 50.729066577000026)","Unfall 78606 (2020) Kat:3, Licht: 0","78606","3","7","0","03","16","3","0","0","0","0","0","0"
"POINT (7.129659910000044 50.707975336000061)","Unfall 78669 (2020) Kat:3, Licht: 0","78669","3","6","2","03","12","4","0","0","0","1","0","0"
"POINT (7.148289776000070 50.691487247000055)","Unfall 78670 (2020) Kat:3, Licht: 2","78670","3","6","3","03","06","6","0","2","0","1","0","0"
"POINT (7.138849516000050 50.758861204000027)","Unfall 78686 (2020) Kat:3, Licht: 0","78686","3","6","3","03","09","4","0","0","0","1","0","0"
"POINT (7.105259066000031 50.737613888000055)","Unfall 78756 (2020) Kat:3, Licht: 0","78756","3","7","0","03","17","4","1","0","0","1","0","0"
"POINT (7.117376505000038 50.739165155000080)","Unfall 78932 (2020) Kat:2, Licht: 0","78932","2","4","6","03","15","4","1","0","0","0","1","0"
"POINT (7.141922781000062 50.696151163000081)","Unfall 78933 (2020) Kat:3, Licht: 0","78933","3","6","2","03","10","6","1","0","0","1","0","0"
"POINT (7.057063707000054 50.719299213000056)","Unfall 79076 (2020) Kat:3, Licht: 0","79076","3","3","5","03","13","3","1","0","1","1","0","0"
"POINT (7.171292051000023 50.734121571000060)","Unfall 79079 (2020) Kat:3, Licht: 2","79079","3","1","8","03","20","3","1","2","0","0","0","1"
"POINT (7.067790947000049 50.708389930000067)","Unfall 79356 (2020) Kat:2, Licht: 0","79356","2","3","5","03","14","5","0","0","1","1","0","0"
"POINT (7.081014213000060 50.750269036000077)","Unfall 79370 (2020) Kat:2, Licht: 0","79370","2","6","2","03","17","4","0","0","0","1","0","0"
"POINT (7.131460560000051 50.706667938000066)","Unfall 79473 (2020) Kat:3, Licht: 2","79473","3","3","5","03","20","2","0","2","0","1","0","0"
"POINT (7.147961031000023 50.727049471000043)","Unfall 79567 (2020) Kat:3, Licht: 0","79567","3","3","5","03","18","2","0","0","1","1","0","0"
"POINT (7.166104712000049 50.721499035000079)","Unfall 79647 (2020) Kat:2, Licht: 0","79647","2","7","9","03","08","5","0","0","0","1","0","0"
"POINT (7.140530178000063 50.697568504000060)","Unfall 79670 (2020) Kat:3, Licht: 0","79670","3","6","2","03","17","5","0","0","0","1","0","0"
"POINT (7.143363302000068 50.676229442000079)","Unfall 79687 (2020) Kat:3, Licht: 0","79687","3","6","4","03","15","7","0","0","0","1","0","0"
"POINT (7.099503605000052 50.746164418000035)","Unfall 79709 (2020) Kat:3, Licht: 0","79709","3","5","1","03","08","7","0","0","1","1","0","0"
"POINT (7.122914560000027 50.744329942000036)","Unfall 79721 (2020) Kat:3, Licht: 0","79721","3","6","2","03","12","6","0","0","0","1","0","0"
"POINT (7.096618644000046 50.741744601000050)","Unfall 79730 (2020) Kat:3, Licht: 1","79730","3","7","8","03","18","7","0","1","1","0","0","0"
"POINT (7.124992690000056 50.747050708000074)","Unfall 79765 (2020) Kat:3, Licht: 0","79765","3","6","0","03","16","5","0","0","0","0","0","1"
"POINT (7.176264313000047 50.662741490000030)","Unfall 79866 (2020) Kat:2, Licht: 0","79866","2","1","0","03","16","5","0","0","0","0","0","1"
"POINT (7.144734457000027 50.678337823000049)","Unfall 80077 (2020) Kat:3, Licht: 0","80077","3","7","0","03","15","4","0","0","1","0","0","0"
"POINT (7.086547220000057 50.737287462000040)","Unfall 80205 (2020) Kat:3, Licht: 0","80205","3","2","3","03","17","2","0","0","1","0","0","0"
"POINT (7.115927095000075 50.739088272000060)","Unfall 80210 (2020) Kat:3, Licht: 0","80210","3","3","5","03","16","1","0","0","1","0","0","1"
"POINT (7.081181412000035 50.748239853000030)","Unfall 80413 (2020) Kat:3, Licht: 0","80413","3","1","2","03","17","2","0","0","0","1","0","0"
"POINT (7.090025922000052 50.743714305000026)","Unfall 80429 (2020) Kat:3, Licht: 2","80429","3","2","5","03","05","2","0","2","1","1","0","0"
"POINT (7.157010963000062 50.752718743000059)","Unfall 80554 (2020) Kat:3, Licht: 0","80554","3","2","5","04","16","2","0","0","0","1","0","0"
"POINT (7.093888895000021 50.742478945000073)","Unfall 80597 (2020) Kat:3, Licht: 0","80597","3","7","0","04","14","7","0","0","1","0","0","0"
"POINT (7.065795527000034 50.757328313000073)","Unfall 80616 (2020) Kat:3, Licht: 0","80616","3","1","2","04","13","7","0","0","0","1","0","0"
"POINT (7.144381984000063 50.694124574000057)","Unfall 80617 (2020) Kat:3, Licht: 0","80617","3","1","0","04","17","1","0","0","0","0","0","1"
"POINT (7.153412573000026 50.740035391000049)","Unfall 80686 (2020) Kat:3, Licht: 1","80686","3","2","4","04","20","5","0","1","0","1","0","0"
"POINT (7.136405392000029 50.751719218000062)","Unfall 80706 (2020) Kat:3, Licht: 0","80706","3","5","3","04","18","3","0","0","0","1","0","0"
"POINT (7.122613120000040 50.743930498000054)","Unfall 80855 (2020) Kat:3, Licht: 0","80855","3","6","2","04","17","5","0","0","0","1","0","0"
"POINT (7.089996546000066 50.731342413000050)","Unfall 80868 (2020) Kat:3, Licht: 0","80868","3","2","6","04","10","4","0","0","0","1","1","0"
"POINT (7.114057814000034 50.761027477000027)","Unfall 80979 (2020) Kat:3, Licht: 0","80979","3","6","4","04","13","4","0","0","0","1","0","0"
"POINT (7.166819849000035 50.678306059000079)","Unfall 81086 (2020) Kat:3, Licht: 0","81086","3","3","5","04","19","3","0","0","1","1","0","0"
"POINT (7.191729706000047 50.658634676000077)","Unfall 81127 (2020) Kat:3, Licht: 0","81127","3","6","3","04","18","7","0","0","0","0","0","1"
"POINT (7.135637425000027 50.731102187000033)","Unfall 81129 (2020) Kat:3, Licht: 0","81129","3","3","5","04","12","7","0","0","0","1","0","0"
"POINT (7.108206388000042 50.737951105000036)","Unfall 81269 (2020) Kat:3, Licht: 0","81269","3","1","0","04","14","6","0","0","0","0","0","0"
"POINT (7.142958372000066 50.695144510000034)","Unfall 81318 (2020) Kat:3, Licht: 0","81318","3","3","5","04","17","5","0","0","0","1","0","0"
"POINT (7.121793017000073 50.762836617000062)","Unfall 81319 (2020) Kat:3, Licht: 0","81319","3","3","5","04","12","6","0","0","0","1","0","0"
"POINT (7.148195082000029 50.691361624000081)","Unfall 81321 (2020) Kat:3, Licht: 0","81321","3","3","5","04","17","5","0","0","0","1","0","0"
"POINT (7.100867459000028 50.741749436000077)","Unfall 81329 (2020) Kat:2, Licht: 2","81329","2","1","9","04","03","5","0","2","1","1","0","1"
"POINT (7.115027526000063 50.738898427000038)","Unfall 81381 (2020) Kat:2, Licht: 2","81381","2","1","0","04","23","6","0","2","1","0","0","0"
"POINT (7.155582761000062 50.751692723000076)","Unfall 81677 (2020) Kat:3, Licht: 0","81677","3","3","5","04","16","4","0","0","1","0","0","0"
"POINT (7.067814773000066 50.726573511000026)","Unfall 81679 (2020) Kat:3, Licht: 0","81679","3","2","0","04","20","4","0","0","1","1","0","0"
"POINT (7.142542896000066 50.749664754000037)","Unfall 81866 (2020) Kat:1, Licht: 2","81866","1","1","9","04","01","6","0","2","0","1","0","0"
"POINT (7.115607497000042 50.739039364000064)","Unfall 81913 (2020) Kat:3, Licht: 0","81913","3","4","6","04","10","2","0","0","0","1","1","0"
"POINT (7.058429501000035 50.761675461000038)","Unfall 81921 (2020) Kat:3, Licht: 0","81921","3","3","5","04","16","2","0","0","1","1","0","0"
"POINT (7.198035207000032 50.652179810000064)","Unfall 82063 (2020) Kat:3, Licht: 0","82063","3","7","6","04","11","4","0","0","0","1","1","0"
"POINT (7.122760779000032 50.743739095000080)","Unfall 82350 (2020) Kat:3, Licht: 0","82350","3","2","5","04","15","3","1","0","1","1","0","0"
"POINT (7.101258382000026 50.737367236000068)","Unfall 82362 (2020) Kat:3, Licht: 0","82362","3","2","6","04","16","5","1","0","0","1","1","0"
"POINT (7.068274994000035 50.706933854000056)","Unfall 82370 (2020) Kat:2, Licht: 0","82370","2","7","5","05","16","1","0","0","0","1","0","1"
"POINT (7.103487473000030 50.737546646000055)","Unfall 82376 (2020) Kat:2, Licht: 0","82376","2","6","1","05","15","1","0","0","0","1","0","0"
"POINT (7.093786433000048 50.736177934000068)","Unfall 82381 (2020) Kat:3, Licht: 0","82381","3","3","5","05","16","2","0","0","0","1","0","0"
"POINT (7.115812791000053 50.738934209000035)","Unfall 82389 (2020) Kat:3, Licht: 0","82389","3","1","2","05","19","4","0","0","0","1","0","0"
"POINT (7.148957006000046 50.690927039000030)","Unfall 82443 (2020) Kat:3, Licht: 0","82443","3","6","2","05","15","3","0","0","0","1","0","0"
"POINT (7.139174591000028 50.742428734000043)","Unfall 82537 (2020) Kat:3, Licht: 0","82537","3","3","5","05","16","4","0","0","1","1","0","0"
"POINT (7.173859599000025 50.713878367000063)","Unfall 82541 (2020) Kat:1, Licht: 0","82541","1","6","4","05","12","4","0","0","0","1","0","0"
"POINT (7.092411019000053 50.726331939000033)","Unfall 82623 (2020) Kat:3, Licht: 0","82623","3","7","2","05","06","6","1","0","0","1","0","0"
"POINT (7.075976514000047 50.740325162000033)","Unfall 82643 (2020) Kat:2, Licht: 0","82643","2","2","6","05","13","2","0","0","0","1","1","0"
"POINT (7.092042576000040 50.717984394000041)","Unfall 82655 (2020) Kat:3, Licht: 0","82655","3","3","0","05","06","4","0","0","0","0","0","1"
"POINT (7.151811209000073 50.687728946000050)","Unfall 82708 (2020) Kat:3, Licht: 0","82708","3","3","5","05","17","3","0","0","0","1","0","1"
"POINT (7.119836901000042 50.740546217000031)","Unfall 82792 (2020) Kat:2, Licht: 0","82792","2","2","5","04","13","5","0","0","0","1","0","0"
"POINT (7.101153403000069 50.737795460000029)","Unfall 82794 (2020) Kat:3, Licht: 0","82794","3","6","3","04","14","5","0","0","1","1","0","0"
"POINT (7.083831855000028 50.737542211000061)","Unfall 82910 (2020) Kat:3, Licht: 0","82910","3","2","2","05","18","7","0","0","0","1","0","0"
"POINT (7.157837757000038 50.728170261000059)","Unfall 82988 (2020) Kat:3, Licht: 0","82988","3","1","9","05","07","4","0","0","0","1","0","0"
"POINT (7.074963693000029 50.682632075000072)","Unfall 83045 (2020) Kat:3, Licht: 0","83045","3","7","0","05","12","5","0","0","1","0","0","0"
"POINT (7.149273211000036 50.752140159000078)","Unfall 83081 (2020) Kat:3, Licht: 0","83081","3","6","2","05","17","5","0","0","0","1","0","0"
"POINT (7.105679425000062 50.737660017000053)","Unfall 83087 (2020) Kat:3, Licht: 0","83087","3","2","5","05","07","5","0","0","1","1","0","0"
"POINT (7.155551337000077 50.751682328000072)","Unfall 83181 (2020) Kat:3, Licht: 0","83181","3","2","5","05","17","3","0","0","1","1","0","0"
"POINT (7.157078686000034 50.719936081000071)","Unfall 83228 (2020) Kat:3, Licht: 0","83228","3","5","1","05","14","2","0","0","0","1","0","0"
"POINT (7.101683914000034 50.737552059000052)","Unfall 83454 (2020) Kat:3, Licht: 0","83454","3","6","2","05","17","6","0","0","1","1","0","0"
"POINT (7.097808042000054 50.741390961000036)","Unfall 83458 (2020) Kat:3, Licht: 0","83458","3","4","6","05","11","6","0","0","0","1","1","0"
"POINT (7.151457225000058 50.688051086000030)","Unfall 83612 (2020) Kat:3, Licht: 0","83612","3","3","5","05","16","2","0","0","1","1","0","0"
"POINT (7.138432588000057 50.765191762000029)","Unfall 83625 (2020) Kat:3, Licht: 0","83625","3","6","2","05","11","6","0","0","0","1","0","0"
"POINT (7.081714692000048 50.727241899000035)","Unfall 83704 (2020) Kat:3, Licht: 0","83704","3","6","2","05","11","3","0","0","0","1","0","0"
"POINT (7.136783398000034 50.701378627000054)","Unfall 83753 (2020) Kat:3, Licht: 0","83753","3","6","2","05","17","3","0","0","0","1","0","1"
"POINT (7.117072327000074 50.739244300000053)","Unfall 83759 (2020) Kat:3, Licht: 1","83759","3","6","3","05","21","5","0","1","0","0","0","0"
"POINT (7.078166452000062 50.729814589000057)","Unfall 83774 (2020) Kat:3, Licht: 0","83774","3","6","2","05","13","4","0","0","0","1","0","0"
"POINT (7.091346106000060 50.718189898000048)","Unfall 83856 (2020) Kat:3, Licht: 0","83856","3","6","2","05","09","5","0","0","0","1","0","0"
"POINT (7.115787576000059 50.739070699000081)","Unfall 83867 (2020) Kat:3, Licht: 0","83867","3","3","5","05","07","4","0","0","1","1","0","0"
"POINT (7.149434450000058 50.742166834000045)","Unfall 83964 (2020) Kat:3, Licht: 0","83964","3","2","5","05","19","5","0","0","1","1","0","0"
"POINT (7.122845075000043 50.743848648000039)","Unfall 83986 (2020) Kat:3, Licht: 2","83986","3","2","5","05","21","6","1","2","0","1","0","0"