WKT,Name,OBJECTID,UKATEGORIE,UTYP1,UART,UMONAT,USTUNDE,UWOCHENTAG,STRZUSTAND,ULICHTVERH,ISTRAD,ISTPKW,ISTFUSS,ISTKRAD
"POINT (7.111112218000073 50.760691094000038)","Unfall 84092 (2020) Kat:3, Licht: 0","84092","3","6","3","05","13","4","0","0","0","1","0","0"
"POINT (7.101135976000023 50.738013736000028)","Unfall 84139 (2020) Kat:3, Licht: 0","84139","3","7","4","05","20","3","0","0","0","1","0","1"
"POINT (7.193828897000060 50.711242046000052)","Unfall 84155 (2020) Kat:2, Licht: 0","84155","2","1","8","05","17","7","0","0","1","0","0","0"
"POINT (7.077110019000031 50.742833985000061)","Unfall 84158 (2020) Kat:3, Licht: 2","84158","3","1","7","05","00","7","1","2","0","1","0","0"
"POINT (7.143352074000063 50.752143931000035)","Unfall 84184 (2020) Kat:3, Licht: 0","84184","3","3","5","05","11","2","0","0","0","1","0","0"
"POINT (7.143335077000074 50.752143942000032)","Unfall 84185 (2020) Kat:2, Licht: 0","84185","2","3","5","05","13","2","0","0","0","1","0","0"
"POINT (7.072321578000071 50.739037406000079)","Unfall 84241 (2020) Kat:2, Licht: 0","84241","2","6","3","05","13","3","0","0","0","1","0","0"
"POINT (7.082790404000036 50.732475425000075)","Unfall 84311 (2020) Kat:3, Licht: 0","84311","3","3","2","05","15","3","0","0","1","0","0","0"
"POINT (7.076888130000043 50.750817709000046)","Unfall 84313 (2020) Kat:2, Licht: 0","84313","2","2","5","05","19","1","0","0","0","1","0","0"
"POINT (7.101252195000029 50.757339876000060)","Unfall 84334 (2020) Kat:3, Licht: 0","84334","3","1","9","05","17","7","0","0","0","1","0","0"
"POINT (7.082346354000038 50.724354000000062)","Unfall 84338 (2020) Kat:2, Licht: 0","84338","2","6","3","05","12","7","0","0","0","1","0","0"
"POINT (7.131956501000047 50.734450979000030)","Unfall 84451 (2020) Kat:3, Licht: 0","84451","3","6","2","05","16","5","0","0","0","1","0","0"
"POINT (7.151453949000029 50.688054068000042)","Unfall 84575 (2020) Kat:3, Licht: 0","84575","3","3","5","05","19","5","0","0","1","1","0","0"
"POINT (7.094631934000063 50.746427922000066)","Unfall 84809 (2020) Kat:3, Licht: 0","84809","3","3","5","05","15","1","0","0","1","1","0","0"
"POINT (7.084643281000069 50.735889453000027)","Unfall 84821 (2020) Kat:3, Licht: 0","84821","3","1","0","05","15","1","0","0","1","0","0","0"
"POINT (7.078452824000067 50.741393677000076)","Unfall 84907 (2020) Kat:3, Licht: 0","84907","3","2","5","05","09","6","0","0","0","1","0","0"
"POINT (7.146159058000023 50.742577701000073)","Unfall 85014 (2020) Kat:3, Licht: 0","85014","3","7","4","06","11","2","0","0","1","1","0","0"
"POINT (7.153243920000023 50.723818396000070)","Unfall 85036 (2020) Kat:3, Licht: 0","85036","3","1","0","06","12","3","0","0","1","0","0","0"
"POINT (7.084605373000045 50.709676915000045)","Unfall 85105 (2020) Kat:3, Licht: 0","85105","3","7","1","06","17","3","0","0","0","1","0","0"
"POINT (7.071318759000064 50.693546855000079)","Unfall 85156 (2020) Kat:3, Licht: 0","85156","3","3","5","06","09","3","0","0","1","1","0","0"
"POINT (7.105696033000072 50.737660918000074)","Unfall 85167 (2020) Kat:3, Licht: 0","85167","3","2","5","06","10","3","0","0","1","1","0","0"
"POINT (7.166574540000056 50.745465805000038)","Unfall 85192 (2020) Kat:3, Licht: 0","85192","3","2","1","06","16","4","0","0","0","1","0","1"
"POINT (7.090482633000022 50.734620083000038)","Unfall 85312 (2020) Kat:3, Licht: 0","85312","3","7","0","06","19","5","1","0","1","0","0","0"
"POINT (7.163635813000042 50.746106151000049)","Unfall 85404 (2020) Kat:3, Licht: 0","85404","3","6","2","06","17","2","0","0","0","1","0","0"
"POINT (7.082524121000063 50.725501465000036)","Unfall 85523 (2020) Kat:3, Licht: 0","85523","3","6","2","06","14","2","0","0","0","1","0","0"
"POINT (7.084479508000072 50.733024923000073)","Unfall 85530 (2020) Kat:3, Licht: 0","85530","3","2","5","06","15","4","0","0","1","1","0","0"
"POINT (7.153094613000064 50.685867748000078)","Unfall 85587 (2020) Kat:3, Licht: 0","85587","3","2","5","06","14","4","0","0","1","0","0","0"
"POINT (7.125606839000056 50.741926638000052)","Unfall 85674 (2020) Kat:3, Licht: 0","85674","3","6","2","06","11","6","1","0","0","1","0","0"
"POINT (7.107367678000060 50.737834689000067)","Unfall 85703 (2020) Kat:2, Licht: 2","85703","2","1","8","06","02","6","1","2","0","0","0","0"
"POINT (7.085968747000038 50.735189690000027)","Unfall 85795 (2020) Kat:3, Licht: 0","85795","3","1","0","06","18","2","0","0","0","0","0","0"
"POINT (7.155571776000045 50.751689089000081)","Unfall 85929 (2020) Kat:3, Licht: 0","85929","3","3","5","06","15","3","1","0","1","1","0","0"
"POINT (7.039846140000066 50.714442048000080)","Unfall 86007 (2020) Kat:3, Licht: 0","86007","3","2","4","06","15","6","0","0","1","1","0","0"
"POINT (7.064965060000077 50.738986442000055)","Unfall 86028 (2020) Kat:3, Licht: 0","86028","3","5","6","06","13","6","0","0","1","0","1","0"
"POINT (7.090890604000038 50.731126901000039)","Unfall 86100 (2020) Kat:2, Licht: 0","86100","2","2","4","06","10","2","0","0","0","1","0","1"
"POINT (7.133036464000043 50.733118493000063)","Unfall 86117 (2020) Kat:3, Licht: 0","86117","3","2","2","06","07","3","1","0","0","1","0","0"
"POINT (7.114534471000070 50.760387974000082)","Unfall 86164 (2020) Kat:3, Licht: 0","86164","3","6","2","06","17","2","0","0","0","1","0","0"
"POINT (7.103861852000023 50.737277607000067)","Unfall 86238 (2020) Kat:3, Licht: 0","86238","3","2","5","06","17","5","0","0","1","1","0","0"
"POINT (7.101174935000074 50.757493919000069)","Unfall 86359 (2020) Kat:3, Licht: 0","86359","3","7","0","06","11","5","0","0","0","1","0","0"
"POINT (7.110325213000067 50.738247274000059)","Unfall 86370 (2020) Kat:3, Licht: 0","86370","3","1","0","06","05","1","0","0","1","0","0","0"
"POINT (7.078221280000037 50.739022305000049)","Unfall 86460 (2020) Kat:3, Licht: 0","86460","3","2","5","06","15","1","0","0","0","1","0","0"
"POINT (7.151668543000028 50.741152828000054)","Unfall 86461 (2020) Kat:3, Licht: 0","86461","3","6","3","06","11","7","0","0","1","0","0","0"
"POINT (7.042840745000035 50.714239946000077)","Unfall 86491 (2020) Kat:3, Licht: 0","86491","3","2","5","06","09","4","0","0","1","1","0","0"
"POINT (7.097977785000069 50.737410056000044)","Unfall 86492 (2020) Kat:3, Licht: 0","86492","3","2","5","06","18","4","1","0","1","1","0","0"
"POINT (7.087791545000073 50.744356699000036)","Unfall 86495 (2020) Kat:3, Licht: 0","86495","3","3","5","06","07","4","0","0","1","1","0","0"
"POINT (7.141943491000063 50.728903306000063)","Unfall 86552 (2020) Kat:3, Licht: 0","86552","3","5","1","06","17","1","0","0","1","1","0","0"
"POINT (7.103789272000029 50.737345578000031)","Unfall 86573 (2020) Kat:3, Licht: 0","86573","3","2","5","06","17","7","0","0","1","0","0","1"
"POINT (7.068447031000062 50.740300643000069)","Unfall 86583 (2020) Kat:3, Licht: 0","86583","3","6","2","06","12","6","0","0","1","1","0","0"
"POINT (7.130090404000043 50.707532646000061)","Unfall 86640 (2020) Kat:2, Licht: 0","86640","2","1","9","06","06","7","0","0","0","1","0","0"
"POINT (7.078079656000057 50.742431376000070)","Unfall 86913 (2020) Kat:3, Licht: 0","86913","3","2","5","06","10","3","0","0","1","1","0","0"
"POINT (7.148689246000060 50.691254552000032)","Unfall 87067 (2020) Kat:3, Licht: 0","87067","3","6","1","06","16","5","0","0","0","1","0","1"
"POINT (7.080984785000055 50.731477007000080)","Unfall 87119 (2020) Kat:3, Licht: 0","87119","3","6","2","06","20","3","0","0","0","1","0","0"
"POINT (7.091891002000068 50.743056438000053)","Unfall 87203 (2020) Kat:3, Licht: 0","87203","3","3","5","06","12","2","0","0","0","1","0","0"
"POINT (7.198027183000022 50.652184426000076)","Unfall 87207 (2020) Kat:3, Licht: 0","87207","3","2","0","06","13","2","0","0","1","1","0","0"
"POINT (7.065239700000063 50.748684069000035)","Unfall 87218 (2020) Kat:3, Licht: 0","87218","3","6","2","06","16","6","0","0","0","1","0","0"
"POINT (7.079719053000076 50.730620377000037)","Unfall 87245 (2020) Kat:2, Licht: 2","87245","2","1","0","06","23","1","0","2","1","0","0","0"
"POINT (7.174735704000057 50.665833690000056)","Unfall 87253 (2020) Kat:3, Licht: 0","87253","3","2","5","06","13","6","0","0","1","1","0","0"
"POINT (7.080813032000037 50.738031590000048)","Unfall 87256 (2020) Kat:3, Licht: 0","87256","3","1","0","06","18","6","0","0","1","0","0","0"
"POINT (7.067810828000063 50.726572043000033)","Unfall 87311 (2020) Kat:3, Licht: 0","87311","3","2","5","06","13","2","0","0","1","1","0","0"
"POINT (7.077325736000034 50.743326782000054)","Unfall 87490 (2020) Kat:3, Licht: 0","87490","3","6","2","07","12","6","0","0","0","1","0","1"
"POINT (7.165778552000063 50.713179521000029)","Unfall 87516 (2020) Kat:3, Licht: 0","87516","3","7","4","07","17","4","1","0","1","1","0","0"
"POINT (7.124309315000062 50.713819001000047)","Unfall 87579 (2020) Kat:3, Licht: 0","87579","3","3","5","07","14","4","0","0","1","1","0","0"
"POINT (7.086317410000049 50.734193187000074)","Unfall 87663 (2020) Kat:3, Licht: 0","87663","3","6","2","07","11","5","1","0","0","1","0","0"
"POINT (7.121840859000031 50.762856605000081)","Unfall 87693 (2020) Kat:3, Licht: 0","87693","3","3","5","07","17","4","0","0","1","1","0","0"
"POINT (7.121156803000076 50.716316520000078)","Unfall 87697 (2020) Kat:2, Licht: 0","87697","2","6","2","07","14","4","1","0","0","1","0","0"
"POINT (7.179318285000022 50.734209091000082)","Unfall 87791 (2020) Kat:3, Licht: 0","87791","3","2","5","07","18","3","0","0","0","1","0","1"
"POINT (7.086430260000043 50.737305943000081)","Unfall 87824 (2020) Kat:2, Licht: 1","87824","2","7","0","07","22","7","0","1","1","0","0","0"
"POINT (7.069063107000034 50.710673764000035)","Unfall 87885 (2020) Kat:2, Licht: 0","87885","2","1","0","07","14","2","1","0","1","0","0","0"
"POINT (7.120740180000041 50.741201379000074)","Unfall 87897 (2020) Kat:3, Licht: 0","87897","3","6","3","07","11","2","0","0","0","1","0","1"
"POINT (7.062467207000054 50.721761344000072)","Unfall 87988 (2020) Kat:3, Licht: 0","87988","3","3","5","07","20","6","0","0","0","1","0","0"
"POINT (7.038587953000047 50.714586199000053)","Unfall 87990 (2020) Kat:3, Licht: 0","87990","3","3","5","07","13","6","0","0","0","1","0","0"
"POINT (7.078006862000052 50.729242511000052)","Unfall 88004 (2020) Kat:2, Licht: 0","88004","2","6","2","07","14","1","0","0","0","1","0","1"
"POINT (7.127346156000044 50.749084548000042)","Unfall 88062 (2020) Kat:3, Licht: 0","88062","3","6","2","07","15","6","0","0","0","1","0","0"
"POINT (7.057068369000035 50.719301347000055)","Unfall 88065 (2020) Kat:3, Licht: 0","88065","3","6","2","07","14","4","1","0","0","1","0","0"
"POINT (7.184727891000023 50.732287059000043)","Unfall 88068 (2020) Kat:3, Licht: 0","88068","3","5","1","07","14","4","1","0","0","1","0","0"
"POINT (7.086633499000072 50.733832703000076)","Unfall 88126 (2020) Kat:3, Licht: 2","88126","3","2","5","07","00","6","0","2","0","0","0","1"
"POINT (7.046711716000061 50.740007997000077)","Unfall 88262 (2020) Kat:2, Licht: 0","88262","2","3","5","07","15","6","0","0","1","1","0","0"
"POINT (7.125611261000074 50.712198049000051)","Unfall 88299 (2020) Kat:3, Licht: 0","88299","3","6","3","07","08","7","0","0","0","1","0","0"
"POINT (7.099229085000047 50.747009284000058)","Unfall 88363 (2020) Kat:3, Licht: 0","88363","3","6","2","07","16","7","0","0","0","1","0","0"
"POINT (7.144825941000022 50.739929080000081)","Unfall 88421 (2020) Kat:3, Licht: 0","88421","3","1","9","07","17","3","1","0","0","1","0","0"
"POINT (7.069056295000053 50.705711894000046)","Unfall 88454 (2020) Kat:3, Licht: 0","88454","3","5","1","07","11","2","0","0","0","1","0","0"
"POINT (7.150191949000032 50.725769502000048)","Unfall 88455 (2020) Kat:3, Licht: 0","88455","3","1","0","07","15","1","0","0","1","0","0","0"
"POINT (7.084543882000048 50.733052189000034)","Unfall 88550 (2020) Kat:3, Licht: 0","88550","3","3","5","07","12","3","0","0","1","1","0","0"
"POINT (7.162145785000064 50.715777999000068)","Unfall 88669 (2020) Kat:3, Licht: 0","88669","3","7","0","07","14","4","0","0","1","0","0","0"
"POINT (7.092397023000046 50.742906463000054)","Unfall 88764 (2020) Kat:3, Licht: 0","88764","3","1","0","07","09","2","0","0","1","0","0","0"
"POINT (7.143925879000051 50.741748085000040)","Unfall 88806 (2020) Kat:3, Licht: 0","88806","3","1","8","07","13","3","0","0","0","1","0","0"
"POINT (7.071839705000059 50.741793117000043)","Unfall 88910 (2020) Kat:3, Licht: 0","88910","3","6","1","07","08","7","0","0","0","1","0","0"
"POINT (7.090481056000044 50.724764461000063)","Unfall 88935 (2020) Kat:3, Licht: 0","88935","3","1","0","07","17","2","0","0","1","0","0","0"
"POINT (7.151731319000021 50.687801648000061)","Unfall 89060 (2020) Kat:3, Licht: 0","89060","3","6","2","07","16","5","1","0","0","1","0","0"
"POINT (7.152269784000055 50.687320865000061)","Unfall 89073 (2020) Kat:3, Licht: 0","89073","3","4","6","07","15","7","0","0","0","1","1","0"
"POINT (7.073591184000065 50.681130111000073)","Unfall 89154 (2020) Kat:3, Licht: 0","89154","3","7","0","07","18","7","0","0","0","0","0","0"
"POINT (7.113686595000047 50.761391383000046)","Unfall 89196 (2020) Kat:3, Licht: 0","89196","3","3","5","07","08","4","0","0","1","1","0","0"
"POINT (7.094037020000030 50.730488058000049)","Unfall 89253 (2020) Kat:3, Licht: 0","89253","3","5","5","07","10","5","0","0","0","1","0","1"
"POINT (7.194020050000063 50.711065012000063)","Unfall 89481 (2020) Kat:3, Licht: 0","89481","3","1","9","07","17","3","0","0","1","0","0","0"
"POINT (7.063886762000038 50.724266783000076)","Unfall 89484 (2020) Kat:3, Licht: 0","89484","3","2","4","07","09","3","0","0","1","1","0","0"
"POINT (7.090096795000022 50.743575689000068)","Unfall 89488 (2020) Kat:3, Licht: 0","89488","3","1","0","07","16","3","0","0","1","0","0","0"
"POINT (7.057777489000046 50.663709970000070)","Unfall 89647 (2020) Kat:2, Licht: 0","89647","2","6","4","07","13","2","0","0","0","1","0","0"
"POINT (7.122633611000026 50.743957870000031)","Unfall 89702 (2020) Kat:3, Licht: 0","89702","3","2","5","07","13","5","0","0","0","1","0","0"
"POINT (7.146959886000047 50.679851874000065)","Unfall 89795 (2020) Kat:3, Licht: 0","89795","3","2","5","07","20","5","0","0","1","1","0","0"
"POINT (7.064552524000021 50.738956281000071)","Unfall 89816 (2020) Kat:2, Licht: 0","89816","2","7","0","07","16","5","0","0","1","0","0","0"
"POINT (7.151597988000049 50.687922986000046)","Unfall 89842 (2020) Kat:3, Licht: 0","89842","3","3","5","07","15","4","0","0","1","1","0","0"
"POINT (7.115746065000053 50.739063290000047)","Unfall 89916 (2020) Kat:3, Licht: 0","89916","3","1","0","07","16","2","0","0","1","0","0","0"
"POINT (7.159996915000022 50.726908456000046)","Unfall 89926 (2020) Kat:3, Licht: 0","89926","3","6","2","07","17","4","0","0","0","1","0","0"
"POINT (7.192765936000058 50.711810941000067)","Unfall 89968 (2020) Kat:3, Licht: 0","89968","3","1","8","07","11","5","0","0","0","0","0","1"
"POINT (7.073863051000046 50.752593072000082)","Unfall 90114 (2020) Kat:2, Licht: 0","90114","2","3","5","08","10","4","0","0","0","1","0","0"
"POINT (7.088509624000039 50.722037894000039)","Unfall 90333 (2020) Kat:3, Licht: 0","90333","3","2","6","08","14","4","0","0","0","1","1","0"
"POINT (7.137893186000042 50.700578697000026)","Unfall 90361 (2020) Kat:3, Licht: 0","90361","3","6","2","08","15","2","0","0","0","1","0","0"
"POINT (7.117720232000067 50.719167745000050)","Unfall 90392 (2020) Kat:3, Licht: 0","90392","3","3","5","07","13","6","0","0","0","1","0","0"
"POINT (7.046711716000061 50.740007997000077)","Unfall 90395 (2020) Kat:3, Licht: 0","90395","3","7","0","08","11","7","1","0","0","1","0","1"
"POINT (7.082064557000024 50.723651048000079)","Unfall 90530 (2020) Kat:3, Licht: 2","90530","3","3","3","08","22","4","0","2","0","1","0","0"
"POINT (7.134218197000052 50.704220837000037)","Unfall 90538 (2020) Kat:3, Licht: 0","90538","3","6","2","08","17","3","0","0","0","1","0","0"
"POINT (7.166939648000039 50.678238171000032)","Unfall 90578 (2020) Kat:3, Licht: 2","90578","3","3","5","08","21","2","0","2","1","1","0","0"
"POINT (7.051886814000056 50.716752987000064)","Unfall 90789 (2020) Kat:3, Licht: 2","90789","3","1","0","08","05","5","0","2","1","0","0","0"
"POINT (7.130390410000075 50.736685297000065)","Unfall 90967 (2020) Kat:3, Licht: 0","90967","3","2","5","08","09","3","0","0","0","1","0","0"
"POINT (7.115831364000030 50.739076214000079)","Unfall 91061 (2020) Kat:3, Licht: 0","91061","3","3","5","08","10","2","0","0","1","1","0","0"
"POINT (7.118988864000073 50.740190410000082)","Unfall 91064 (2020) Kat:2, Licht: 0","91064","2","5","1","08","20","2","0","0","1","1","0","0"
"POINT (7.127113675000032 50.740434411000081)","Unfall 91070 (2020) Kat:3, Licht: 0","91070","3","6","2","08","09","2","0","0","0","1","0","1"
"POINT (7.089965410000048 50.743610303000025)","Unfall 91085 (2020) Kat:2, Licht: 0","91085","2","2","3","08","07","2","0","0","1","1","0","0"
"POINT (7.152636708000046 50.686994650000031)","Unfall 91088 (2020) Kat:3, Licht: 0","91088","3","6","6","08","16","3","0","0","1","0","1","0"
"POINT (7.070974103000026 50.727413505000072)","Unfall 91138 (2020) Kat:3, Licht: 0","91138","3","6","2","08","12","7","0","0","0","1","0","0"
"POINT (7.086872008000057 50.714514349000069)","Unfall 91140 (2020) Kat:2, Licht: 2","91140","2","1","0","08","23","7","0","2","1","0","0","0"
"POINT (7.103464682000038 50.737548310000079)","Unfall 91141 (2020) Kat:3, Licht: 0","91141","3","2","5","08","17","3","0","0","0","1","0","0"
"POINT (7.181676109000023 50.668262226000081)","Unfall 91382 (2020) Kat:3, Licht: 0","91382","3","6","0","08","11","5","0","0","1","1","0","0"
"POINT (7.088509624000039 50.722037894000039)","Unfall 91396 (2020) Kat:2, Licht: 0","91396","2","7","0","08","10","5","0","0","0","0","0","0"
"POINT (7.045775990000038 50.715319299000043)","Unfall 91417 (2020) Kat:3, Licht: 0","91417","3","6","5","08","17","4","0","0","0","1","0","1"
"POINT (7.118857845000036 50.739919714000052)","Unfall 91585 (2020) Kat:3, Licht: 0","91585","3","6","3","08","16","2","0","0","0","1","0","0"
"POINT (7.085842169000046 50.717681291000076)","Unfall 91653 (2020) Kat:2, Licht: 0","91653","2","1","0","08","13","2","1","0","1","0","0","0"
"POINT (7.073535529000026 50.728188216000035)","Unfall 91764 (2020) Kat:3, Licht: 0","91764","3","1","0","08","13","6","0","0","1","0","0","0"
"POINT (7.096099188000039 50.737023805000035)","Unfall 91784 (2020) Kat:3, Licht: 0","91784","3","1","0","08","07","2","1","0","0","0","0","1"
"POINT (7.080006296000022 50.700271079000061)","Unfall 91810 (2020) Kat:2, Licht: 0","91810","2","2","5","08","11","4","0","0","0","1","0","1"
"POINT (7.155569716000059 50.751688408000064)","Unfall 91832 (2020) Kat:3, Licht: 0","91832","3","3","5","08","13","3","0","0","1","1","0","0"
"POINT (7.087530558000026 50.720882917000040)","Unfall 91845 (2020) Kat:3, Licht: 0","91845","3","7","0","08","13","3","0","0","0","0","0","0"
"POINT (7.177977278000071 50.708805256000062)","Unfall 91928 (2020) Kat:2, Licht: 0","91928","2","1","8","08","17","3","1","0","0","1","0","0"
"POINT (7.163419865000037 50.724978266000051)","Unfall 91984 (2020) Kat:3, Licht: 1","91984","3","1","0","08","06","5","1","1","0","0","0","1"
"POINT (7.075494973000048 50.687707547000059)","Unfall 92183 (2020) Kat:3, Licht: 0","92183","3","6","4","08","16","2","0","0","1","0","0","0"
"POINT (7.103459968000038 50.737345658000038)","Unfall 92267 (2020) Kat:3, Licht: 2","92267","3","4","0","08","22","6","0","2","0","0","1","0"
"POINT (7.076857949000043 50.750835904000041)","Unfall 92361 (2020) Kat:2, Licht: 2","92361","2","1","9","08","01","1","0","2","0","1","0","0"
"POINT (7.090367035000043 50.743504356000074)","Unfall 92365 (2020) Kat:3, Licht: 0","92365","3","1","0","08","16","1","1","0","0","0","0","1"
"POINT (7.082921874000022 50.732512540000073)","Unfall 92634 (2020) Kat:2, Licht: 0","92634","2","2","5","08","12","6","0","0","0","1","0","0"
"POINT (7.108320271000025 50.737967025000046)","Unfall 92676 (2020) Kat:3, Licht: 0","92676","3","6","2","08","13","7","0","0","0","1","0","0"
"POINT (7.135858316000054 50.743017467000072)","Unfall 92748 (2020) Kat:3, Licht: 0","92748","3","3","5","08","15","3","1","0","0","1","0","1"
"POINT (7.139572718000068 50.752011580000044)","Unfall 92752 (2020) Kat:3, Licht: 0","92752","3","1","0","08","16","3","1","0","0","0","0","1"
"POINT (7.094744769000045 50.733193816000039)","Unfall 92754 (2020) Kat:3, Licht: 0","92754","3","1","0","08","11","4","0","0","0","0","0","1"
"POINT (7.080491958000039 50.731130029000042)","Unfall 92782 (2020) Kat:3, Licht: 0","92782","3","3","5","08","10","3","0","0","1","1","0","0"
"POINT (7.089865051000061 50.753201503000071)","Unfall 92895 (2020) Kat:3, Licht: 0","92895","3","6","2","08","08","7","0","0","0","1","0","0"
"POINT (7.120644881000033 50.745381661000067)","Unfall 92932 (2020) Kat:3, Licht: 0","92932","3","6","2","08","17","7","0","0","0","1","0","0"
"POINT (7.141701808000050 50.696740144000046)","Unfall 92956 (2020) Kat:3, Licht: 0","92956","3","7","0","09","11","4","0","0","0","0","0","0"
"POINT (7.129117040000040 50.738453527000047)","Unfall 92978 (2020) Kat:1, Licht: 0","92978","1","5","1","09","14","4","0","0","0","1","0","1"
"POINT (7.089547523000022 50.753120836000051)","Unfall 93020 (2020) Kat:3, Licht: 0","93020","3","6","2","09","15","4","0","0","0","1","0","0"
"POINT (7.068291429000055 50.675224210000067)","Unfall 93047 (2020) Kat:3, Licht: 0","93047","3","7","0","08","12","1","0","0","0","0","0","1"
"POINT (7.148978002000035 50.752135503000034)","Unfall 93050 (2020) Kat:3, Licht: 0","93050","3","6","2","08","17","1","0","0","0","1","0","0"
"POINT (7.140972144000045 50.697098103000030)","Unfall 93177 (2020) Kat:2, Licht: 0","93177","2","7","0","08","10","2","1","0","0","0","0","0"
"POINT (7.094929812000032 50.730302819000030)","Unfall 93184 (2020) Kat:3, Licht: 0","93184","3","1","0","08","08","2","1","0","1","0","0","0"
"POINT (7.121879288000059 50.742921843000033)","Unfall 93251 (2020) Kat:3, Licht: 0","93251","3","3","5","09","14","4","0","0","1","1","0","0"
"POINT (7.141231510000068 50.697204381000063)","Unfall 93452 (2020) Kat:3, Licht: 2","93452","3","2","5","09","22","2","0","2","0","1","0","0"
"POINT (7.091824329000076 50.745177821000027)","Unfall 93519 (2020) Kat:3, Licht: 0","93519","3","4","6","09","18","6","0","0","1","0","1","0"
"POINT (7.152954902000033 50.740382046000036)","Unfall 93577 (2020) Kat:3, Licht: 0","93577","3","7","9","09","12","2","0","0","0","1","0","0"
"POINT (7.085982927000032 50.737375000000043)","Unfall 93692 (2020) Kat:3, Licht: 0","93692","3","3","6","09","18","6","0","0","0","1","1","0"
"POINT (7.190326824000067 50.656550273000050)","Unfall 93750 (2020) Kat:3, Licht: 0","93750","3","6","2","09","15","2","0","0","0","1","0","0"
"POINT (7.092616888000066 50.745619775000080)","Unfall 93818 (2020) Kat:3, Licht: 0","93818","3","4","6","09","09","6","0","0","1","0","1","0"
"POINT (7.088155667000024 50.736950611000054)","Unfall 93873 (2020) Kat:2, Licht: 0","93873","2","2","5","09","17","2","0","0","1","1","0","0"
"POINT (7.075515386000063 50.730538920000072)","Unfall 93927 (2020) Kat:3, Licht: 0","93927","3","6","2","09","12","4","0","0","0","1","0","0"
"POINT (7.149382673000048 50.742189966000069)","Unfall 93935 (2020) Kat:3, Licht: 0","93935","3","2","2","09","18","5","0","0","0","1","0","0"
"POINT (7.087321971000051 50.752490451000028)","Unfall 94016 (2020) Kat:3, Licht: 0","94016","3","6","2","09","09","3","0","0","0","1","0","0"
"POINT (7.067799044000026 50.710417690000043)","Unfall 94043 (2020) Kat:3, Licht: 1","94043","3","6","2","09","20","5","0","1","0","1","0","0"
"POINT (7.130347711000070 50.736748612000042)","Unfall 94044 (2020) Kat:3, Licht: 0","94044","3","2","5","09","17","4","0","0","1","1","0","0"
"POINT (7.081615181000075 50.737715147000074)","Unfall 94049 (2020) Kat:3, Licht: 0","94049","3","5","1","09","15","3","0","0","0","1","0","1"
"POINT (7.077861854000048 50.729427782000073)","Unfall 94051 (2020) Kat:3, Licht: 0","94051","3","7","0","09","14","3","0","0","0","1","0","0"
"POINT (7.065460998000049 50.725444957000036)","Unfall 94147 (2020) Kat:3, Licht: 0","94147","3","6","2","09","10","5","0","0","0","1","0","0"
"POINT (7.149015626000050 50.747410998000078)","Unfall 94152 (2020) Kat:3, Licht: 0","94152","3","6","4","09","06","4","0","0","1","0","0","0"
"POINT (7.069372754000028 50.755239455000037)","Unfall 94206 (2020) Kat:3, Licht: 0","94206","3","3","5","09","17","7","0","0","1","1","0","0"
"POINT (7.087734822000073 50.752614507000033)","Unfall 94391 (2020) Kat:3, Licht: 0","94391","3","6","2","09","13","6","0","0","0","1","0","0"
"POINT (7.147961600000031 50.727049068000042)","Unfall 94459 (2020) Kat:2, Licht: 0","94459","2","6","4","09","15","3","0","0","0","1","0","1"
"POINT (7.137109271000043 50.701367718000029)","Unfall 94576 (2020) Kat:3, Licht: 0","94576","3","4","0","09","11","2","0","0","0","1","1","0"
"POINT (7.130183544000033 50.740773626000077)","Unfall 94578 (2020) Kat:3, Licht: 0","94578","3","7","0","09","12","2","0","0","0","1","0","1"
"POINT (7.101089915000046 50.738303232000078)","Unfall 94579 (2020) Kat:3, Licht: 0","94579","3","3","5","09","08","2","0","0","1","1","0","0"
"POINT (7.152570713000046 50.685321975000079)","Unfall 94581 (2020) Kat:3, Licht: 0","94581","3","6","2","09","09","3","0","0","0","1","0","1"
"POINT (7.141383108000071 50.768021341000065)","Unfall 94808 (2020) Kat:3, Licht: 0","94808","3","7","8","09","07","6","0","0","0","1","0","0"
"POINT (7.067386693000060 50.713863569000068)","Unfall 94850 (2020) Kat:3, Licht: 2","94850","3","6","4","09","22","5","0","2","1","0","0","0"
"POINT (7.115852633000031 50.738938795000081)","Unfall 94851 (2020) Kat:3, Licht: 0","94851","3","2","3","09","17","5","0","0","1","1","0","0"
"POINT (7.041373348000036 50.741476445000046)","Unfall 94852 (2020) Kat:2, Licht: 0","94852","2","6","6","09","07","5","0","0","1","0","1","0"
"POINT (7.137699537000060 50.765024779000044)","Unfall 95122 (2020) Kat:2, Licht: 2","95122","2","7","8","09","22","2","0","2","0","1","0","0"
"POINT (7.138354947000039 50.711227517000054)","Unfall 95123 (2020) Kat:3, Licht: 0","95123","3","6","2","09","14","2","0","0","0","1","0","0"
"POINT (7.123886120000066 50.745616643000062)","Unfall 95169 (2020) Kat:2, Licht: 2","95169","2","1","0","09","21","1","0","2","1","0","0","0"
"POINT (7.087052436000022 50.719947951000051)","Unfall 95239 (2020) Kat:3, Licht: 0","95239","3","2","5","09","14","2","0","0","1","1","0","0"
"POINT (7.078019799000060 50.743365908000044)","Unfall 95251 (2020) Kat:3, Licht: 1","95251","3","6","3","09","20","2","0","1","0","1","0","1"