WKT,Name,OBJECTID,UKATEGORIE,UTYP1,UART,UMONAT,USTUNDE,UWOCHENTAG,STRZUSTAND,ULICHTVERH,ISTRAD,ISTPKW,ISTFUSS,ISTKRAD
"POINT (7.086930300000063 50.731751629000030)","Unfall 202882 (2020) Kat:3, Licht: 1","202882","3","6","2","02","07","3","0","1","1","0","0","0"
"POINT (7.150688572000036 50.692477802000042)","Unfall 202902 (2020) Kat:3, Licht: 0","202902","3","3","5","02","15","5","1","0","1","1","0","0"
"POINT (7.061287568000068 50.701441632000069)","Unfall 202918 (2020) Kat:3, Licht: 0","202918","3","1","1","02","11","6","1","0","1","1","0","0"
"POINT (7.096620083000062 50.722382407000055)","Unfall 202927 (2020) Kat:3, Licht: 0","202927","3","4","6","02","12","6","0","0","0","1","1","0"
"POINT (7.095055081000055 50.744446621000066)","Unfall 202938 (2020) Kat:3, Licht: 2","202938","3","1","0","02","21","2","1","2","1","0","0","0"
"POINT (7.096817387000044 50.733760777000043)","Unfall 202940 (2020) Kat:3, Licht: 0","202940","3","5","1","02","09","2","1","0","1","1","0","0"
"POINT (7.162753408000071 50.727347425000062)","Unfall 202964 (2020) Kat:3, Licht: 2","202964","3","6","1","02","07","6","1","2","0","1","0","1"
"POINT (7.163439323000034 50.667893066000033)","Unfall 203020 (2020) Kat:2, Licht: 0","203020","2","4","0","02","07","6","1","0","1","0","1","0"
"POINT (7.047811600000046 50.736290316000066)","Unfall 203030 (2020) Kat:3, Licht: 2","203030","3","1","0","02","07","6","1","2","1","0","0","0"
"POINT (7.161820339000030 50.681072936000078)","Unfall 203054 (2020) Kat:3, Licht: 0","203054","3","2","5","02","13","5","1","0","1","1","0","0"
"POINT (7.031732407000050 50.712156066000034)","Unfall 203070 (2020) Kat:3, Licht: 0","203070","3","3","5","02","08","6","1","0","0","1","0","0"
"POINT (7.051439109000057 50.716222118000076)","Unfall 203104 (2020) Kat:3, Licht: 2","203104","3","4","0","02","17","5","0","2","0","0","1","0"
"POINT (7.098454542000070 50.739242812000043)","Unfall 203116 (2020) Kat:3, Licht: 0","203116","3","1","0","02","10","6","1","0","1","0","0","0"
"POINT (7.081769747000067 50.744558979000033)","Unfall 203125 (2020) Kat:3, Licht: 2","203125","3","7","0","02","18","3","0","2","0","1","1","0"
"POINT (7.105015979000029 50.726832270000045)","Unfall 203127 (2020) Kat:2, Licht: 0","203127","2","2","5","02","09","3","0","0","1","1","0","0"
"POINT (7.096760090000032 50.720202380000046)","Unfall 203176 (2020) Kat:3, Licht: 2","203176","3","7","0","02","03","1","0","2","0","0","0","0"
"POINT (7.155719530000056 50.694098261000079)","Unfall 203237 (2020) Kat:3, Licht: 1","203237","3","2","5","02","18","3","0","1","1","0","0","0"
"POINT (7.188145748000068 50.670713069000044)","Unfall 203239 (2020) Kat:3, Licht: 0","203239","3","3","5","02","16","3","0","0","1","0","0","0"
"POINT (7.107354734000069 50.732051673000058)","Unfall 203243 (2020) Kat:3, Licht: 0","203243","3","7","1","02","13","3","0","0","0","1","1","0"
"POINT (7.052345765000041 50.748873972000069)","Unfall 203245 (2020) Kat:2, Licht: 0","203245","2","3","5","02","11","3","0","0","0","1","0","1"
"POINT (7.089575397000033 50.742994428000031)","Unfall 203293 (2020) Kat:3, Licht: 2","203293","3","3","5","02","00","7","0","2","1","1","0","0"
"POINT (7.164575646000060 50.688223937000032)","Unfall 203319 (2020) Kat:3, Licht: 2","203319","3","5","1","02","18","2","1","2","1","1","0","0"
"POINT (7.030886080000073 50.693692270000042)","Unfall 203427 (2020) Kat:3, Licht: 0","203427","3","4","6","02","07","6","0","0","0","1","1","0"
"POINT (7.130364842000063 50.736772677000033)","Unfall 203543 (2020) Kat:3, Licht: 0","203543","3","3","5","02","08","3","1","0","0","1","0","0"
"POINT (7.099176934000070 50.731690879000041)","Unfall 203623 (2020) Kat:2, Licht: 0","203623","2","1","0","02","16","2","0","0","1","0","0","0"
"POINT (7.149082348000036 50.730060015000049)","Unfall 203624 (2020) Kat:2, Licht: 0","203624","2","7","0","02","16","1","1","0","0","0","1","0"
"POINT (7.060637129000043 50.747506618000045)","Unfall 203627 (2020) Kat:3, Licht: 2","203627","3","1","7","02","20","7","1","2","1","0","0","0"
"POINT (7.098630087000061 50.731911135000075)","Unfall 203630 (2020) Kat:3, Licht: 0","203630","3","4","6","02","16","5","0","0","0","1","1","0"
"POINT (7.155199293000067 50.745153699000070)","Unfall 203654 (2020) Kat:2, Licht: 0","203654","2","7","0","03","17","2","1","0","1","0","0","0"
"POINT (7.094752895000056 50.722919868000076)","Unfall 203668 (2020) Kat:3, Licht: 0","203668","3","6","2","03","14","1","0","0","0","1","0","0"
"POINT (7.160261761000072 50.690957204000028)","Unfall 203672 (2020) Kat:3, Licht: 0","203672","3","3","5","02","11","5","1","0","1","1","0","0"
"POINT (7.051741457000048 50.704159654000080)","Unfall 203677 (2020) Kat:3, Licht: 2","203677","3","1","0","02","18","5","2","2","0","1","0","0"
"POINT (7.071425127000055 50.714556150000078)","Unfall 203679 (2020) Kat:3, Licht: 0","203679","3","5","3","02","15","5","1","0","1","0","0","0"
"POINT (7.151963090000038 50.702591352000070)","Unfall 203758 (2020) Kat:3, Licht: 1","203758","3","6","2","03","06","2","1","1","0","1","0","0"
"POINT (7.154826327000023 50.680059142000061)","Unfall 203811 (2020) Kat:3, Licht: 0","203811","3","1","0","02","11","6","0","0","0","1","0","0"
"POINT (7.060221400000046 50.697832481000034)","Unfall 203813 (2020) Kat:3, Licht: 0","203813","3","1","0","02","07","6","2","0","1","0","0","0"
"POINT (7.096833509000021 50.732516559000032)","Unfall 203815 (2020) Kat:3, Licht: 0","203815","3","4","6","02","08","6","0","0","0","1","1","0"
"POINT (7.083909246000076 50.725971522000066)","Unfall 203817 (2020) Kat:3, Licht: 1","203817","3","1","0","02","07","6","2","1","1","0","0","0"
"POINT (7.072934055000076 50.759143516000051)","Unfall 203818 (2020) Kat:3, Licht: 0","203818","3","1","0","02","07","6","2","0","1","0","0","0"
"POINT (7.150203956000041 50.681008127000041)","Unfall 203863 (2020) Kat:3, Licht: 1","203863","3","2","5","03","07","2","1","1","1","1","0","0"
"POINT (7.100964003000058 50.731714291000060)","Unfall 203945 (2020) Kat:3, Licht: 0","203945","3","4","0","03","11","4","0","0","0","0","0","0"
"POINT (7.062560082000061 50.748162020000052)","Unfall 203974 (2020) Kat:3, Licht: 0","203974","3","4","6","03","11","7","0","0","0","1","1","0"
"POINT (7.106905874000063 50.720961653000074)","Unfall 203995 (2020) Kat:3, Licht: 0","203995","3","2","5","03","17","3","0","0","1","1","0","0"
"POINT (7.119761234000066 50.740608376000068)","Unfall 203998 (2020) Kat:3, Licht: 0","203998","3","4","6","03","15","4","0","0","0","1","1","0"
"POINT (7.119207735000032 50.733123694000028)","Unfall 204053 (2020) Kat:3, Licht: 0","204053","3","3","5","03","10","4","1","0","1","1","0","0"
"POINT (7.082440980000058 50.738242065000065)","Unfall 204112 (2020) Kat:3, Licht: 0","204112","3","3","3","03","07","5","1","0","0","1","0","0"
"POINT (7.119761234000066 50.740608376000068)","Unfall 204158 (2020) Kat:3, Licht: 0","204158","3","4","6","03","15","4","1","0","0","1","1","0"
"POINT (7.116417669000043 50.707207597000036)","Unfall 204185 (2020) Kat:2, Licht: 0","204185","2","3","5","03","07","5","1","0","1","1","0","0"
"POINT (7.045844732000035 50.714237948000061)","Unfall 204203 (2020) Kat:3, Licht: 0","204203","3","7","0","03","12","2","0","0","0","0","0","0"
"POINT (7.127667872000075 50.699160036000080)","Unfall 204283 (2020) Kat:3, Licht: 2","204283","3","2","5","03","20","4","1","2","0","1","0","1"
"POINT (7.157524718000047 50.675708897000050)","Unfall 204285 (2020) Kat:3, Licht: 0","204285","3","6","2","03","17","4","1","0","1","1","0","0"
"POINT (7.167036667000048 50.674571208000032)","Unfall 204287 (2020) Kat:3, Licht: 0","204287","3","7","0","03","09","4","1","0","0","0","1","0"
"POINT (7.151114439000025 50.747281051000073)","Unfall 204290 (2020) Kat:3, Licht: 0","204290","3","3","0","03","17","4","1","0","1","1","0","0"
"POINT (7.097296608000022 50.719990960000075)","Unfall 204292 (2020) Kat:2, Licht: 0","204292","2","7","0","03","16","4","0","0","1","0","0","0"
"POINT (7.043049648000022 50.712040021000064)","Unfall 204448 (2020) Kat:3, Licht: 0","204448","3","1","0","03","13","1","0","0","0","0","0","1"
"POINT (7.161818118000042 50.727057850000051)","Unfall 204524 (2020) Kat:3, Licht: 0","204524","3","1","0","03","13","3","0","0","1","0","0","0"
"POINT (7.081783580000035 50.733584210000060)","Unfall 204574 (2020) Kat:3, Licht: 0","204574","3","6","2","03","11","2","0","0","0","1","0","0"
"POINT (7.119168291000051 50.739080112000067)","Unfall 204634 (2020) Kat:3, Licht: 0","204634","3","1","0","03","14","3","0","0","1","0","0","0"
"POINT (7.098510511000029 50.748430996000081)","Unfall 204680 (2020) Kat:3, Licht: 0","204680","3","6","3","03","18","2","0","0","0","0","0","0"
"POINT (7.095136520000040 50.735037915000078)","Unfall 204684 (2020) Kat:3, Licht: 2","204684","3","5","0","03","20","3","0","2","1","1","0","0"
"POINT (7.114855406000061 50.722811570000033)","Unfall 204715 (2020) Kat:3, Licht: 2","204715","3","1","0","03","03","1","0","2","1","0","0","0"
"POINT (7.104772341000057 50.716803051000056)","Unfall 204727 (2020) Kat:3, Licht: 0","204727","3","3","5","03","07","3","0","0","1","1","0","0"
"POINT (7.101013725000030 50.697735327000032)","Unfall 204748 (2020) Kat:3, Licht: 2","204748","3","7","5","03","19","7","0","2","1","1","0","0"
"POINT (7.076876726000023 50.750824502000057)","Unfall 204791 (2020) Kat:3, Licht: 0","204791","3","7","7","03","08","3","0","0","0","1","0","0"
"POINT (7.068401622000067 50.759360001000061)","Unfall 204796 (2020) Kat:3, Licht: 0","204796","3","6","6","03","16","6","0","0","0","0","1","1"
"POINT (7.156901798000035 50.681939819000036)","Unfall 204834 (2020) Kat:3, Licht: 0","204834","3","3","0","03","13","2","0","0","1","1","0","0"
"POINT (7.059577530000070 50.712071765000076)","Unfall 204844 (2020) Kat:3, Licht: 2","204844","3","2","6","03","23","1","0","2","0","1","1","0"
"POINT (7.104890477000026 50.717163131000063)","Unfall 204846 (2020) Kat:3, Licht: 0","204846","3","6","2","03","12","2","0","0","0","1","0","0"
"POINT (7.110941055000069 50.705706290000080)","Unfall 204879 (2020) Kat:3, Licht: 0","204879","3","7","0","03","15","3","0","0","1","0","0","0"
"POINT (7.137403311000071 50.748559447000048)","Unfall 204882 (2020) Kat:3, Licht: 0","204882","3","3","5","03","14","4","0","0","1","0","0","0"
"POINT (7.137645831000043 50.680641264000030)","Unfall 204911 (2020) Kat:3, Licht: 0","204911","3","4","6","03","16","7","0","0","0","1","1","0"
"POINT (7.047298296000065 50.710586936000027)","Unfall 204914 (2020) Kat:3, Licht: 0","204914","3","7","5","03","13","7","0","0","0","1","0","1"
"POINT (7.131504140000061 50.696163047000027)","Unfall 204928 (2020) Kat:3, Licht: 0","204928","3","4","6","03","17","3","0","0","0","1","1","0"
"POINT (7.141689053000050 50.690522916000077)","Unfall 204929 (2020) Kat:3, Licht: 0","204929","3","1","0","03","16","3","0","0","1","0","0","0"
"POINT (7.040918952000027 50.748425263000058)","Unfall 205007 (2020) Kat:3, Licht: 0","205007","3","3","5","04","18","1","0","0","0","1","0","1"
"POINT (7.179422165000062 50.662895086000049)","Unfall 205009 (2020) Kat:3, Licht: 2","205009","3","3","5","04","20","5","0","2","1","1","0","0"
"POINT (7.147328177000077 50.684051653000040)","Unfall 205020 (2020) Kat:3, Licht: 0","205020","3","6","4","04","15","3","0","0","0","1","0","0"
"POINT (7.158156479000070 50.677201069000034)","Unfall 205111 (2020) Kat:3, Licht: 0","205111","3","6","2","04","11","1","0","0","0","1","0","1"
"POINT (7.095061124000040 50.734498154000050)","Unfall 205141 (2020) Kat:3, Licht: 0","205141","3","1","0","04","12","4","0","0","1","0","0","0"
"POINT (7.122720129000072 50.739917396000067)","Unfall 205163 (2020) Kat:3, Licht: 0","205163","3","7","0","04","14","7","0","0","1","0","0","0"
"POINT (7.069538200000068 50.724966409000046)","Unfall 205231 (2020) Kat:3, Licht: 0","205231","3","3","5","04","12","1","0","0","1","1","0","0"
"POINT (7.115171266000061 50.709904867000034)","Unfall 205308 (2020) Kat:3, Licht: 0","205308","3","3","5","04","08","7","0","0","1","1","0","0"
"POINT (7.109635884000056 50.708901444000048)","Unfall 205382 (2020) Kat:2, Licht: 2","205382","2","1","0","04","21","6","0","2","1","0","0","0"
"POINT (7.102216298000030 50.731190924000032)","Unfall 205398 (2020) Kat:3, Licht: 0","205398","3","3","0","04","12","4","0","0","0","0","0","0"
"POINT (7.094674992000023 50.722931593000055)","Unfall 205404 (2020) Kat:3, Licht: 2","205404","3","1","0","04","05","4","0","2","1","0","0","0"
"POINT (7.119052579000027 50.739051979000067)","Unfall 205449 (2020) Kat:3, Licht: 0","205449","3","1","0","04","18","5","0","0","1","0","0","0"
"POINT (7.071877454000060 50.718604402000039)","Unfall 205450 (2020) Kat:3, Licht: 0","205450","3","5","0","04","11","5","0","0","0","0","0","0"
"POINT (7.098922733000052 50.730801445000054)","Unfall 205468 (2020) Kat:2, Licht: 0","205468","2","1","0","04","16","5","0","0","1","0","0","0"
"POINT (7.145636929000034 50.702484873000060)","Unfall 205506 (2020) Kat:3, Licht: 1","205506","3","3","5","04","20","5","0","1","1","1","0","0"
"POINT (7.102650376000042 50.728605960000039)","Unfall 205519 (2020) Kat:3, Licht: 0","205519","3","1","0","04","13","4","0","0","1","0","0","0"
"POINT (7.105434019000029 50.738452904000042)","Unfall 205525 (2020) Kat:3, Licht: 0","205525","3","5","1","04","09","6","0","0","1","1","0","0"
"POINT (7.110136599000043 50.730666398000039)","Unfall 205573 (2020) Kat:3, Licht: 0","205573","3","1","0","04","17","5","0","0","1","0","0","0"
"POINT (7.191524846000050 50.664533712000036)","Unfall 205581 (2020) Kat:2, Licht: 0","205581","2","1","9","04","13","1","0","0","0","1","0","0"
"POINT (7.080662614000062 50.757064687000081)","Unfall 205624 (2020) Kat:2, Licht: 0","205624","2","1","0","04","18","5","0","0","1","0","0","0"
"POINT (7.146241187000044 50.690475897000056)","Unfall 205663 (2020) Kat:3, Licht: 0","205663","3","3","5","04","10","5","0","0","1","0","0","0"
"POINT (7.139343074000067 50.696417476000079)","Unfall 205719 (2020) Kat:3, Licht: 0","205719","3","4","6","04","17","6","0","0","0","1","1","0"
"POINT (7.072643236000033 50.737178051000058)","Unfall 205724 (2020) Kat:3, Licht: 0","205724","3","3","5","04","09","4","0","0","1","1","0","0"
"POINT (7.093840061000037 50.747817776000034)","Unfall 205725 (2020) Kat:3, Licht: 0","205725","3","7","5","04","07","5","0","0","0","1","0","0"
"POINT (7.150799670000026 50.759803721000026)","Unfall 205821 (2020) Kat:3, Licht: 0","205821","3","3","5","04","15","3","0","0","1","1","0","0"
"POINT (7.150688572000036 50.692477802000042)","Unfall 205913 (2020) Kat:2, Licht: 0","205913","2","3","5","04","13","5","0","0","0","1","0","0"
"POINT (7.160085612000046 50.668090997000036)","Unfall 205965 (2020) Kat:3, Licht: 0","205965","3","6","5","04","19","4","0","0","1","1","0","0"
"POINT (7.119623408000052 50.751417262000075)","Unfall 205973 (2020) Kat:3, Licht: 0","205973","3","2","3","04","19","5","0","0","1","0","0","0"
"POINT (7.052448693000031 50.748710968000069)","Unfall 206054 (2020) Kat:2, Licht: 0","206054","2","3","5","04","18","1","0","0","1","1","0","0"
"POINT (7.162420069000063 50.727252281000062)","Unfall 206145 (2020) Kat:3, Licht: 0","206145","3","1","0","04","19","1","0","0","1","0","0","0"
"POINT (7.117119866000053 50.707631546000073)","Unfall 206216 (2020) Kat:3, Licht: 0","206216","3","1","0","04","08","2","0","0","1","0","0","0"
"POINT (7.093108197000049 50.735753986000077)","Unfall 206238 (2020) Kat:2, Licht: 0","206238","2","1","0","05","12","2","1","0","1","0","0","0"
"POINT (7.171012777000044 50.691618872000049)","Unfall 206316 (2020) Kat:3, Licht: 0","206316","3","7","4","05","15","1","0","0","1","0","0","0"
"POINT (7.124460250000027 50.720255220000070)","Unfall 206318 (2020) Kat:3, Licht: 0","206318","3","1","0","05","09","1","0","0","1","0","0","0"
"POINT (7.047512929000050 50.735713797000074)","Unfall 206320 (2020) Kat:3, Licht: 0","206320","3","6","8","05","13","1","0","0","0","0","0","0"
"POINT (7.159043633000067 50.680999318000033)","Unfall 206409 (2020) Kat:3, Licht: 0","206409","3","7","6","04","19","4","0","0","0","0","1","0"
"POINT (7.144434718000071 50.683640369000045)","Unfall 206440 (2020) Kat:3, Licht: 0","206440","3","3","5","05","07","2","1","0","0","1","0","1"
"POINT (7.094025910000028 50.700369749000060)","Unfall 206448 (2020) Kat:3, Licht: 0","206448","3","1","0","05","18","2","0","0","0","0","0","1"
"POINT (7.173131934000026 50.672417626000026)","Unfall 206461 (2020) Kat:3, Licht: 0","206461","3","7","0","05","14","3","0","0","1","0","1","0"
"POINT (7.170438240000067 50.677201444000048)","Unfall 206482 (2020) Kat:3, Licht: 1","206482","3","7","0","04","20","5","1","1","1","0","0","0"
"POINT (7.159433202000059 50.694068083000047)","Unfall 206483 (2020) Kat:3, Licht: 0","206483","3","1","1","04","17","5","1","0","0","1","0","0"
"POINT (7.049007743000061 50.760296624000034)","Unfall 206484 (2020) Kat:3, Licht: 2","206484","3","1","7","04","23","5","1","2","0","0","0","1"
"POINT (7.117662464000034 50.701947771000050)","Unfall 206489 (2020) Kat:3, Licht: 0","206489","3","1","0","05","19","2","0","0","1","0","0","0"
"POINT (7.087596207000047 50.739523256000041)","Unfall 206498 (2020) Kat:3, Licht: 0","206498","3","3","5","05","17","4","0","0","1","1","0","0"
"POINT (7.159449188000053 50.681998424000028)","Unfall 206512 (2020) Kat:3, Licht: 0","206512","3","3","5","05","12","7","0","0","1","1","0","0"
"POINT (7.117742576000069 50.736713474000055)","Unfall 206684 (2020) Kat:3, Licht: 0","206684","3","2","2","05","15","7","0","0","1","1","0","0"
"POINT (7.161082608000072 50.695849986000042)","Unfall 206720 (2020) Kat:3, Licht: 0","206720","3","2","5","05","10","5","0","0","1","1","0","0"
"POINT (7.047846739000022 50.736262161000070)","Unfall 206734 (2020) Kat:3, Licht: 0","206734","3","3","0","05","16","7","0","0","0","1","0","1"
"POINT (7.155669167000042 50.685847115000058)","Unfall 206755 (2020) Kat:3, Licht: 0","206755","3","4","6","05","09","3","0","0","0","1","1","0"
"POINT (7.117729533000045 50.701876673000072)","Unfall 206768 (2020) Kat:2, Licht: 0","206768","2","2","5","05","12","4","0","0","0","1","0","1"
"POINT (7.155988523000076 50.685733385000049)","Unfall 206844 (2020) Kat:2, Licht: 0","206844","2","4","6","05","17","3","0","0","0","1","1","0"
"POINT (7.068489023000041 50.690452590000064)","Unfall 206845 (2020) Kat:3, Licht: 0","206845","3","3","5","05","11","3","0","0","1","1","0","0"
"POINT (7.149415401000056 50.741736147000040)","Unfall 206847 (2020) Kat:3, Licht: 0","206847","3","7","0","05","14","3","0","0","0","1","0","1"
"POINT (7.076774194000052 50.724718627000073)","Unfall 206911 (2020) Kat:2, Licht: 0","206911","2","3","0","05","20","5","0","0","0","1","0","1"
"POINT (7.114429051000059 50.719375525000032)","Unfall 207045 (2020) Kat:3, Licht: 0","207045","3","1","0","05","18","2","0","0","1","0","0","0"
"POINT (7.061313571000028 50.716655357000036)","Unfall 207049 (2020) Kat:2, Licht: 2","207049","2","3","5","05","01","1","0","2","0","1","0","1"
"POINT (7.144959886000038 50.706728779000059)","Unfall 207151 (2020) Kat:3, Licht: 0","207151","3","2","5","05","12","1","0","0","0","1","0","0"
"POINT (7.166207147000023 50.677042860000029)","Unfall 207161 (2020) Kat:3, Licht: 0","207161","3","6","3","05","17","6","0","0","1","1","0","0"
"POINT (7.141164635000052 50.694467382000028)","Unfall 207196 (2020) Kat:3, Licht: 0","207196","3","6","2","05","15","2","0","0","0","1","0","0"
"POINT (7.067149738000069 50.747142426000039)","Unfall 207244 (2020) Kat:3, Licht: 0","207244","3","2","2","05","16","2","0","0","0","1","0","0"
"POINT (7.108112234000032 50.715839048000078)","Unfall 207283 (2020) Kat:3, Licht: 0","207283","3","5","1","05","16","7","0","0","1","0","0","0"
"POINT (7.158013162000032 50.687363705000053)","Unfall 207284 (2020) Kat:3, Licht: 0","207284","3","2","5","05","16","4","0","0","1","1","0","0"
"POINT (7.122819729000071 50.720880789000034)","Unfall 207353 (2020) Kat:2, Licht: 0","207353","2","1","0","05","17","6","1","0","1","0","0","0"
"POINT (7.138584604000073 50.728198312000075)","Unfall 207355 (2020) Kat:3, Licht: 0","207355","3","3","5","05","15","6","0","0","1","1","0","0"
"POINT (7.095773663000045 50.737646719000054)","Unfall 207358 (2020) Kat:3, Licht: 0","207358","3","7","1","05","12","6","0","0","0","1","0","0"
"POINT (7.128075525000043 50.728080278000050)","Unfall 207446 (2020) Kat:3, Licht: 0","207446","3","6","2","05","15","5","0","0","1","1","0","0"
"POINT (7.088913359000060 50.753179798000076)","Unfall 207447 (2020) Kat:3, Licht: 0","207447","3","3","5","05","16","5","0","0","0","1","0","0"
"POINT (7.110037690000070 50.706707251000068)","Unfall 207449 (2020) Kat:3, Licht: 0","207449","3","1","0","05","14","5","0","0","1","0","0","0"
"POINT (7.088707851000038 50.721977480000078)","Unfall 207548 (2020) Kat:3, Licht: 0","207548","3","5","1","05","13","5","0","0","1","0","0","0"
"POINT (7.056807919000050 50.716072814000029)","Unfall 207569 (2020) Kat:3, Licht: 0","207569","3","4","6","05","18","4","0","0","0","1","1","0"
"POINT (7.069280801000048 50.751103151000052)","Unfall 207632 (2020) Kat:3, Licht: 0","207632","3","3","5","05","17","5","0","0","0","1","0","1"
"POINT (7.066243485000030 50.721490550000055)","Unfall 207676 (2020) Kat:3, Licht: 0","207676","3","1","0","05","17","3","0","0","0","1","0","0"
"POINT (7.088674414000025 50.753092944000059)","Unfall 207680 (2020) Kat:3, Licht: 0","207680","3","3","5","05","14","3","0","0","0","1","0","1"
"POINT (7.128986737000048 50.718985490000080)","Unfall 207693 (2020) Kat:2, Licht: 0","207693","2","1","0","05","18","2","0","0","1","0","0","0"
"POINT (7.074088343000028 50.742699464000054)","Unfall 207695 (2020) Kat:3, Licht: 2","207695","3","6","2","05","22","2","0","2","0","1","0","0"
"POINT (7.186493905000020 50.657798904000060)","Unfall 207737 (2020) Kat:3, Licht: 0","207737","3","6","3","05","16","5","0","0","1","1","0","0"
"POINT (7.058032413000035 50.718398996000076)","Unfall 207865 (2020) Kat:3, Licht: 0","207865","3","6","2","05","13","7","0","0","1","1","0","0"
"POINT (7.034001186000069 50.710867415000052)","Unfall 207992 (2020) Kat:3, Licht: 0","207992","3","3","5","05","18","1","0","0","1","0","0","0"
"POINT (7.123212436000074 50.751855543000033)","Unfall 208001 (2020) Kat:3, Licht: 0","208001","3","4","1","05","16","6","0","0","0","1","1","0"
"POINT (7.051027317000035 50.746067498000059)","Unfall 208004 (2020) Kat:3, Licht: 0","208004","3","3","5","05","17","6","0","0","1","1","0","0"
"POINT (7.114436688000069 50.719374126000048)","Unfall 208033 (2020) Kat:3, Licht: 0","208033","3","1","0","05","17","1","0","0","1","0","0","0"
"POINT (7.119342382000070 50.747746551000034)","Unfall 208061 (2020) Kat:3, Licht: 0","208061","3","6","2","06","16","5","1","0","0","1","0","0"
"POINT (7.110916948000067 50.703471985000078)","Unfall 208065 (2020) Kat:3, Licht: 0","208065","3","3","0","06","15","4","0","0","0","1","0","1"
"POINT (7.119188890000032 50.739085120000027)","Unfall 208119 (2020) Kat:2, Licht: 0","208119","2","1","0","06","17","4","0","0","1","0","0","0"
"POINT (7.094958592000069 50.733098691000066)","Unfall 208145 (2020) Kat:3, Licht: 0","208145","3","1","0","06","18","3","0","0","1","0","0","0"
"POINT (7.116410554000026 50.707248318000040)","Unfall 208149 (2020) Kat:3, Licht: 0","208149","3","3","5","06","10","3","0","0","1","1","0","0"
"POINT (7.167717278000055 50.687818286000038)","Unfall 208166 (2020) Kat:3, Licht: 0","208166","3","5","1","06","10","5","1","0","0","1","1","0"
"POINT (7.084208522000040 50.729154496000035)","Unfall 208172 (2020) Kat:2, Licht: 0","208172","2","3","5","06","16","4","0","0","1","0","0","0"
"POINT (7.067149738000069 50.747142426000039)","Unfall 208219 (2020) Kat:3, Licht: 0","208219","3","2","2","06","07","5","1","0","0","1","0","0"
"POINT (7.104388972000038 50.713904694000064)","Unfall 208223 (2020) Kat:3, Licht: 0","208223","3","3","5","06","08","4","0","0","1","1","0","0"
"POINT (7.186124593000045 50.658999394000034)","Unfall 208226 (2020) Kat:2, Licht: 0","208226","2","7","6","06","15","4","0","0","0","1","1","0"
"POINT (7.156686815000057 50.685175704000073)","Unfall 208346 (2020) Kat:3, Licht: 0","208346","3","2","5","06","19","1","0","0","0","1","0","1"
"POINT (7.098598230000050 50.731926345000034)","Unfall 208413 (2020) Kat:3, Licht: 0","208413","3","1","0","06","14","7","0","0","1","0","0","0"
"POINT (7.102576231000057 50.728614619000041)","Unfall 208416 (2020) Kat:3, Licht: 0","208416","3","7","0","06","12","7","0","0","1","0","0","0"
"POINT (7.101434845000028 50.699363802000050)","Unfall 208443 (2020) Kat:3, Licht: 0","208443","3","5","1","06","14","2","0","0","0","0","0","1"
"POINT (7.115819169000076 50.750960796000072)","Unfall 208448 (2020) Kat:3, Licht: 0","208448","3","3","5","06","18","3","0","0","1","1","0","0"
"POINT (7.095147033000046 50.735110290000080)","Unfall 208450 (2020) Kat:3, Licht: 0","208450","3","6","0","06","13","3","0","0","1","1","0","0"
"POINT (7.064637778000076 50.746663910000052)","Unfall 208455 (2020) Kat:3, Licht: 0","208455","3","6","2","06","11","2","0","0","0","1","0","0"
"POINT (7.094929065000031 50.732748811000079)","Unfall 208468 (2020) Kat:3, Licht: 0","208468","3","1","0","06","15","3","0","0","1","0","0","0"
"POINT (7.071687847000021 50.735325070000044)","Unfall 208501 (2020) Kat:2, Licht: 0","208501","2","2","5","06","07","6","0","0","0","1","0","0"
"POINT (7.154147631000058 50.744975338000074)","Unfall 208653 (2020) Kat:3, Licht: 0","208653","3","7","0","06","13","4","0","0","0","0","0","0"
"POINT (7.156257431000029 50.690499051000074)","Unfall 208656 (2020) Kat:3, Licht: 2","208656","3","5","1","06","22","7","0","2","1","1","0","0"
"POINT (7.162792252000031 50.669500939000045)","Unfall 208706 (2020) Kat:2, Licht: 2","208706","2","3","5","06","00","5","0","2","1","0","0","0"
"POINT (7.078877533000025 50.744508181000072)","Unfall 208780 (2020) Kat:3, Licht: 2","208780","3","1","0","06","03","7","0","2","0","0","0","0"
"POINT (7.074387075000061 50.727825136000035)","Unfall 208795 (2020) Kat:3, Licht: 0","208795","3","5","1","06","10","6","0","0","1","1","0","0"
"POINT (7.137652739000032 50.723888703000057)","Unfall 208817 (2020) Kat:2, Licht: 2","208817","2","1","8","06","03","7","0","2","0","1","0","0"
"POINT (7.122216564000041 50.729062425000052)","Unfall 208830 (2020) Kat:3, Licht: 0","208830","3","1","0","06","14","4","0","0","1","0","0","0"
"POINT (7.147506699000076 50.704911214000049)","Unfall 208955 (2020) Kat:3, Licht: 0","208955","3","3","5","06","06","3","1","0","1","1","0","0"
"POINT (7.101555269000073 50.729516384000078)","Unfall 208958 (2020) Kat:3, Licht: 0","208958","3","7","0","06","09","3","1","0","1","0","0","0"