WKT,Name,OBJECTID,UKATEGORIE,UTYP1,UART,UMONAT,USTUNDE,UWOCHENTAG,STRZUSTAND,ULICHTVERH,ISTRAD,ISTPKW,ISTFUSS,ISTKRAD
"POINT (7.062005502000034 50.704489175000049)","Unfall 209085 (2020) Kat:3, Licht: 0","209085","3","6","1","06","07","2","0","0","0","1","0","0"
"POINT (7.103675934000023 50.723487053000042)","Unfall 209086 (2020) Kat:2, Licht: 0","209086","2","7","1","06","16","2","0","0","0","1","0","0"
"POINT (7.161436770000023 50.695575651000070)","Unfall 209114 (2020) Kat:3, Licht: 0","209114","3","1","8","06","16","1","0","0","0","1","0","0"
"POINT (7.098603030000049 50.731924053000057)","Unfall 209139 (2020) Kat:3, Licht: 0","209139","3","1","0","06","12","6","0","0","1","0","0","0"
"POINT (7.174623451000059 50.665982423000059)","Unfall 209177 (2020) Kat:3, Licht: 0","209177","3","4","6","06","16","6","0","0","0","1","1","0"
"POINT (7.081701060000057 50.735257969000031)","Unfall 209185 (2020) Kat:3, Licht: 0","209185","3","3","5","06","14","7","0","0","0","1","0","0"
"POINT (7.134568096000066 50.700193033000062)","Unfall 209223 (2020) Kat:2, Licht: 0","209223","2","1","0","06","18","1","0","0","0","0","0","1"
"POINT (7.115909326000065 50.733416392000038)","Unfall 209248 (2020) Kat:3, Licht: 0","209248","3","7","0","06","09","6","0","0","0","1","1","0"
"POINT (7.170285035000063 50.675381277000042)","Unfall 209289 (2020) Kat:3, Licht: 0","209289","3","6","5","06","10","5","0","0","1","1","0","0"
"POINT (7.099320369000054 50.730712862000075)","Unfall 209300 (2020) Kat:3, Licht: 0","209300","3","3","5","06","17","5","0","0","1","0","0","0"
"POINT (7.109497989000033 50.709441470000058)","Unfall 209307 (2020) Kat:3, Licht: 0","209307","3","6","2","06","09","5","0","0","0","1","0","0"
"POINT (7.144791995000048 50.706735644000048)","Unfall 209332 (2020) Kat:3, Licht: 0","209332","3","6","2","06","10","7","0","0","0","1","0","0"
"POINT (7.071474141000067 50.714835530000073)","Unfall 209389 (2020) Kat:3, Licht: 0","209389","3","3","5","06","20","4","0","0","0","1","0","0"
"POINT (7.098167828000044 50.721655737000049)","Unfall 209390 (2020) Kat:3, Licht: 0","209390","3","6","1","06","18","4","0","0","0","1","0","0"
"POINT (7.134163753000053 50.700037855000062)","Unfall 209432 (2020) Kat:3, Licht: 0","209432","3","2","5","06","16","2","0","0","1","1","0","0"
"POINT (7.175014302000022 50.668387178000046)","Unfall 209434 (2020) Kat:3, Licht: 0","209434","3","3","5","06","15","2","0","0","0","1","0","0"
"POINT (7.099094208000054 50.705500820000054)","Unfall 209439 (2020) Kat:2, Licht: 0","209439","2","7","0","06","19","2","0","0","0","0","1","0"
"POINT (7.117659235000076 50.748174163000044)","Unfall 209536 (2020) Kat:3, Licht: 0","209536","3","7","7","06","16","3","0","0","0","1","0","0"
"POINT (7.095008438000036 50.734291760000076)","Unfall 209538 (2020) Kat:3, Licht: 0","209538","3","7","0","06","13","3","0","0","1","0","0","0"
"POINT (7.116308064000066 50.738414722000073)","Unfall 209614 (2020) Kat:3, Licht: 0","209614","3","2","1","06","20","7","0","0","0","1","0","1"
"POINT (7.125382675000026 50.737955798000030)","Unfall 209621 (2020) Kat:3, Licht: 0","209621","3","2","5","06","07","6","0","0","1","1","0","0"
"POINT (7.085862573000043 50.755823557000042)","Unfall 209663 (2020) Kat:2, Licht: 2","209663","2","1","8","06","03","7","0","2","0","0","0","0"
"POINT (7.132927950000067 50.693522641000072)","Unfall 209708 (2020) Kat:2, Licht: 0","209708","2","3","5","06","16","6","0","0","1","1","0","0"
"POINT (7.078661196000041 50.743389798000067)","Unfall 209759 (2020) Kat:3, Licht: 0","209759","3","4","6","06","11","5","0","0","0","1","1","0"
"POINT (7.071776735000071 50.725761493000050)","Unfall 209764 (2020) Kat:2, Licht: 0","209764","2","6","4","06","07","5","0","0","1","0","0","0"
"POINT (7.090223437000020 50.730234890000077)","Unfall 209767 (2020) Kat:3, Licht: 0","209767","3","6","3","06","12","7","0","0","1","1","0","0"
"POINT (7.069378575000030 50.744608726000081)","Unfall 209775 (2020) Kat:3, Licht: 0","209775","3","3","5","06","12","6","0","0","0","1","0","0"
"POINT (7.090517522000027 50.734812638000051)","Unfall 209841 (2020) Kat:3, Licht: 0","209841","3","6","3","06","17","1","0","0","1","1","0","0"
"POINT (7.154783045000045 50.671000637000077)","Unfall 209989 (2020) Kat:2, Licht: 0","209989","2","3","5","07","10","5","1","0","1","1","0","0"
"POINT (7.162541001000022 50.687351300000046)","Unfall 210001 (2020) Kat:3, Licht: 0","210001","3","5","0","07","08","5","0","0","1","1","0","0"
"POINT (7.121855958000026 50.747634462000065)","Unfall 210085 (2020) Kat:3, Licht: 1","210085","3","1","0","06","07","2","1","1","0","0","0","1"
"POINT (7.163529215000040 50.701434875000075)","Unfall 210089 (2020) Kat:3, Licht: 0","210089","3","3","5","06","09","3","0","0","0","1","0","0"
"POINT (7.142766761000075 50.697342257000059)","Unfall 210091 (2020) Kat:3, Licht: 0","210091","3","2","5","06","07","3","0","0","1","1","0","0"
"POINT (7.154374589000042 50.682649522000077)","Unfall 210094 (2020) Kat:3, Licht: 0","210094","3","7","0","06","19","3","0","0","0","0","0","0"
"POINT (7.167153107000047 50.689813045000051)","Unfall 210095 (2020) Kat:3, Licht: 0","210095","3","3","5","06","18","3","0","0","1","1","0","0"
"POINT (7.049504776000049 50.706478516000061)","Unfall 210096 (2020) Kat:2, Licht: 0","210096","2","1","0","06","09","3","0","0","1","0","0","0"
"POINT (7.059702635000065 50.703719560000081)","Unfall 210097 (2020) Kat:3, Licht: 1","210097","3","1","7","06","05","3","0","1","0","1","0","0"
"POINT (7.156232771000020 50.726194966000037)","Unfall 210098 (2020) Kat:3, Licht: 0","210098","3","3","5","06","16","3","0","0","1","1","0","0"
"POINT (7.083273476000045 50.699746718000029)","Unfall 210099 (2020) Kat:2, Licht: 1","210099","2","7","0","06","21","3","0","1","1","0","0","0"
"POINT (7.099967444000072 50.736623601000076)","Unfall 210100 (2020) Kat:2, Licht: 0","210100","2","7","0","06","14","3","0","0","1","0","0","0"
"POINT (7.181708132000040 50.672301444000027)","Unfall 210178 (2020) Kat:3, Licht: 0","210178","3","1","8","07","18","4","1","0","0","1","0","0"
"POINT (7.123582726000052 50.747640398000044)","Unfall 210202 (2020) Kat:3, Licht: 1","210202","3","1","0","07","21","3","0","1","0","0","0","1"
"POINT (7.109265875000062 50.707606123000062)","Unfall 210227 (2020) Kat:3, Licht: 0","210227","3","1","0","07","17","4","1","0","0","0","0","1"
"POINT (7.099046161000047 50.732263346000082)","Unfall 210257 (2020) Kat:3, Licht: 0","210257","3","7","6","07","18","2","0","0","0","0","1","0"
"POINT (7.105852791000075 50.736863138000047)","Unfall 210259 (2020) Kat:2, Licht: 0","210259","2","1","0","07","16","6","0","0","0","0","0","0"
"POINT (7.106936892000022 50.720917756000063)","Unfall 210270 (2020) Kat:3, Licht: 0","210270","3","2","3","07","10","2","0","0","0","1","0","1"
"POINT (7.097883893000073 50.737724611000033)","Unfall 210273 (2020) Kat:3, Licht: 0","210273","3","1","0","07","16","1","0","0","1","1","0","0"
"POINT (7.048809313000049 50.752226113000063)","Unfall 210285 (2020) Kat:3, Licht: 0","210285","3","3","5","07","13","7","0","0","0","1","0","1"
"POINT (7.145921709000049 50.689047078000044)","Unfall 210322 (2020) Kat:3, Licht: 0","210322","3","3","5","07","16","7","0","0","1","1","0","0"
"POINT (7.104321787000060 50.721253781000030)","Unfall 210331 (2020) Kat:3, Licht: 0","210331","3","2","5","07","15","4","1","0","1","1","0","0"
"POINT (7.071792813000059 50.718452953000053)","Unfall 210397 (2020) Kat:2, Licht: 0","210397","2","5","1","07","16","2","0","0","1","1","0","0"
"POINT (7.129814659000033 50.697172445000035)","Unfall 210412 (2020) Kat:3, Licht: 0","210412","3","7","5","07","12","6","0","0","0","1","0","0"
"POINT (7.173716893000062 50.673921916000040)","Unfall 210426 (2020) Kat:3, Licht: 0","210426","3","7","0","07","17","5","0","0","0","0","0","0"
"POINT (7.085237810000024 50.728632444000027)","Unfall 210428 (2020) Kat:3, Licht: 0","210428","3","2","5","07","11","5","0","0","1","0","0","0"
"POINT (7.074973658000033 50.739413095000032)","Unfall 210430 (2020) Kat:3, Licht: 0","210430","3","1","0","07","15","5","0","0","1","0","0","0"
"POINT (7.151456381000060 50.719345838000038)","Unfall 210439 (2020) Kat:2, Licht: 0","210439","2","6","2","07","08","7","0","0","0","1","0","1"
"POINT (7.051264617000072 50.710781346000033)","Unfall 210504 (2020) Kat:3, Licht: 0","210504","3","7","0","07","19","2","0","0","0","0","0","0"
"POINT (7.059629627000049 50.698091396000052)","Unfall 210547 (2020) Kat:3, Licht: 0","210547","3","3","5","07","14","7","0","0","1","1","0","0"
"POINT (7.065366670000060 50.736796130000073)","Unfall 210597 (2020) Kat:3, Licht: 0","210597","3","3","5","07","12","7","0","0","0","1","0","1"
"POINT (7.046168713000043 50.718288989000030)","Unfall 210609 (2020) Kat:3, Licht: 0","210609","3","7","5","07","09","2","0","0","1","0","0","0"
"POINT (7.138392721000059 50.710838139000032)","Unfall 210614 (2020) Kat:3, Licht: 0","210614","3","2","5","07","15","1","0","0","0","1","0","0"
"POINT (7.148286717000076 50.721151199000076)","Unfall 210665 (2020) Kat:2, Licht: 0","210665","2","1","8","07","19","5","0","0","0","1","0","0"
"POINT (7.127825282000060 50.705165948000058)","Unfall 210733 (2020) Kat:2, Licht: 0","210733","2","1","2","07","18","6","0","0","1","1","0","0"
"POINT (7.103159958000049 50.700129913000069)","Unfall 210823 (2020) Kat:3, Licht: 0","210823","3","3","5","07","14","5","1","0","1","0","0","0"
"POINT (7.147742270000038 50.686689902000069)","Unfall 210867 (2020) Kat:3, Licht: 0","210867","3","3","5","07","08","3","0","0","1","1","0","0"
"POINT (7.057151880000049 50.713790920000065)","Unfall 210890 (2020) Kat:3, Licht: 0","210890","3","6","2","07","18","6","0","0","1","1","0","0"
"POINT (7.054766597000025 50.735804804000054)","Unfall 210905 (2020) Kat:3, Licht: 0","210905","3","2","2","07","16","4","0","0","0","1","0","1"
"POINT (7.105872748000024 50.736777634000077)","Unfall 210929 (2020) Kat:3, Licht: 0","210929","3","2","2","07","17","3","0","0","1","0","0","0"
"POINT (7.096550402000048 50.732594947000052)","Unfall 211009 (2020) Kat:2, Licht: 0","211009","2","1","0","07","18","4","0","0","1","0","0","0"
"POINT (7.103329497000061 50.724010600000042)","Unfall 211059 (2020) Kat:3, Licht: 0","211059","3","2","2","07","17","7","0","0","1","1","0","0"
"POINT (7.100082366000038 50.727668392000055)","Unfall 211064 (2020) Kat:3, Licht: 0","211064","3","1","0","07","16","7","0","0","1","0","0","0"
"POINT (7.098614399000041 50.722281067000040)","Unfall 211085 (2020) Kat:3, Licht: 0","211085","3","2","5","07","07","3","0","0","1","1","0","0"
"POINT (7.157914107000067 50.692591646000039)","Unfall 211157 (2020) Kat:3, Licht: 0","211157","3","3","5","07","18","1","0","0","0","1","0","0"
"POINT (7.059430312000075 50.715353007000033)","Unfall 211158 (2020) Kat:2, Licht: 0","211158","2","2","5","07","18","1","0","0","1","1","0","0"
"POINT (7.116296462000037 50.738428459000033)","Unfall 211160 (2020) Kat:3, Licht: 0","211160","3","3","6","07","12","1","0","0","1","0","1","0"
"POINT (7.159853312000053 50.681851823000045)","Unfall 211185 (2020) Kat:3, Licht: 0","211185","3","1","0","07","18","5","0","0","1","1","0","0"
"POINT (7.122819729000071 50.720880789000034)","Unfall 211188 (2020) Kat:3, Licht: 0","211188","3","1","0","07","19","5","0","0","0","0","0","0"
"POINT (7.030422017000035 50.712506346000055)","Unfall 211193 (2020) Kat:3, Licht: 0","211193","3","2","5","07","18","5","0","0","0","1","0","0"
"POINT (7.070246448000034 50.731028899000080)","Unfall 211198 (2020) Kat:3, Licht: 0","211198","3","6","2","07","13","5","0","0","0","1","0","0"
"POINT (7.065891264000072 50.768618818000050)","Unfall 211218 (2020) Kat:3, Licht: 0","211218","3","5","1","07","13","7","0","0","1","1","0","0"
"POINT (7.069616475000032 50.724935207000044)","Unfall 211221 (2020) Kat:3, Licht: 2","211221","3","1","0","07","00","7","1","2","1","0","0","0"
"POINT (7.051626880000072 50.758763800000054)","Unfall 211271 (2020) Kat:3, Licht: 2","211271","3","1","9","07","02","2","0","2","0","1","0","0"
"POINT (7.097877559000040 50.737653158000057)","Unfall 211295 (2020) Kat:3, Licht: 2","211295","3","1","0","07","23","6","1","2","1","0","0","0"
"POINT (7.051063361000047 50.746617832000027)","Unfall 211298 (2020) Kat:3, Licht: 0","211298","3","2","0","07","16","6","0","0","0","1","0","0"
"POINT (7.071313102000033 50.735006678000047)","Unfall 211299 (2020) Kat:3, Licht: 0","211299","3","2","5","07","13","6","0","0","1","1","0","0"
"POINT (7.145230226000024 50.692667979000078)","Unfall 211379 (2020) Kat:3, Licht: 0","211379","3","3","5","07","09","2","0","0","1","1","0","0"
"POINT (7.097279680000042 50.732381149000048)","Unfall 211423 (2020) Kat:3, Licht: 0","211423","3","1","1","07","11","4","0","0","1","1","0","0"
"POINT (7.104807427000026 50.735664177000046)","Unfall 211433 (2020) Kat:3, Licht: 0","211433","3","5","1","07","09","6","0","0","1","1","0","0"
"POINT (7.101782662000062 50.734078925000063)","Unfall 211491 (2020) Kat:3, Licht: 0","211491","3","6","4","07","17","3","0","0","1","0","0","0"
"POINT (7.149361618000057 50.691983681000067)","Unfall 211528 (2020) Kat:3, Licht: 0","211528","3","3","5","07","17","4","0","0","1","1","0","0"
"POINT (7.052283215000045 50.748627066000040)","Unfall 211540 (2020) Kat:3, Licht: 0","211540","3","3","5","07","10","6","0","0","0","1","0","1"
"POINT (7.169233944000041 50.684598780000044)","Unfall 211595 (2020) Kat:3, Licht: 0","211595","3","2","0","07","12","6","0","0","1","0","0","1"
"POINT (7.185613941000042 50.659439137000049)","Unfall 211621 (2020) Kat:3, Licht: 0","211621","3","3","5","07","18","4","0","0","1","1","0","0"
"POINT (7.081955933000074 50.761780143000067)","Unfall 211645 (2020) Kat:3, Licht: 0","211645","3","1","0","07","20","6","0","0","0","0","0","0"
"POINT (7.101596742000027 50.729537282000081)","Unfall 211725 (2020) Kat:3, Licht: 0","211725","3","3","5","08","16","2","0","0","1","1","0","0"
"POINT (7.143010446000062 50.722561909000035)","Unfall 211923 (2020) Kat:3, Licht: 0","211923","3","2","5","08","18","7","0","0","0","1","0","1"
"POINT (7.111871801000063 50.704635714000062)","Unfall 211934 (2020) Kat:3, Licht: 0","211934","3","5","0","08","15","4","0","0","1","1","0","0"
"POINT (7.138947631000065 50.696762752000041)","Unfall 212146 (2020) Kat:3, Licht: 0","212146","3","1","4","08","13","3","0","0","0","1","0","0"
"POINT (7.098598796000033 50.731926075000047)","Unfall 212152 (2020) Kat:3, Licht: 0","212152","3","1","0","08","18","6","0","0","1","0","0","0"
"POINT (7.119960741000057 50.737155415000075)","Unfall 212154 (2020) Kat:3, Licht: 0","212154","3","2","5","08","19","3","0","0","1","1","0","0"
"POINT (7.170778210000037 50.712877668000033)","Unfall 212158 (2020) Kat:2, Licht: 0","212158","2","3","6","08","19","3","0","0","0","0","1","0"
"POINT (7.072853067000040 50.737196683000036)","Unfall 212178 (2020) Kat:3, Licht: 0","212178","3","3","5","08","14","5","0","0","1","1","0","0"
"POINT (7.161199280000062 50.726798169000062)","Unfall 212272 (2020) Kat:3, Licht: 2","212272","3","1","0","08","02","1","0","2","0","0","0","0"
"POINT (7.167765726000027 50.683872525000027)","Unfall 212351 (2020) Kat:3, Licht: 0","212351","3","2","6","08","11","7","0","0","0","1","1","0"
"POINT (7.157856360000039 50.684644985000034)","Unfall 212352 (2020) Kat:3, Licht: 0","212352","3","1","0","08","15","7","0","0","0","0","0","1"
"POINT (7.118227851000029 50.754390906000026)","Unfall 212355 (2020) Kat:3, Licht: 0","212355","3","2","5","08","17","7","0","0","1","1","0","0"
"POINT (7.101537214000075 50.725991380000039)","Unfall 212357 (2020) Kat:3, Licht: 0","212357","3","5","0","08","09","7","0","0","1","1","0","0"
"POINT (7.086026853000021 50.741611806000037)","Unfall 212407 (2020) Kat:3, Licht: 0","212407","3","3","5","08","14","2","0","0","1","1","0","0"
"POINT (7.088300235000077 50.740936735000048)","Unfall 212411 (2020) Kat:3, Licht: 0","212411","3","2","5","08","17","2","0","0","1","1","0","0"
"POINT (7.040111708000040 50.743766631000028)","Unfall 212416 (2020) Kat:3, Licht: 0","212416","3","6","4","08","08","2","0","0","0","1","0","0"
"POINT (7.103967112000021 50.729095419000032)","Unfall 212460 (2020) Kat:3, Licht: 0","212460","3","6","4","08","17","6","1","0","1","0","0","0"
"POINT (7.132336033000058 50.744832602000031)","Unfall 212464 (2020) Kat:3, Licht: 0","212464","3","1","0","08","18","7","0","0","0","0","0","1"
"POINT (7.194735119000029 50.673416366000026)","Unfall 212540 (2020) Kat:3, Licht: 0","212540","3","1","9","08","19","5","0","0","0","0","0","1"
"POINT (7.107979042000068 50.723082017000081)","Unfall 212563 (2020) Kat:3, Licht: 0","212563","3","5","0","08","07","4","0","0","1","1","0","0"
"POINT (7.108859558000063 50.720449948000066)","Unfall 212732 (2020) Kat:3, Licht: 0","212732","3","6","2","08","10","4","0","0","0","1","0","0"
"POINT (7.068447533000040 50.680895632000045)","Unfall 212762 (2020) Kat:3, Licht: 0","212762","3","5","1","08","10","1","0","0","1","1","0","0"
"POINT (7.076481576000049 50.755415838000033)","Unfall 212767 (2020) Kat:3, Licht: 0","212767","3","4","0","08","07","3","0","0","0","1","1","0"
"POINT (7.132941921000054 50.737391441000057)","Unfall 212837 (2020) Kat:3, Licht: 0","212837","3","2","2","08","07","4","0","0","0","1","0","0"
"POINT (7.166920441000059 50.674675612000044)","Unfall 212870 (2020) Kat:3, Licht: 0","212870","3","7","0","08","09","2","0","0","0","0","0","0"
"POINT (7.159193926000057 50.669845777000035)","Unfall 212871 (2020) Kat:3, Licht: 0","212871","3","1","0","08","09","2","1","0","0","0","0","1"
"POINT (7.057706090000067 50.706479573000081)","Unfall 212875 (2020) Kat:3, Licht: 0","212875","3","7","3","08","10","2","1","0","0","1","0","1"
"POINT (7.098094368000034 50.738532767000038)","Unfall 212877 (2020) Kat:3, Licht: 0","212877","3","7","0","08","18","2","0","0","1","0","0","0"
"POINT (7.095229498000037 50.732974739000042)","Unfall 212879 (2020) Kat:3, Licht: 0","212879","3","1","0","08","09","2","0","0","1","0","0","0"
"POINT (7.071909295000069 50.748969038000041)","Unfall 213049 (2020) Kat:3, Licht: 0","213049","3","1","0","08","06","7","0","0","0","1","0","0"
"POINT (7.133211036000034 50.680531861000077)","Unfall 213212 (2020) Kat:3, Licht: 0","213212","3","1","0","08","16","3","1","0","1","0","0","0"
"POINT (7.099553737000065 50.732266006000032)","Unfall 213221 (2020) Kat:3, Licht: 0","213221","3","3","5","08","13","3","0","0","1","1","0","0"
"POINT (7.153612527000064 50.687387353000076)","Unfall 213316 (2020) Kat:3, Licht: 0","213316","3","4","0","08","17","3","0","0","0","1","1","0"
"POINT (7.176405507000027 50.682799505000048)","Unfall 213325 (2020) Kat:3, Licht: 0","213325","3","7","0","08","13","1","0","0","1","0","0","0"
"POINT (7.108376201000056 50.734579783000072)","Unfall 213328 (2020) Kat:2, Licht: 0","213328","2","4","6","08","06","3","0","0","1","0","1","0"
"POINT (7.036746013000027 50.711590951000062)","Unfall 213370 (2020) Kat:3, Licht: 0","213370","3","4","6","08","18","2","0","0","0","1","1","0"
"POINT (7.190512475000048 50.662760027000047)","Unfall 213449 (2020) Kat:3, Licht: 0","213449","3","7","0","08","14","4","0","0","0","0","1","0"
"POINT (7.045531819000075 50.706241512000076)","Unfall 213512 (2020) Kat:3, Licht: 0","213512","3","7","0","08","13","6","0","0","1","0","0","0"
"POINT (7.112851182000043 50.713074368000036)","Unfall 213513 (2020) Kat:3, Licht: 0","213513","3","7","0","08","17","6","1","0","1","0","0","0"
"POINT (7.084081062000053 50.695301559000029)","Unfall 213650 (2020) Kat:3, Licht: 0","213650","3","7","0","08","15","5","0","0","0","1","0","1"
"POINT (7.087174307000055 50.693209134000028)","Unfall 213652 (2020) Kat:2, Licht: 0","213652","2","3","5","08","17","5","0","0","0","1","0","0"
"POINT (7.084991417000026 50.742850493000049)","Unfall 213655 (2020) Kat:3, Licht: 0","213655","3","4","6","08","19","5","0","0","0","1","1","0"
"POINT (7.112167181000075 50.720620324000038)","Unfall 213656 (2020) Kat:2, Licht: 0","213656","2","1","3","08","17","5","0","0","1","0","0","0"
"POINT (7.049655438000059 50.715533256000072)","Unfall 213713 (2020) Kat:3, Licht: 0","213713","3","2","5","08","15","1","0","0","1","1","0","0"
"POINT (7.098987187000034 50.728423822000082)","Unfall 213716 (2020) Kat:2, Licht: 2","213716","2","5","1","08","22","1","0","2","0","1","0","0"
"POINT (7.095255352000038 50.741368546000047)","Unfall 213726 (2020) Kat:3, Licht: 0","213726","3","5","1","09","14","3","0","0","1","1","0","0"
"POINT (7.149497254000039 50.720896326000059)","Unfall 213772 (2020) Kat:3, Licht: 0","213772","3","1","0","09","16","5","1","0","0","0","0","1"
"POINT (7.146095227000046 50.690576375000035)","Unfall 213790 (2020) Kat:3, Licht: 0","213790","3","3","5","09","09","4","0","0","0","1","0","0"
"POINT (7.105785462000029 50.731349969000064)","Unfall 213830 (2020) Kat:3, Licht: 0","213830","3","1","0","09","17","3","1","0","1","0","0","0"
"POINT (7.104362356000024 50.721086833000072)","Unfall 213841 (2020) Kat:3, Licht: 0","213841","3","2","6","09","17","4","0","0","0","1","1","0"
"POINT (7.051853518000030 50.704134855000063)","Unfall 213891 (2020) Kat:3, Licht: 0","213891","3","2","2","08","09","2","1","0","0","1","0","0"
"POINT (7.111560475000033 50.751464919000057)","Unfall 213894 (2020) Kat:3, Licht: 0","213894","3","5","1","08","18","2","0","0","0","1","0","1"
"POINT (7.151369352000074 50.682048672000064)","Unfall 213897 (2020) Kat:3, Licht: 0","213897","3","3","5","09","14","4","0","0","0","1","0","1"
"POINT (7.050738880000040 50.745651010000074)","Unfall 213900 (2020) Kat:2, Licht: 0","213900","2","6","3","08","16","2","0","0","1","1","0","0"
"POINT (7.181109184000036 50.744197801000041)","Unfall 213924 (2020) Kat:3, Licht: 0","213924","3","5","1","09","14","3","0","0","1","1","0","0"
"POINT (7.084680512000034 50.740848395000057)","Unfall 213931 (2020) Kat:3, Licht: 0","213931","3","3","5","09","16","5","1","0","1","1","0","0"
"POINT (7.130432299000063 50.730821815000070)","Unfall 213949 (2020) Kat:3, Licht: 0","213949","3","5","1","09","16","4","0","0","1","1","0","0"
"POINT (7.087679907000052 50.739710392000063)","Unfall 213997 (2020) Kat:3, Licht: 0","213997","3","2","5","09","12","7","0","0","0","1","0","0"
"POINT (7.084345446000043 50.742130996000071)","Unfall 213998 (2020) Kat:3, Licht: 2","213998","3","7","0","09","23","7","0","2","0","0","0","0"
"POINT (7.067159045000039 50.742153775000077)","Unfall 214004 (2020) Kat:3, Licht: 0","214004","3","2","2","09","15","2","0","0","0","1","0","0"
"POINT (7.109534348000068 50.720329278000065)","Unfall 214052 (2020) Kat:2, Licht: 2","214052","2","2","5","09","01","1","0","2","1","1","0","0"
"POINT (7.161340079000070 50.695489449000036)","Unfall 214085 (2020) Kat:3, Licht: 0","214085","3","3","5","09","07","6","1","0","1","1","0","0"
"POINT (7.145139809000057 50.692633777000026)","Unfall 214086 (2020) Kat:3, Licht: 0","214086","3","2","5","09","08","6","0","0","1","1","0","0"
"POINT (7.080479763000028 50.753231360000029)","Unfall 214088 (2020) Kat:3, Licht: 0","214088","3","4","6","09","14","6","0","0","0","1","1","0"
"POINT (7.097080639000069 50.732474102000026)","Unfall 214107 (2020) Kat:3, Licht: 0","214107","3","2","5","09","17","2","0","0","1","1","0","0"
"POINT (7.059113841000055 50.735633588000042)","Unfall 214158 (2020) Kat:3, Licht: 0","214158","3","2","5","09","07","2","0","0","1","1","0","0"
"POINT (7.159013169000048 50.684980830000029)","Unfall 214236 (2020) Kat:3, Licht: 0","214236","3","3","5","09","18","5","0","0","1","1","0","0"
"POINT (7.103172052000048 50.716464236000036)","Unfall 214250 (2020) Kat:3, Licht: 0","214250","3","7","0","09","18","4","0","0","0","1","0","1"
"POINT (7.043004748000044 50.709675188000062)","Unfall 214261 (2020) Kat:3, Licht: 0","214261","3","7","4","09","16","5","0","0","1","1","0","0"
"POINT (7.136935598000036 50.710850066000035)","Unfall 214266 (2020) Kat:3, Licht: 2","214266","3","5","1","09","22","2","0","2","1","0","0","0"
"POINT (7.071159214000033 50.730437343000062)","Unfall 214289 (2020) Kat:3, Licht: 0","214289","3","7","0","09","14","3","0","0","0","0","0","0"
"POINT (7.088324720000060 50.740909647000080)","Unfall 214311 (2020) Kat:3, Licht: 2","214311","3","1","0","09","20","5","0","2","1","0","0","0"
"POINT (7.163777743000026 50.677293786000064)","Unfall 214353 (2020) Kat:3, Licht: 0","214353","3","3","0","09","08","4","0","0","1","0","0","0"
"POINT (7.126404640000033 50.738178262000076)","Unfall 214414 (2020) Kat:3, Licht: 0","214414","3","6","2","09","17","5","0","0","0","1","0","0"
"POINT (7.051052097000024 50.735955874000069)","Unfall 214501 (2020) Kat:3, Licht: 0","214501","3","6","2","09","07","2","0","0","0","1","0","0"
"POINT (7.160077942000044 50.679299463000063)","Unfall 214523 (2020) Kat:3, Licht: 0","214523","3","4","0","09","13","6","0","0","0","0","1","1"
"POINT (7.147228776000077 50.721437632000061)","Unfall 214527 (2020) Kat:2, Licht: 2","214527","2","1","3","09","22","1","0","2","1","0","0","0"
"POINT (7.095798991000038 50.737479732000054)","Unfall 214528 (2020) Kat:2, Licht: 2","214528","2","1","0","09","05","1","0","2","0","0","0","0"
"POINT (7.132370925000032 50.728254329000038)","Unfall 214529 (2020) Kat:3, Licht: 0","214529","3","2","5","09","13","6","0","0","1","1","0","0"
"POINT (7.147468361000051 50.731662050000068)","Unfall 214533 (2020) Kat:3, Licht: 0","214533","3","3","5","09","07","6","0","0","1","1","0","0"
"POINT (7.138406145000033 50.689481180000030)","Unfall 214631 (2020) Kat:3, Licht: 1","214631","3","1","1","09","19","7","0","1","1","1","0","0"
"POINT (7.043046670000024 50.729267341000082)","Unfall 214636 (2020) Kat:2, Licht: 0","214636","2","7","0","09","12","7","0","0","1","0","0","0"
"POINT (7.162753408000071 50.727347425000062)","Unfall 214638 (2020) Kat:3, Licht: 0","214638","3","2","2","09","11","7","0","0","0","1","0","0"
"POINT (7.125553937000063 50.727896963000035)","Unfall 214639 (2020) Kat:2, Licht: 2","214639","2","1","0","09","22","7","0","2","1","0","0","0"
"POINT (7.094729399000073 50.722897668000030)","Unfall 214653 (2020) Kat:3, Licht: 0","214653","3","2","5","09","07","2","0","0","1","0","0","0"
"POINT (7.137399367000057 50.681934668000054)","Unfall 214762 (2020) Kat:3, Licht: 0","214762","3","5","0","09","14","4","0","0","0","1","1","0"
"POINT (7.179173295000055 50.663807942000062)","Unfall 214768 (2020) Kat:3, Licht: 0","214768","3","6","4","09","15","3","0","0","1","1","0","0"
"POINT (7.137610513000027 50.723902111000029)","Unfall 214781 (2020) Kat:3, Licht: 0","214781","3","6","2","09","17","3","0","0","0","1","0","1"