WKT,Name,OBJECTID,UKATEGORIE,UTYP1,UART,UMONAT,USTUNDE,UWOCHENTAG,STRZUSTAND,ULICHTVERH,ISTRAD,ISTPKW,ISTFUSS,ISTKRAD
"POINT (7.058930110000063 50.748542779000047)","Unfall 214812 (2020) Kat:3, Licht: 0","214812","3","3","1","09","15","4","0","0","1","0","0","0"
"POINT (7.108596705000025 50.720621119000043)","Unfall 214828 (2020) Kat:3, Licht: 0","214828","3","6","2","09","10","3","0","0","0","1","0","0"
"POINT (7.151091006000058 50.671347424000032)","Unfall 214866 (2020) Kat:2, Licht: 2","214866","2","1","0","09","21","4","0","2","1","0","0","0"
"POINT (7.135158366000042 50.749790261000044)","Unfall 214885 (2020) Kat:3, Licht: 0","214885","3","1","5","09","07","3","0","0","1","1","0","0"
"POINT (7.154768075000050 50.700449462000051)","Unfall 214924 (2020) Kat:3, Licht: 0","214924","3","6","2","09","07","3","0","0","0","1","0","0"
"POINT (7.095095863000040 50.734758003000081)","Unfall 214937 (2020) Kat:2, Licht: 0","214937","2","1","0","09","13","3","0","0","1","0","0","0"
"POINT (7.073593523000056 50.726383172000055)","Unfall 214969 (2020) Kat:3, Licht: 0","214969","3","4","6","09","15","4","0","0","1","0","1","0"
"POINT (7.053985309000041 50.748453923000056)","Unfall 214985 (2020) Kat:3, Licht: 0","214985","3","3","5","09","11","3","0","0","1","1","0","0"
"POINT (7.046445833000064 50.705813254000077)","Unfall 215038 (2020) Kat:3, Licht: 0","215038","3","7","0","09","14","6","0","0","1","0","0","0"
"POINT (7.148660638000024 50.754741279000029)","Unfall 215085 (2020) Kat:3, Licht: 0","215085","3","3","5","09","13","6","0","0","1","1","0","0"
"POINT (7.180098239000074 50.742964666000034)","Unfall 215101 (2020) Kat:3, Licht: 0","215101","3","3","4","09","17","7","0","0","0","1","0","1"
"POINT (7.151313205000065 50.681998387000078)","Unfall 215160 (2020) Kat:3, Licht: 0","215160","3","6","0","09","12","5","0","0","1","1","0","0"
"POINT (7.044198666000057 50.727194858000075)","Unfall 215162 (2020) Kat:3, Licht: 0","215162","3","6","2","09","08","5","0","0","0","1","0","0"
"POINT (7.132249811000065 50.701687851000031)","Unfall 215209 (2020) Kat:3, Licht: 0","215209","3","3","5","09","13","7","0","0","1","1","0","0"
"POINT (7.046085893000054 50.749791253000069)","Unfall 215260 (2020) Kat:3, Licht: 0","215260","3","4","6","09","16","2","0","0","0","1","1","0"
"POINT (7.168447071000060 50.687207273000070)","Unfall 215285 (2020) Kat:3, Licht: 0","215285","3","1","0","09","16","3","0","0","1","0","0","0"
"POINT (7.087169212000049 50.738599790000080)","Unfall 215287 (2020) Kat:3, Licht: 0","215287","3","5","0","09","12","2","0","0","1","1","0","0"
"POINT (7.093154481000056 50.733040062000043)","Unfall 215300 (2020) Kat:3, Licht: 0","215300","3","1","0","09","14","2","0","0","1","0","0","0"
"POINT (7.122534939000047 50.739876624000033)","Unfall 215351 (2020) Kat:3, Licht: 0","215351","3","1","0","09","07","3","0","0","1","0","0","0"
"POINT (7.050458315000071 50.744201202000056)","Unfall 215406 (2020) Kat:3, Licht: 0","215406","3","7","0","09","15","3","0","0","0","0","0","0"
"POINT (7.161474424000062 50.691445400000077)","Unfall 215430 (2020) Kat:3, Licht: 0","215430","3","6","2","09","13","2","0","0","1","0","0","0"
"POINT (7.152008092000074 50.666294324000035)","Unfall 215455 (2020) Kat:3, Licht: 0","215455","3","3","4","09","09","2","0","0","0","0","0","1"
"POINT (7.187268034000056 50.666294676000064)","Unfall 215500 (2020) Kat:3, Licht: 1","215500","3","2","5","09","19","1","0","1","0","1","0","0"
"POINT (7.145921709000049 50.689047078000044)","Unfall 215502 (2020) Kat:3, Licht: 0","215502","3","3","5","09","18","1","0","0","0","1","0","0"
"POINT (7.088980660000061 50.730292977000033)","Unfall 215506 (2020) Kat:3, Licht: 0","215506","3","7","0","09","13","4","0","0","0","0","0","0"
"POINT (7.122495879000041 50.739868025000078)","Unfall 215510 (2020) Kat:3, Licht: 0","215510","3","1","0","09","07","3","0","0","1","0","0","0"
"POINT (7.086695183000074 50.758014763000062)","Unfall 215511 (2020) Kat:3, Licht: 2","215511","3","7","1","09","00","1","0","2","1","1","0","0"
"POINT (7.124294477000035 50.720321200000058)","Unfall 215514 (2020) Kat:2, Licht: 0","215514","2","3","5","09","16","2","0","0","1","0","0","0"
"POINT (7.149774917000059 50.670683286000042)","Unfall 215516 (2020) Kat:3, Licht: 1","215516","3","1","8","09","19","2","0","1","0","1","0","0"
"POINT (7.105047764000062 50.739687766000031)","Unfall 215531 (2020) Kat:3, Licht: 0","215531","3","4","6","09","15","2","0","0","0","1","1","0"
"POINT (7.144974436000041 50.706673766000051)","Unfall 215573 (2020) Kat:3, Licht: 0","215573","3","2","5","09","15","1","0","0","0","1","0","0"
"POINT (7.043200389000049 50.711976905000029)","Unfall 215604 (2020) Kat:3, Licht: 0","215604","3","6","3","09","13","5","0","0","1","0","0","0"
"POINT (7.046238769000070 50.705907933000049)","Unfall 215607 (2020) Kat:3, Licht: 2","215607","3","2","3","09","19","5","0","2","1","0","0","0"
"POINT (7.095222690000071 50.735613954000030)","Unfall 215613 (2020) Kat:3, Licht: 0","215613","3","1","1","09","13","1","1","0","1","1","0","0"
"POINT (7.088692758000036 50.753374851000046)","Unfall 215691 (2020) Kat:3, Licht: 0","215691","3","2","2","09","12","2","0","0","0","1","0","0"
"POINT (7.151515558000028 50.689300982000077)","Unfall 215747 (2020) Kat:2, Licht: 0","215747","2","7","0","09","10","2","0","0","1","0","0","0"
"POINT (7.125438995000025 50.700876384000026)","Unfall 215804 (2020) Kat:3, Licht: 0","215804","3","7","4","10","14","5","1","0","0","1","0","0"
"POINT (7.095607512000072 50.726219947000061)","Unfall 215836 (2020) Kat:3, Licht: 0","215836","3","2","2","09","17","3","1","0","0","1","0","0"
"POINT (7.044623906000027 50.714253223000071)","Unfall 215856 (2020) Kat:3, Licht: 2","215856","3","3","5","10","20","5","1","2","1","1","0","0"
"POINT (7.120208956000056 50.737197041000059)","Unfall 215876 (2020) Kat:2, Licht: 0","215876","2","7","8","09","15","4","0","0","1","0","0","0"
"POINT (7.066465748000042 50.732833040000060)","Unfall 215881 (2020) Kat:3, Licht: 0","215881","3","3","5","09","09","4","1","0","1","1","0","0"
"POINT (7.117660069000067 50.701949280000065)","Unfall 215889 (2020) Kat:3, Licht: 2","215889","3","1","1","09","05","4","1","2","1","1","0","0"
"POINT (7.087509325000042 50.747090708000030)","Unfall 215898 (2020) Kat:3, Licht: 0","215898","3","6","4","09","15","4","0","0","1","0","0","0"
"POINT (7.128565045000073 50.698264691000077)","Unfall 215910 (2020) Kat:3, Licht: 2","215910","3","1","0","10","23","5","0","2","1","0","0","0"
"POINT (7.154478967000046 50.688465262000079)","Unfall 215930 (2020) Kat:3, Licht: 0","215930","3","5","1","09","12","3","1","0","1","1","0","0"
"POINT (7.116663601000028 50.708132474000081)","Unfall 215942 (2020) Kat:3, Licht: 0","215942","3","2","5","09","15","3","1","0","0","1","0","1"
"POINT (7.119974988000024 50.737158873000055)","Unfall 215981 (2020) Kat:3, Licht: 0","215981","3","3","5","09","15","3","0","0","1","1","0","0"
"POINT (7.102854943000068 50.716459702000066)","Unfall 215993 (2020) Kat:2, Licht: 2","215993","2","6","2","09","06","3","0","2","1","1","0","0"
"POINT (7.094985493000024 50.734216695000043)","Unfall 216031 (2020) Kat:3, Licht: 0","216031","3","1","0","09","15","3","1","0","0","0","0","0"
"POINT (7.158221748000074 50.684987911000064)","Unfall 216033 (2020) Kat:3, Licht: 0","216033","3","6","4","09","17","3","1","0","0","0","0","1"
"POINT (7.088817936000055 50.721943929000076)","Unfall 216055 (2020) Kat:3, Licht: 0","216055","3","7","0","10","09","3","0","0","1","0","1","0"
"POINT (7.066297947000066 50.713828719000048)","Unfall 216094 (2020) Kat:3, Licht: 0","216094","3","7","6","10","15","3","0","0","0","0","1","1"
"POINT (7.066388846000052 50.744138934000034)","Unfall 216151 (2020) Kat:3, Licht: 0","216151","3","2","3","10","15","6","0","0","1","1","0","0"
"POINT (7.048224541000025 50.718774844000052)","Unfall 216192 (2020) Kat:3, Licht: 0","216192","3","3","5","10","17","2","0","0","1","1","0","0"
"POINT (7.128750002000061 50.718885545000035)","Unfall 216260 (2020) Kat:3, Licht: 0","216260","3","1","0","10","15","1","1","0","1","0","0","0"
"POINT (7.144660187000056 50.744053076000057)","Unfall 216270 (2020) Kat:2, Licht: 0","216270","2","7","9","10","12","3","0","0","0","1","0","0"
"POINT (7.149461890000055 50.687563786000055)","Unfall 216326 (2020) Kat:2, Licht: 0","216326","2","5","1","10","13","5","0","0","1","1","0","0"
"POINT (7.098598746000050 50.731926099000077)","Unfall 216328 (2020) Kat:3, Licht: 2","216328","3","1","0","10","22","5","1","2","0","0","0","0"
"POINT (7.098649165000040 50.725815906000037)","Unfall 216329 (2020) Kat:3, Licht: 0","216329","3","3","5","10","13","5","0","0","1","1","0","0"
"POINT (7.102981974000045 50.730328833000044)","Unfall 216331 (2020) Kat:3, Licht: 0","216331","3","3","5","10","10","5","1","0","1","0","0","0"
"POINT (7.091073475000030 50.738287034000052)","Unfall 216456 (2020) Kat:3, Licht: 0","216456","3","3","5","10","17","4","0","0","1","0","0","0"
"POINT (7.155318404000070 50.694391186000075)","Unfall 216563 (2020) Kat:3, Licht: 0","216563","3","2","3","10","15","3","1","0","0","1","0","1"
"POINT (7.142766761000075 50.697342257000059)","Unfall 216565 (2020) Kat:3, Licht: 0","216565","3","2","5","10","07","3","1","0","0","1","0","1"
"POINT (7.155016041000067 50.691323041000032)","Unfall 216590 (2020) Kat:3, Licht: 0","216590","3","7","5","10","12","4","0","0","0","1","0","0"
"POINT (7.173639299000058 50.750460393000026)","Unfall 216645 (2020) Kat:2, Licht: 2","216645","2","1","0","10","19","3","0","2","0","1","0","1"
"POINT (7.157109383000034 50.685973697000065)","Unfall 216668 (2020) Kat:3, Licht: 0","216668","3","7","0","10","10","2","1","0","0","1","0","0"
"POINT (7.119072108000069 50.739056727000047)","Unfall 216694 (2020) Kat:3, Licht: 0","216694","3","1","0","10","16","7","0","0","1","0","0","0"
"POINT (7.101149261000046 50.726371218000054)","Unfall 216768 (2020) Kat:2, Licht: 2","216768","2","4","6","10","19","1","0","2","0","0","1","1"
"POINT (7.122963528000071 50.739970982000045)","Unfall 216823 (2020) Kat:3, Licht: 0","216823","3","1","0","10","16","2","0","0","1","0","0","0"
"POINT (7.163782775000072 50.687883461000069)","Unfall 216884 (2020) Kat:3, Licht: 0","216884","3","3","5","10","18","4","0","0","1","1","0","0"
"POINT (7.137936882000076 50.695823875000031)","Unfall 216927 (2020) Kat:3, Licht: 0","216927","3","5","1","10","16","3","1","0","0","1","0","0"
"POINT (7.108268089000035 50.715058506000048)","Unfall 216934 (2020) Kat:2, Licht: 2","216934","2","4","6","10","04","4","1","2","0","0","1","0"
"POINT (7.100350699000046 50.725372972000059)","Unfall 216977 (2020) Kat:2, Licht: 2","216977","2","2","3","10","20","2","0","2","1","0","0","0"
"POINT (7.092668919000062 50.692262719000041)","Unfall 216990 (2020) Kat:3, Licht: 0","216990","3","7","6","10","11","1","0","0","0","1","1","0"
"POINT (7.073299630000065 50.757411181000066)","Unfall 216995 (2020) Kat:3, Licht: 2","216995","3","6","6","10","05","3","0","2","0","1","1","0"
"POINT (7.140624339000055 50.694886758000052)","Unfall 217031 (2020) Kat:3, Licht: 0","217031","3","3","5","10","12","3","1","0","1","1","0","0"
"POINT (7.074554554000031 50.739471036000054)","Unfall 217038 (2020) Kat:3, Licht: 0","217038","3","2","2","10","08","4","1","0","0","1","0","0"
"POINT (7.120754576000024 50.714346585000044)","Unfall 217092 (2020) Kat:3, Licht: 0","217092","3","6","0","10","14","6","1","0","1","0","0","0"
"POINT (7.070208933000060 50.748039799000026)","Unfall 217114 (2020) Kat:3, Licht: 2","217114","3","1","0","10","21","1","1","2","0","0","0","0"
"POINT (7.159370784000032 50.688681946000031)","Unfall 217116 (2020) Kat:3, Licht: 0","217116","3","5","1","10","13","7","0","0","1","1","0","0"
"POINT (7.149634039000034 50.720871835000025)","Unfall 217131 (2020) Kat:3, Licht: 1","217131","3","1","0","10","08","2","1","1","0","0","0","1"
"POINT (7.157363295000039 50.675397001000078)","Unfall 217198 (2020) Kat:3, Licht: 1","217198","3","1","0","10","07","5","1","1","1","0","0","0"
"POINT (7.143986023000025 50.680567099000029)","Unfall 217201 (2020) Kat:3, Licht: 0","217201","3","1","4","10","08","5","1","0","0","0","0","1"
"POINT (7.151511933000052 50.702919292000047)","Unfall 217203 (2020) Kat:3, Licht: 0","217203","3","7","0","10","14","5","0","0","0","0","0","0"
"POINT (7.040025599000046 50.695070499000053)","Unfall 217213 (2020) Kat:3, Licht: 2","217213","3","1","0","10","06","5","1","2","0","0","0","1"
"POINT (7.097599307000053 50.736320139000043)","Unfall 217215 (2020) Kat:3, Licht: 0","217215","3","7","0","10","15","5","0","0","0","0","0","0"
"POINT (7.095097405000047 50.734066239000072)","Unfall 217218 (2020) Kat:2, Licht: 0","217218","2","1","0","10","09","1","0","0","0","0","0","0"
"POINT (7.156057430000033 50.688406457000042)","Unfall 217236 (2020) Kat:3, Licht: 2","217236","3","7","0","10","23","2","0","2","0","1","1","0"
"POINT (7.096817387000044 50.733760777000043)","Unfall 217245 (2020) Kat:3, Licht: 0","217245","3","6","4","10","15","6","0","0","1","1","0","0"
"POINT (7.179888174000041 50.747772915000041)","Unfall 217271 (2020) Kat:3, Licht: 0","217271","3","3","5","10","14","7","0","0","0","1","0","0"
"POINT (7.067801597000027 50.732310689000030)","Unfall 217319 (2020) Kat:3, Licht: 1","217319","3","1","0","10","16","1","1","1","1","0","0","0"
"POINT (7.127418568000053 50.762586045000035)","Unfall 217365 (2020) Kat:3, Licht: 0","217365","3","1","0","10","15","6","1","0","0","0","0","0"
"POINT (7.121610017000023 50.737293512000065)","Unfall 217432 (2020) Kat:3, Licht: 0","217432","3","6","3","10","15","6","0","0","1","1","0","0"
"POINT (7.048532836000049 50.707693400000039)","Unfall 217460 (2020) Kat:3, Licht: 0","217460","3","7","1","10","09","4","1","0","0","1","0","0"
"POINT (7.123025153000071 50.739984550000031)","Unfall 217462 (2020) Kat:3, Licht: 0","217462","3","1","0","10","12","4","0","0","1","0","0","0"
"POINT (7.098351569000045 50.726121909000028)","Unfall 217465 (2020) Kat:3, Licht: 0","217465","3","6","4","10","07","4","1","0","1","0","0","0"
"POINT (7.109546186000046 50.707251346000078)","Unfall 217466 (2020) Kat:3, Licht: 0","217466","3","7","0","10","13","4","0","0","0","0","0","0"
"POINT (7.064606485000070 50.719401377000054)","Unfall 217473 (2020) Kat:3, Licht: 0","217473","3","1","0","10","07","6","1","0","0","0","0","1"
"POINT (7.149455725000053 50.742484820000072)","Unfall 217542 (2020) Kat:3, Licht: 0","217542","3","3","5","10","07","6","1","0","1","1","0","0"
"POINT (7.159153262000075 50.697275891000061)","Unfall 217567 (2020) Kat:3, Licht: 2","217567","3","6","2","10","18","5","1","2","0","1","0","0"
"POINT (7.122113321000029 50.696051294000029)","Unfall 217572 (2020) Kat:2, Licht: 0","217572","2","6","2","10","09","5","1","0","1","1","0","0"
"POINT (7.040327688000048 50.721818334000034)","Unfall 217577 (2020) Kat:3, Licht: 1","217577","3","6","2","10","16","5","1","1","0","1","0","1"
"POINT (7.049551131000044 50.715585612000041)","Unfall 217580 (2020) Kat:3, Licht: 0","217580","3","4","6","10","09","5","0","0","0","1","1","0"
"POINT (7.077683808000074 50.725339060000067)","Unfall 217596 (2020) Kat:3, Licht: 0","217596","3","7","5","10","14","5","1","0","1","1","0","0"
"POINT (7.092576559000065 50.720362347000048)","Unfall 217601 (2020) Kat:3, Licht: 0","217601","3","3","5","11","07","2","0","0","1","1","0","0"
"POINT (7.138834440000039 50.696202937000066)","Unfall 217614 (2020) Kat:3, Licht: 0","217614","3","1","0","11","08","3","0","0","1","0","0","0"
"POINT (7.158460007000031 50.685523681000063)","Unfall 217641 (2020) Kat:3, Licht: 0","217641","3","7","0","11","12","2","0","0","0","0","1","0"
"POINT (7.084064229000035 50.740004980000037)","Unfall 217651 (2020) Kat:3, Licht: 0","217651","3","3","5","11","11","1","1","0","1","1","0","0"
"POINT (7.117933957000048 50.738801563000038)","Unfall 217666 (2020) Kat:3, Licht: 0","217666","3","4","0","11","12","3","0","0","1","0","1","0"
"POINT (7.098632326000029 50.722278210000070)","Unfall 217669 (2020) Kat:3, Licht: 2","217669","3","3","5","11","05","4","0","2","0","1","0","0"
"POINT (7.097857673000021 50.729238441000064)","Unfall 217689 (2020) Kat:3, Licht: 0","217689","3","6","3","11","13","2","0","0","1","0","0","0"
"POINT (7.132752928000059 50.714238796000075)","Unfall 217709 (2020) Kat:3, Licht: 0","217709","3","2","5","10","12","7","0","0","0","1","0","0"
"POINT (7.123429001000034 50.761844486000030)","Unfall 217710 (2020) Kat:3, Licht: 1","217710","3","7","6","10","17","7","0","1","0","1","1","0"
"POINT (7.131169041000021 50.726300604000073)","Unfall 217713 (2020) Kat:3, Licht: 2","217713","3","1","9","10","19","7","0","2","0","1","0","0"
"POINT (7.090529619000051 50.755770058000053)","Unfall 217717 (2020) Kat:3, Licht: 0","217717","3","5","1","11","12","3","0","0","0","1","0","1"
"POINT (7.122778363000066 50.739930217000051)","Unfall 217772 (2020) Kat:3, Licht: 0","217772","3","1","0","11","09","3","0","0","1","0","0","0"
"POINT (7.039095029000066 50.715531735000070)","Unfall 217775 (2020) Kat:3, Licht: 0","217775","3","7","0","11","15","4","0","0","0","0","1","0"
"POINT (7.113578787000051 50.704977644000053)","Unfall 217822 (2020) Kat:3, Licht: 0","217822","3","3","5","11","13","3","0","0","1","1","0","0"
"POINT (7.156999578000068 50.687896877000071)","Unfall 217830 (2020) Kat:3, Licht: 1","217830","3","6","3","11","07","4","0","1","1","1","0","0"
"POINT (7.080083974000047 50.743843500000025)","Unfall 217880 (2020) Kat:3, Licht: 0","217880","3","4","6","11","08","2","1","0","0","1","1","0"
"POINT (7.161262326000042 50.695710776000055)","Unfall 217929 (2020) Kat:3, Licht: 0","217929","3","6","0","11","14","6","0","0","0","0","1","0"
"POINT (7.102476792000061 50.725026727000056)","Unfall 217930 (2020) Kat:3, Licht: 0","217930","3","1","0","11","08","2","1","0","1","0","0","0"
"POINT (7.153442007000024 50.682141531000070)","Unfall 217931 (2020) Kat:3, Licht: 2","217931","3","1","8","11","01","6","0","2","0","1","0","0"
"POINT (7.107092820000048 50.718974671000069)","Unfall 217932 (2020) Kat:3, Licht: 0","217932","3","6","2","11","14","6","0","0","0","1","0","0"
"POINT (7.047687296000049 50.736149750000038)","Unfall 217933 (2020) Kat:2, Licht: 0","217933","2","7","0","11","13","6","0","0","0","0","0","0"
"POINT (7.109196087000044 50.707536422000032)","Unfall 217984 (2020) Kat:3, Licht: 1","217984","3","2","6","11","17","2","0","1","0","0","1","0"
"POINT (7.093572678000044 50.740266504000033)","Unfall 218035 (2020) Kat:3, Licht: 0","218035","3","4","6","11","16","2","1","0","1","0","1","0"
"POINT (7.171456690000071 50.679594871000063)","Unfall 218040 (2020) Kat:3, Licht: 0","218040","3","7","1","11","13","5","0","0","0","1","0","0"
"POINT (7.040769243000057 50.721348491000072)","Unfall 218115 (2020) Kat:3, Licht: 2","218115","3","1","8","11","00","3","1","2","0","1","0","0"
"POINT (7.149446122000029 50.741310145000057)","Unfall 218150 (2020) Kat:3, Licht: 0","218150","3","3","5","11","09","4","1","0","1","0","0","0"
"POINT (7.097910472000024 50.742163969000046)","Unfall 218164 (2020) Kat:3, Licht: 0","218164","3","1","0","11","13","3","0","0","1","0","0","0"
"POINT (7.116546589000052 50.719207549000032)","Unfall 218181 (2020) Kat:3, Licht: 0","218181","3","3","5","11","08","6","0","0","1","1","0","0"
"POINT (7.050762751000036 50.745810111000026)","Unfall 218273 (2020) Kat:3, Licht: 0","218273","3","6","2","11","14","3","0","0","0","1","0","0"
"POINT (7.166977125000074 50.684780862000082)","Unfall 218415 (2020) Kat:3, Licht: 0","218415","3","3","5","11","08","3","0","0","1","1","0","0"
"POINT (7.165605736000032 50.691127996000034)","Unfall 218422 (2020) Kat:3, Licht: 0","218422","3","3","5","11","15","7","0","0","1","1","0","0"
"POINT (7.092215330000045 50.733346409000035)","Unfall 218424 (2020) Kat:3, Licht: 2","218424","3","1","0","11","19","1","1","2","1","0","0","0"
"POINT (7.075632962000043 50.740115403000061)","Unfall 218427 (2020) Kat:3, Licht: 0","218427","3","2","5","11","15","7","0","0","0","1","0","0"
"POINT (7.164274355000032 50.687470850000068)","Unfall 218465 (2020) Kat:3, Licht: 0","218465","3","2","4","11","13","3","0","0","1","1","0","0"
"POINT (7.116794436000021 50.716072547000067)","Unfall 218535 (2020) Kat:3, Licht: 0","218535","3","3","5","11","14","3","0","0","1","1","0","0"
"POINT (7.145150353000076 50.692639914000040)","Unfall 218578 (2020) Kat:3, Licht: 0","218578","3","3","5","11","09","3","0","0","1","0","0","0"
"POINT (7.098754667000037 50.730935632000069)","Unfall 218624 (2020) Kat:2, Licht: 0","218624","2","3","5","11","10","2","0","0","1","0","0","0"
"POINT (7.154757162000067 50.672770276000051)","Unfall 218628 (2020) Kat:3, Licht: 2","218628","3","2","6","11","17","3","0","2","0","1","1","0"
"POINT (7.135463199000071 50.712461205000068)","Unfall 218749 (2020) Kat:3, Licht: 2","218749","3","6","2","11","16","5","1","2","0","1","0","0"
"POINT (7.057693340000071 50.707197085000075)","Unfall 218751 (2020) Kat:3, Licht: 0","218751","3","4","2","11","13","5","1","0","1","1","1","0"
"POINT (7.052302504000068 50.747791190000044)","Unfall 218900 (2020) Kat:3, Licht: 0","218900","3","7","6","11","08","4","0","0","0","1","0","0"
"POINT (7.170602351000071 50.682318135000060)","Unfall 218919 (2020) Kat:3, Licht: 0","218919","3","5","1","11","16","5","0","0","1","1","0","0"
"POINT (7.067139518000033 50.742152211000075)","Unfall 218968 (2020) Kat:2, Licht: 2","218968","2","2","6","11","20","5","0","2","0","1","1","0"
"POINT (7.072382786000048 50.744871096000054)","Unfall 219069 (2020) Kat:3, Licht: 2","219069","3","6","2","11","17","3","0","2","0","1","0","0"
"POINT (7.137718848000077 50.681812620000073)","Unfall 219072 (2020) Kat:2, Licht: 2","219072","2","1","0","11","16","5","1","2","1","0","0","0"
"POINT (7.099605000000054 50.731576216000065)","Unfall 219099 (2020) Kat:3, Licht: 0","219099","3","7","0","11","14","6","1","0","0","0","0","0"
"POINT (7.169373419000067 50.677798762000066)","Unfall 219103 (2020) Kat:3, Licht: 0","219103","3","6","4","11","13","3","0","0","1","1","0","0"
"POINT (7.095541725000032 50.733385931000043)","Unfall 219106 (2020) Kat:2, Licht: 0","219106","2","7","0","11","08","3","0","0","0","0","0","0"
"POINT (7.106128438000042 50.736055026000031)","Unfall 219134 (2020) Kat:3, Licht: 0","219134","3","2","5","11","15","5","0","0","1","0","0","0"
"POINT (7.179052471000034 50.670263894000072)","Unfall 219135 (2020) Kat:3, Licht: 0","219135","3","1","0","11","12","7","0","0","0","0","0","0"
"POINT (7.128864267000040 50.704153638000037)","Unfall 219185 (2020) Kat:3, Licht: 2","219185","3","6","2","12","19","5","0","2","0","1","0","0"
"POINT (7.065601495000067 50.746647294000070)","Unfall 219188 (2020) Kat:3, Licht: 1","219188","3","3","5","12","07","5","0","1","1","1","0","0"
"POINT (7.066295103000073 50.744381778000047)","Unfall 219263 (2020) Kat:3, Licht: 2","219263","3","6","2","12","17","6","1","2","0","1","0","0"
"POINT (7.085582993000060 50.700427009000066)","Unfall 219275 (2020) Kat:3, Licht: 0","219275","3","1","0","12","08","6","1","0","0","0","0","1"
"POINT (7.134341418000076 50.694246688000078)","Unfall 219281 (2020) Kat:3, Licht: 0","219281","3","3","5","12","13","4","1","0","1","1","0","0"
"POINT (7.058288109000046 50.747939518000067)","Unfall 219361 (2020) Kat:3, Licht: 0","219361","3","6","2","11","11","2","0","0","0","1","0","0"
"POINT (7.048536180000042 50.718137812000066)","Unfall 219396 (2020) Kat:3, Licht: 0","219396","3","4","6","12","10","3","1","0","0","1","1","0"
"POINT (7.066714691000072 50.743276581000032)","Unfall 219451 (2020) Kat:3, Licht: 1","219451","3","6","2","12","07","5","0","1","0","1","0","0"
"POINT (7.031107718000044 50.711643854000044)","Unfall 219455 (2020) Kat:2, Licht: 2","219455","2","3","5","12","23","2","1","2","1","1","0","0"
"POINT (7.168902796000054 50.675456390000079)","Unfall 219459 (2020) Kat:3, Licht: 0","219459","3","7","0","12","13","3","0","0","0","0","1","0"
"POINT (7.108673597000063 50.727589666000029)","Unfall 219502 (2020) Kat:3, Licht: 2","219502","3","1","0","12","07","2","1","2","1","0","0","0"
"POINT (7.092951826000046 50.742475654000032)","Unfall 219531 (2020) Kat:3, Licht: 0","219531","3","5","1","12","14","4","0","0","1","1","0","0"
"POINT (7.171368433000055 50.690964879000035)","Unfall 219556 (2020) Kat:3, Licht: 0","219556","3","1","0","12","09","5","2","0","1","0","0","0"
"POINT (7.153474177000021 50.687161495000055)","Unfall 219559 (2020) Kat:2, Licht: 0","219559","2","4","6","12","08","2","1","0","0","1","1","0"
"POINT (7.074999506000040 50.726927854000053)","Unfall 219560 (2020) Kat:2, Licht: 0","219560","2","2","5","12","12","7","0","0","1","1","0","0"
"POINT (7.098463375000051 50.722305138000081)","Unfall 219609 (2020) Kat:3, Licht: 2","219609","3","2","6","12","06","2","1","2","0","1","1","0"
"POINT (7.047545256000035 50.705374468000059)","Unfall 219618 (2020) Kat:3, Licht: 0","219618","3","6","3","12","07","4","1","0","0","1","0","1"
"POINT (7.103466500000025 50.731683820000057)","Unfall 219694 (2020) Kat:3, Licht: 0","219694","3","5","1","12","12","6","0","0","1","1","0","0"
"POINT (7.160702170000036 50.694779061000077)","Unfall 219752 (2020) Kat:3, Licht: 1","219752","3","2","6","12","08","3","1","1","0","1","1","0"
"POINT (7.166865924000035 50.674724582000067)","Unfall 219755 (2020) Kat:3, Licht: 0","219755","3","7","0","12","10","2","0","0","0","0","0","0"
"POINT (7.095076815000027 50.734616135000067)","Unfall 219756 (2020) Kat:3, Licht: 2","219756","3","5","1","12","17","3","1","2","1","1","0","0"
"POINT (7.081307935000041 50.727497215000028)","Unfall 219765 (2020) Kat:3, Licht: 0","219765","3","5","1","12","13","3","1","0","1","1","0","0"
"POINT (7.059885327000075 50.705629117000058)","Unfall 219821 (2020) Kat:3, Licht: 2","219821","3","6","2","12","18","1","0","2","0","1","0","0"
"POINT (7.098776051000073 50.730840448000038)","Unfall 219823 (2020) Kat:3, Licht: 2","219823","3","1","0","12","19","1","0","2","0","0","0","0"
"POINT (7.102536756000063 50.742745842000033)","Unfall 219852 (2020) Kat:3, Licht: 0","219852","3","7","6","12","13","7","1","0","0","1","1","0"
"POINT (7.101628233000042 50.725902264000069)","Unfall 219855 (2020) Kat:2, Licht: 2","219855","2","2","5","12","22","7","1","2","1","1","0","0"
"POINT (7.092381166000052 50.740109614000062)","Unfall 220021 (2020) Kat:3, Licht: 2","220021","3","3","5","12","20","3","1","2","1","1","0","0"
"POINT (7.104604244000029 50.716869289000044)","Unfall 220053 (2020) Kat:3, Licht: 0","220053","3","6","2","12","11","7","0","0","0","1","0","0"
"POINT (7.105353110000067 50.720966937000071)","Unfall 220081 (2020) Kat:3, Licht: 0","220081","3","6","2","12","15","2","1","0","0","1","0","0"