WKT,Name,OBJECTID,UKATEGORIE,UTYP1,UART,UMONAT,USTUNDE,UWOCHENTAG,STRZUSTAND,ULICHTVERH,ISTRAD,ISTPKW,ISTFUSS,ISTKRAD
"POINT (7.170883540000034 50.667055309000034)","Unfall 220083 (2020) Kat:3, Licht: 2","220083","3","4","6","12","21","5","1","2","1","0","1","0"
"POINT (7.183155146000047 50.656933493000054)","Unfall 220115 (2020) Kat:3, Licht: 2","220115","3","7","6","12","17","4","1","2","0","1","1","0"
"POINT (7.168052049000039 50.683355698000071)","Unfall 220122 (2020) Kat:3, Licht: 2","220122","3","7","7","12","17","4","1","2","1","0","1","0"
"POINT (7.100078620000033 50.703851279000048)","Unfall 220126 (2020) Kat:3, Licht: 2","220126","3","5","1","12","17","5","1","2","1","1","0","0"
"POINT (7.052056101000062 50.748788430000047)","Unfall 220133 (2020) Kat:2, Licht: 2","220133","2","3","5","12","18","4","1","2","1","1","0","0"
"POINT (7.070881432000022 50.757638132000068)","Unfall 220134 (2020) Kat:3, Licht: 0","220134","3","3","5","12","09","5","1","0","1","1","0","0"
"POINT (7.071714713000063 50.746651462000045)","Unfall 220286 (2020) Kat:3, Licht: 0","220286","3","1","9","12","11","6","2","0","0","1","0","0"
"POINT (7.084625409000068 50.728338964000045)","Unfall 220317 (2020) Kat:2, Licht: 0","220317","2","7","0","12","13","4","0","0","0","0","0","0"
"POINT (7.151984970000058 50.666442637000046)","Unfall 220397 (2020) Kat:3, Licht: 2","220397","3","2","4","12","22","2","1","2","0","1","0","0"
"POINT (7.160173723000071 50.696612187000028)","Unfall 220402 (2020) Kat:3, Licht: 0","220402","3","2","5","12","10","4","1","0","1","1","0","0"
"POINT (7.150369984000065 50.683676670000068)","Unfall 32923 (2021) Kat:3, Licht: 2","32923","3","2","5","3","19","6","","2","0","1","0","1"
"POINT (7.086531902000047 50.733948729000076)","Unfall 32929 (2021) Kat:3, Licht: 2","32929","3","3","5","3","22","4","","2","1","0","0","0"
"POINT (7.117999842000074 50.739573868000036)","Unfall 32950 (2021) Kat:3, Licht: 0","32950","3","6","2","5","18","2","","0","1","1","0","0"
"POINT (7.073069760000067 50.718345205000048)","Unfall 32958 (2021) Kat:3, Licht: 0","32958","3","6","2","10","17","1","","0","0","1","0","0"
"POINT (7.137313465000034 50.672175009000057)","Unfall 32970 (2021) Kat:3, Licht: 0","32970","3","3","5","3","15","4","","0","1","0","0","1"
"POINT (7.127390423000065 50.740200514000037)","Unfall 32979 (2021) Kat:3, Licht: 0","32979","3","6","3","12","13","5","","0","1","1","0","0"
"POINT (7.085840403000020 50.745401443000048)","Unfall 32982 (2021) Kat:3, Licht: 0","32982","3","3","5","3","11","4","","0","1","1","0","0"
"POINT (7.103948209000066 50.737196733000076)","Unfall 32991 (2021) Kat:3, Licht: 0","32991","3","1","0","5","20","6","","0","1","0","0","0"
"POINT (7.090011826000023 50.743700434000061)","Unfall 32992 (2021) Kat:3, Licht: 0","32992","3","1","0","3","10","4","","0","0","0","0","1"
"POINT (7.147984718000032 50.727032677000068)","Unfall 33001 (2021) Kat:3, Licht: 0","33001","3","5","1","3","10","3","","0","0","0","0","0"
"POINT (7.092608209000048 50.726550125000074)","Unfall 33057 (2021) Kat:3, Licht: 0","33057","3","1","8","5","13","4","","0","0","1","0","0"
"POINT (7.072630773000071 50.680057803000068)","Unfall 33061 (2021) Kat:3, Licht: 0","33061","3","6","2","2","12","5","","0","0","1","0","0"
"POINT (7.060160093000036 50.739359020000052)","Unfall 33087 (2021) Kat:3, Licht: 0","33087","3","2","5","3","13","2","","0","1","0","0","1"
"POINT (7.103789272000029 50.737345578000031)","Unfall 33095 (2021) Kat:3, Licht: 0","33095","3","2","5","9","13","2","","0","0","1","0","0"
"POINT (7.158174682000038 50.752963594000050)","Unfall 33102 (2021) Kat:3, Licht: 0","33102","3","6","2","9","11","2","","0","0","1","0","0"
"POINT (7.066788827000039 50.710519783000052)","Unfall 33112 (2021) Kat:3, Licht: 2","33112","3","3","5","12","18","7","","2","0","1","0","0"
"POINT (7.117318035000039 50.719138052000062)","Unfall 33148 (2021) Kat:3, Licht: 0","33148","3","3","5","1","10","6","","0","1","0","0","0"
"POINT (7.105629084000043 50.737549993000073)","Unfall 33153 (2021) Kat:3, Licht: 0","33153","3","2","3","10","9","6","","0","1","1","0","0"
"POINT (7.143467078000072 50.676394925000068)","Unfall 33155 (2021) Kat:3, Licht: 0","33155","3","6","4","10","12","3","","0","0","1","0","0"
"POINT (7.110715216000074 50.726821471000051)","Unfall 33156 (2021) Kat:3, Licht: 0","33156","3","3","5","6","15","2","","0","1","1","0","0"
"POINT (7.178471724000076 50.667072616000041)","Unfall 33183 (2021) Kat:3, Licht: 0","33183","3","2","5","2","10","2","","0","1","1","0","0"
"POINT (7.041594735000047 50.757127240000045)","Unfall 33188 (2021) Kat:3, Licht: 0","33188","3","6","2","12","9","2","","0","0","1","0","0"
"POINT (7.078097205000063 50.742419929000050)","Unfall 33192 (2021) Kat:3, Licht: 2","33192","3","2","5","11","18","6","","2","1","1","0","0"
"POINT (7.046611917000064 50.651900965000038)","Unfall 33201 (2021) Kat:3, Licht: 0","33201","3","6","2","10","15","6","","0","0","1","0","0"
"POINT (7.121879288000059 50.742921843000033)","Unfall 33218 (2021) Kat:2, Licht: 2","33218","2","6","3","3","19","3","","2","1","0","0","0"
"POINT (7.150433532000022 50.683724328000039)","Unfall 33227 (2021) Kat:3, Licht: 2","33227","3","2","6","12","17","7","","2","0","1","1","0"
"POINT (7.087884767000048 50.735227619000057)","Unfall 33232 (2021) Kat:3, Licht: 0","33232","3","6","2","6","10","6","","0","0","1","0","0"
"POINT (7.077726109000025 50.748695576000046)","Unfall 33233 (2021) Kat:3, Licht: 2","33233","3","6","2","11","18","5","","2","0","1","0","0"
"POINT (7.080089051000073 50.698575750000032)","Unfall 33235 (2021) Kat:3, Licht: 2","33235","3","2","5","3","20","3","","2","1","1","0","0"
"POINT (7.056999725000026 50.683416959000056)","Unfall 33236 (2021) Kat:2, Licht: 0","33236","2","7","8","6","10","2","","0","0","1","0","0"
"POINT (7.125442595000038 50.712724260000073)","Unfall 33242 (2021) Kat:3, Licht: 0","33242","3","6","2","4","14","7","","0","0","1","0","0"
"POINT (7.062624622000044 50.759182526000075)","Unfall 33247 (2021) Kat:3, Licht: 0","33247","3","7","2","2","13","4","","0","0","1","0","1"
"POINT (7.067810829000052 50.726572042000043)","Unfall 33275 (2021) Kat:3, Licht: 0","33275","3","6","2","2","10","5","","0","0","1","0","1"
"POINT (7.174746088000063 50.665820118000056)","Unfall 33277 (2021) Kat:2, Licht: 1","33277","2","2","5","12","8","6","","1","0","1","0","1"
"POINT (7.097951647000059 50.737501958000053)","Unfall 33286 (2021) Kat:3, Licht: 0","33286","3","2","5","1","11","6","","0","0","0","0","0"
"POINT (7.153405258000021 50.686623429000065)","Unfall 33289 (2021) Kat:3, Licht: 2","33289","3","6","8","11","13","2","","2","0","1","0","0"
"POINT (7.091475079000077 50.743181364000066)","Unfall 33296 (2021) Kat:3, Licht: 2","33296","3","5","1","10","18","4","","2","1","1","0","0"
"POINT (7.102781185000026 50.737563851000061)","Unfall 33331 (2021) Kat:3, Licht: 0","33331","3","6","3","3","10","3","","0","1","1","0","0"
"POINT (7.089677590000065 50.743694729000026)","Unfall 33332 (2021) Kat:3, Licht: 0","33332","3","3","5","4","19","2","","0","1","1","0","0"
"POINT (7.078131947000031 50.742386352000040)","Unfall 33333 (2021) Kat:3, Licht: 2","33333","3","3","5","12","19","6","","2","0","1","0","0"
"POINT (7.081742207000048 50.732013855000048)","Unfall 33336 (2021) Kat:3, Licht: 0","33336","3","2","2","9","14","6","","0","0","1","0","0"
"POINT (7.073867917000030 50.728304129000037)","Unfall 33348 (2021) Kat:3, Licht: 0","33348","3","6","2","6","11","6","","0","0","1","0","0"
"POINT (7.064803846000075 50.719512364000082)","Unfall 33350 (2021) Kat:3, Licht: 0","33350","3","2","2","6","9","4","","0","0","0","0","1"
"POINT (7.082947344000047 50.732519684000067)","Unfall 33363 (2021) Kat:3, Licht: 0","33363","3","2","5","10","15","6","","0","1","1","0","0"
"POINT (7.088754616000074 50.722454432000063)","Unfall 33372 (2021) Kat:3, Licht: 0","33372","3","7","6","5","16","6","","0","0","0","1","0"
"POINT (7.104792807000024 50.736130700000047)","Unfall 33393 (2021) Kat:3, Licht: 0","33393","3","1","0","5","17","7","","0","1","0","0","0"
"POINT (7.143213006000053 50.694896983000035)","Unfall 33395 (2021) Kat:3, Licht: 2","33395","3","3","5","11","21","7","","2","0","1","0","0"
"POINT (7.096291799000028 50.754953137000030)","Unfall 33398 (2021) Kat:3, Licht: 0","33398","3","6","2","9","15","3","","0","0","1","0","0"
"POINT (7.130345928000054 50.736751256000048)","Unfall 33400 (2021) Kat:3, Licht: 0","33400","3","2","6","4","9","6","","0","0","1","1","0"
"POINT (7.135038528000052 50.703044228000067)","Unfall 33402 (2021) Kat:3, Licht: 2","33402","3","2","2","11","17","3","","2","0","1","0","0"
"POINT (7.164446495000050 50.755573542000036)","Unfall 33418 (2021) Kat:3, Licht: 0","33418","3","2","5","9","7","2","","0","1","0","0","0"
"POINT (7.115194571000075 50.760555236000073)","Unfall 33437 (2021) Kat:3, Licht: 0","33437","3","2","2","2","14","4","","0","0","1","0","0"
"POINT (7.061799012000051 50.749444711000081)","Unfall 33438 (2021) Kat:3, Licht: 2","33438","3","6","2","12","18","2","","2","0","1","0","0"
"POINT (7.092757667000058 50.726712862000056)","Unfall 33446 (2021) Kat:3, Licht: 0","33446","3","7","6","11","10","6","","0","0","0","1","0"
"POINT (7.072843546000058 50.753216778000080)","Unfall 33451 (2021) Kat:3, Licht: 0","33451","3","2","6","10","13","6","","0","0","1","1","0"
"POINT (7.099342688000036 50.756321136000054)","Unfall 33462 (2021) Kat:3, Licht: 2","33462","3","6","3","12","20","5","","2","0","1","0","0"
"POINT (7.076876726000023 50.750824502000057)","Unfall 33464 (2021) Kat:3, Licht: 2","33464","3","2","0","12","19","3","","2","0","1","0","1"
"POINT (7.128514536000068 50.764795622000065)","Unfall 33475 (2021) Kat:3, Licht: 0","33475","3","6","3","9","15","3","","0","0","1","0","0"
"POINT (7.059190828000055 50.665254046000030)","Unfall 33478 (2021) Kat:2, Licht: 0","33478","2","6","3","9","16","4","","0","1","0","0","0"
"POINT (7.104377818000046 50.737515521000034)","Unfall 33486 (2021) Kat:3, Licht: 1","33486","3","6","2","3","18","3","","1","0","1","0","0"
"POINT (7.079186761000074 50.738659474000031)","Unfall 33488 (2021) Kat:3, Licht: 0","33488","3","2","5","11","16","1","","0","1","1","0","0"
"POINT (7.141231510000068 50.697204382000052)","Unfall 33489 (2021) Kat:3, Licht: 0","33489","3","2","2","1","11","7","","0","0","1","0","0"
"POINT (7.157708959000047 50.752856076000057)","Unfall 33494 (2021) Kat:3, Licht: 0","33494","3","6","2","9","9","5","","0","0","1","0","0"
"POINT (7.078516690000072 50.738106396000035)","Unfall 33525 (2021) Kat:2, Licht: 2","33525","2","1","9","11","2","1","","2","0","1","0","0"
"POINT (7.139206965000028 50.766219573000058)","Unfall 33526 (2021) Kat:3, Licht: 2","33526","3","1","9","7","4","1","","2","0","1","0","0"
"POINT (7.147394202000044 50.736465107000072)","Unfall 33531 (2021) Kat:2, Licht: 0","33531","2","1","0","3","11","1","","0","0","0","0","1"
"POINT (7.049796031000028 50.716453529000034)","Unfall 33535 (2021) Kat:3, Licht: 2","33535","3","5","1","3","19","3","","2","1","1","0","0"
"POINT (7.114784942000028 50.760274791000029)","Unfall 33539 (2021) Kat:3, Licht: 0","33539","3","2","2","9","9","2","","0","0","1","0","0"
"POINT (7.149984755000048 50.689365475000045)","Unfall 33559 (2021) Kat:3, Licht: 0","33559","3","6","2","9","14","4","","0","0","1","0","0"
"POINT (7.045739099000059 50.715287314000079)","Unfall 33573 (2021) Kat:3, Licht: 0","33573","3","6","2","10","9","7","","0","0","1","0","0"
"POINT (7.085107618000052 50.751905540000052)","Unfall 33603 (2021) Kat:3, Licht: 0","33603","3","6","2","9","18","6","","0","0","1","0","0"
"POINT (7.076510858000063 50.686239959000034)","Unfall 33604 (2021) Kat:3, Licht: 0","33604","3","1","0","6","7","3","","0","1","0","0","0"
"POINT (7.065075893000028 50.700406639000050)","Unfall 33606 (2021) Kat:2, Licht: 2","33606","2","1","8","2","23","4","","2","0","1","0","0"
"POINT (7.097931342000038 50.737498651000067)","Unfall 33616 (2021) Kat:3, Licht: 0","33616","3","1","0","5","8","3","","0","1","0","0","0"
"POINT (7.152538463000042 50.685281494000037)","Unfall 33620 (2021) Kat:3, Licht: 2","33620","3","3","5","2","19","7","","2","0","1","0","1"
"POINT (7.148664936000046 50.691268722000075)","Unfall 33652 (2021) Kat:3, Licht: 1","33652","3","6","2","10","17","2","","1","0","1","0","0"
"POINT (7.076539675000049 50.729531251000026)","Unfall 33659 (2021) Kat:3, Licht: 0","33659","3","6","2","12","15","2","","0","0","1","0","0"
"POINT (7.097832540000070 50.737302311000064)","Unfall 33672 (2021) Kat:3, Licht: 0","33672","3","6","3","10","14","3","","0","0","1","0","0"
"POINT (7.167255014000034 50.678055127000050)","Unfall 33675 (2021) Kat:3, Licht: 0","33675","3","3","5","9","18","6","","0","1","1","0","0"
"POINT (7.140625364000073 50.752071750000027)","Unfall 33685 (2021) Kat:3, Licht: 0","33685","3","6","2","9","17","6","","0","0","1","0","0"
"POINT (7.093587977000027 50.746051266000052)","Unfall 33687 (2021) Kat:3, Licht: 0","33687","3","2","5","11","7","3","","0","1","1","0","0"
"POINT (7.129520839000065 50.704239803000064)","Unfall 33689 (2021) Kat:3, Licht: 0","33689","3","6","2","2","13","7","","0","0","1","0","0"
"POINT (7.074384757000075 50.732255014000032)","Unfall 33700 (2021) Kat:2, Licht: 2","33700","2","1","2","10","19","5","","2","0","0","0","1"
"POINT (7.065286580000077 50.719031105000056)","Unfall 33702 (2021) Kat:3, Licht: 0","33702","3","1","0","10","7","6","","0","1","0","0","0"
"POINT (7.078260676000070 50.729129283000077)","Unfall 33721 (2021) Kat:3, Licht: 0","33721","3","6","5","10","15","5","","0","0","1","0","0"
"POINT (7.068509652000046 50.740311648000045)","Unfall 33737 (2021) Kat:3, Licht: 0","33737","3","3","5","12","9","3","","0","1","0","0","0"
"POINT (7.155281936000051 50.721086798000044)","Unfall 33739 (2021) Kat:3, Licht: 2","33739","3","3","5","11","7","6","","2","1","1","0","0"
"POINT (7.120786340000052 50.741295327000046)","Unfall 33743 (2021) Kat:3, Licht: 0","33743","3","2","2","10","15","4","","0","0","1","0","1"
"POINT (7.131582957000035 50.706574991000082)","Unfall 33789 (2021) Kat:3, Licht: 2","33789","3","3","5","9","23","5","","2","0","1","0","0"
"POINT (7.149195587000065 50.690802498000039)","Unfall 33792 (2021) Kat:3, Licht: 0","33792","3","7","9","6","16","2","","0","0","1","0","0"
"POINT (7.065776306000032 50.748565428000063)","Unfall 33801 (2021) Kat:3, Licht: 0","33801","3","6","2","9","16","2","","0","0","1","0","0"
"POINT (7.042213927000034 50.646669489000033)","Unfall 33804 (2021) Kat:2, Licht: 2","33804","2","6","4","11","6","2","","2","0","1","0","0"
"POINT (7.090031468000063 50.743719763000058)","Unfall 33822 (2021) Kat:3, Licht: 0","33822","3","2","6","4","13","4","","0","0","1","1","0"
"POINT (7.116085651000049 50.738970086000052)","Unfall 33839 (2021) Kat:3, Licht: 0","33839","3","3","5","9","14","2","","0","0","1","0","0"
"POINT (7.156836029000033 50.752688598000077)","Unfall 33845 (2021) Kat:3, Licht: 0","33845","3","2","5","11","11","3","","0","1","1","0","0"
"POINT (7.106823724000037 50.766070914000068)","Unfall 33852 (2021) Kat:3, Licht: 0","33852","3","6","3","9","16","7","","0","1","0","0","0"
"POINT (7.113670163000052 50.761407960000042)","Unfall 33854 (2021) Kat:2, Licht: 0","33854","2","2","3","6","9","6","","0","1","0","0","0"
"POINT (7.084479508000072 50.733024923000073)","Unfall 33855 (2021) Kat:3, Licht: 2","33855","3","3","5","12","23","4","","2","0","1","0","0"
"POINT (7.102655554000023 50.737357206000070)","Unfall 33862 (2021) Kat:3, Licht: 0","33862","3","6","2","12","11","6","","0","0","1","0","0"
"POINT (7.078131947000031 50.742386352000040)","Unfall 33864 (2021) Kat:3, Licht: 0","33864","3","3","5","12","12","2","","0","1","1","0","0"
"POINT (7.072310679000054 50.727769309000053)","Unfall 33894 (2021) Kat:3, Licht: 0","33894","3","6","2","3","17","2","","0","0","0","0","1"
"POINT (7.148479649000024 50.691371453000045)","Unfall 33897 (2021) Kat:3, Licht: 0","33897","3","6","2","3","9","4","","0","0","1","0","0"
"POINT (7.083936693000055 50.724035599000047)","Unfall 33910 (2021) Kat:3, Licht: 0","33910","3","6","2","5","15","5","","0","0","1","0","0"
"POINT (7.147166280000022 50.680696722000050)","Unfall 33925 (2021) Kat:3, Licht: 0","33925","3","3","5","9","17","5","","0","0","1","0","0"
"POINT (7.100678659000039 50.742403997000054)","Unfall 33956 (2021) Kat:3, Licht: 2","33956","3","2","5","12","18","3","","2","1","1","0","0"
"POINT (7.067867460000059 50.716555920000076)","Unfall 33960 (2021) Kat:3, Licht: 2","33960","3","6","2","11","18","6","","2","0","1","0","0"
"POINT (7.174714553000058 50.665861334000056)","Unfall 33963 (2021) Kat:3, Licht: 0","33963","3","3","5","3","7","7","","0","0","1","0","0"
"POINT (7.124324156000057 50.713814110000044)","Unfall 33968 (2021) Kat:3, Licht: 0","33968","3","6","3","5","13","5","","0","0","1","0","0"
"POINT (7.060522489000050 50.633654214000046)","Unfall 33972 (2021) Kat:3, Licht: 0","33972","3","6","3","10","12","5","","0","0","1","0","0"
"POINT (7.131471561000069 50.706217885000058)","Unfall 33986 (2021) Kat:3, Licht: 2","33986","3","1","0","11","17","4","","2","0","0","0","1"
"POINT (7.157582203000061 50.752288307000072)","Unfall 33987 (2021) Kat:3, Licht: 0","33987","3","2","5","7","16","7","","0","1","1","0","0"
"POINT (7.127728508000075 50.764305449000062)","Unfall 34005 (2021) Kat:3, Licht: 2","34005","3","3","5","12","7","4","","2","0","1","0","0"
"POINT (7.177282100000070 50.672767474000068)","Unfall 34010 (2021) Kat:2, Licht: 0","34010","2","3","5","4","18","2","","0","0","1","0","0"
"POINT (7.042122699000060 50.714189340000075)","Unfall 34015 (2021) Kat:3, Licht: 2","34015","3","5","5","11","5","5","","2","1","1","0","0"
"POINT (7.090019047000055 50.724225360000048)","Unfall 34018 (2021) Kat:3, Licht: 0","34018","3","3","5","11","13","5","","0","1","1","0","0"
"POINT (7.082018396000024 50.726668294000035)","Unfall 34023 (2021) Kat:3, Licht: 0","34023","3","1","3","5","16","3","","0","0","1","0","0"
"POINT (7.135291440000060 50.703173857000081)","Unfall 34037 (2021) Kat:3, Licht: 0","34037","3","6","3","10","12","6","","0","0","1","0","0"
"POINT (7.099523864000048 50.756622596000057)","Unfall 34058 (2021) Kat:3, Licht: 0","34058","3","6","3","5","15","1","","0","0","1","0","1"
"POINT (7.125017892000074 50.747074487000077)","Unfall 34069 (2021) Kat:3, Licht: 0","34069","3","2","3","7","10","7","","0","0","1","0","0"
"POINT (7.062468571000068 50.721839578000072)","Unfall 34073 (2021) Kat:3, Licht: 0","34073","3","7","2","6","6","2","","0","0","1","0","1"
"POINT (7.149188396000056 50.747506712000074)","Unfall 34089 (2021) Kat:3, Licht: 0","34089","3","6","2","6","15","5","","0","0","1","0","0"
"POINT (7.053102116000048 50.717367239000055)","Unfall 34093 (2021) Kat:3, Licht: 0","34093","3","3","5","10","14","3","","0","0","1","0","0"
"POINT (7.075976514000047 50.740325162000033)","Unfall 34098 (2021) Kat:3, Licht: 2","34098","3","1","9","12","1","2","","2","0","1","0","0"
"POINT (7.090994812000076 50.715637291000064)","Unfall 34121 (2021) Kat:3, Licht: 0","34121","3","6","0","5","7","4","","0","0","0","0","1"
"POINT (7.095036113000049 50.729436433000046)","Unfall 34125 (2021) Kat:3, Licht: 0","34125","3","6","2","9","13","6","","0","0","1","0","0"
"POINT (7.148393319000036 50.691419788000076)","Unfall 34130 (2021) Kat:3, Licht: 0","34130","3","6","2","5","16","4","","0","0","1","0","0"
"POINT (7.074811508000039 50.741418267000029)","Unfall 34136 (2021) Kat:3, Licht: 0","34136","3","3","5","11","12","7","","0","0","1","0","0"
"POINT (7.066731553000068 50.710630587000026)","Unfall 34138 (2021) Kat:3, Licht: 0","34138","3","2","6","1","11","5","","0","0","1","1","0"
"POINT (7.097605644000055 50.706830048000029)","Unfall 34148 (2021) Kat:3, Licht: 0","34148","3","6","2","11","8","3","","0","0","1","0","0"
"POINT (7.085818595000035 50.745413730000053)","Unfall 34152 (2021) Kat:3, Licht: 2","34152","3","7","1","11","21","5","","2","0","1","0","1"
"POINT (7.096420039000066 50.736999043000026)","Unfall 34182 (2021) Kat:3, Licht: 0","34182","3","1","3","5","15","4","","0","1","0","0","0"
"POINT (7.131451068000047 50.735158811000076)","Unfall 34184 (2021) Kat:3, Licht: 0","34184","3","6","3","10","14","5","","0","1","0","0","0"
"POINT (7.047748007000052 50.716131659000041)","Unfall 34188 (2021) Kat:3, Licht: 0","34188","3","7","0","4","14","4","","0","0","0","0","0"
"POINT (7.066153759000031 50.748481974000072)","Unfall 34195 (2021) Kat:3, Licht: 0","34195","3","6","2","10","17","3","","0","0","1","0","0"
"POINT (7.120872740000038 50.716317003000029)","Unfall 34239 (2021) Kat:3, Licht: 0","34239","3","6","2","1","12","1","","0","0","1","0","0"
"POINT (7.086752126000022 50.733705480000026)","Unfall 34253 (2021) Kat:3, Licht: 2","34253","3","1","0","11","0","1","","2","0","0","0","0"
"POINT (7.077072742000041 50.742904058000079)","Unfall 34254 (2021) Kat:3, Licht: 0","34254","3","1","0","5","15","4","","0","0","0","0","1"
"POINT (7.125882051000076 50.741697392000049)","Unfall 34263 (2021) Kat:3, Licht: 0","34263","3","6","2","4","18","4","","0","0","1","0","0"
"POINT (7.105657964000045 50.737658854000074)","Unfall 34274 (2021) Kat:3, Licht: 0","34274","3","3","5","10","16","3","","0","1","1","0","0"
"POINT (7.110636214000067 50.738290222000046)","Unfall 34278 (2021) Kat:3, Licht: 0","34278","3","6","2","9","16","5","","0","0","1","0","0"
"POINT (7.076876726000023 50.750824502000057)","Unfall 34293 (2021) Kat:3, Licht: 2","34293","3","7","0","3","23","4","","2","1","0","0","0"
"POINT (7.174714553000058 50.665861334000056)","Unfall 34297 (2021) Kat:3, Licht: 2","34297","3","3","5","9","19","2","","2","0","1","0","0"
"POINT (7.099177800000064 50.747268918000032)","Unfall 34306 (2021) Kat:3, Licht: 2","34306","3","2","6","12","19","2","","2","0","1","1","0"
"POINT (7.104078887000071 50.737342646000059)","Unfall 34314 (2021) Kat:3, Licht: 2","34314","3","6","2","11","19","7","","2","0","1","0","0"
"POINT (7.150516370000048 50.688907287000063)","Unfall 34348 (2021) Kat:3, Licht: 0","34348","3","3","5","6","18","4","","0","1","1","0","0"
"POINT (7.106429076000040 50.733260922000056)","Unfall 34379 (2021) Kat:3, Licht: 0","34379","3","6","2","9","16","4","","0","0","1","0","1"
"POINT (7.149868760000061 50.683145042000035)","Unfall 34386 (2021) Kat:3, Licht: 0","34386","3","2","2","2","10","6","","0","0","1","0","0"
"POINT (7.139381470000046 50.744454660000031)","Unfall 34408 (2021) Kat:3, Licht: 0","34408","3","1","0","6","17","4","","0","0","0","0","0"
"POINT (7.081669637000061 50.731961931000058)","Unfall 34410 (2021) Kat:3, Licht: 0","34410","3","3","5","5","9","7","","0","0","1","0","0"
"POINT (7.064895543000034 50.738977509000051)","Unfall 34424 (2021) Kat:3, Licht: 0","34424","3","7","0","6","9","1","","0","1","0","0","0"
"POINT (7.112302647000035 50.762621635000073)","Unfall 34436 (2021) Kat:3, Licht: 0","34436","3","6","2","5","16","2","","0","0","1","0","0"
"POINT (7.123879477000060 50.745510480000064)","Unfall 34456 (2021) Kat:3, Licht: 0","34456","3","2","5","11","10","4","","0","1","1","0","0"
"POINT (7.090902238000069 50.731124497000053)","Unfall 34468 (2021) Kat:3, Licht: 0","34468","3","3","5","9","9","5","","0","1","1","0","0"
"POINT (7.160878734000050 50.748538515000064)","Unfall 34475 (2021) Kat:3, Licht: 0","34475","3","6","4","3","16","7","","0","0","1","0","0"
"POINT (7.137372954000057 50.765331548000063)","Unfall 34486 (2021) Kat:3, Licht: 0","34486","3","6","2","6","16","4","","0","0","1","0","0"
"POINT (7.094295331000069 50.736163160000046)","Unfall 34512 (2021) Kat:3, Licht: 2","34512","3","1","0","10","22","5","","2","1","0","0","0"
"POINT (7.148196016000043 50.691360972000041)","Unfall 34517 (2021) Kat:3, Licht: 2","34517","3","3","5","1","18","2","","2","0","1","0","0"
"POINT (7.075671559000057 50.751537863000067)","Unfall 34525 (2021) Kat:3, Licht: 2","34525","3","2","5","3","20","1","","2","1","1","0","0"
"POINT (7.097316284000044 50.706957292000027)","Unfall 34537 (2021) Kat:3, Licht: 0","34537","3","5","1","7","9","4","","0","1","0","0","0"
"POINT (7.179041590000054 50.667300401000034)","Unfall 34539 (2021) Kat:3, Licht: 0","34539","3","2","5","1","11","2","","0","1","0","0","0"
"POINT (7.086953382000047 50.737207837000028)","Unfall 34546 (2021) Kat:3, Licht: 0","34546","3","6","2","2","10","6","","0","0","1","0","0"
"POINT (7.082143927000061 50.732257172000061)","Unfall 34549 (2021) Kat:3, Licht: 1","34549","3","3","6","11","16","4","","1","0","1","1","0"
"POINT (7.115126818000022 50.761513328000035)","Unfall 34560 (2021) Kat:3, Licht: 0","34560","3","6","3","9","7","4","","0","0","1","0","0"
"POINT (7.150369984000065 50.683676670000068)","Unfall 34579 (2021) Kat:3, Licht: 0","34579","3","2","6","11","12","4","","0","0","1","1","0"
"POINT (7.123912416000053 50.713716463000026)","Unfall 34597 (2021) Kat:3, Licht: 2","34597","3","6","2","12","17","4","","2","0","1","0","0"
"POINT (7.128397530000029 50.764785221000068)","Unfall 34600 (2021) Kat:3, Licht: 0","34600","3","6","3","2","10","3","","0","0","1","0","0"
"POINT (7.149405464000040 50.752142245000073)","Unfall 34618 (2021) Kat:3, Licht: 2","34618","3","6","2","11","17","3","","2","0","1","0","0"
"POINT (7.173983144000033 50.661200846000042)","Unfall 34628 (2021) Kat:3, Licht: 2","34628","3","1","8","11","19","3","","2","0","1","0","0"
"POINT (7.097393862000047 50.706932934000065)","Unfall 34636 (2021) Kat:3, Licht: 2","34636","3","1","8","11","6","1","","2","0","1","0","0"
"POINT (7.085791030000053 50.745431150000059)","Unfall 34637 (2021) Kat:3, Licht: 0","34637","3","1","0","9","16","7","","0","1","0","0","0"
"POINT (7.038086593000060 50.714682933000063)","Unfall 34675 (2021) Kat:3, Licht: 0","34675","3","6","2","4","11","5","","0","0","1","0","0"
"POINT (7.076272540000048 50.747637419000057)","Unfall 34677 (2021) Kat:3, Licht: 0","34677","3","6","3","9","18","3","","0","0","0","0","1"
"POINT (7.065049734000070 50.700123772000040)","Unfall 34679 (2021) Kat:3, Licht: 0","34679","3","1","9","6","12","3","","0","0","1","0","0"
"POINT (7.151608382000063 50.687913527000035)","Unfall 34694 (2021) Kat:3, Licht: 0","34694","3","6","2","4","14","3","","0","0","1","0","0"
"POINT (7.104249347000064 50.737510765000081)","Unfall 34699 (2021) Kat:3, Licht: 0","34699","3","1","0","2","15","3","","0","1","0","0","0"
"POINT (7.129444113000034 50.703802003000078)","Unfall 34706 (2021) Kat:3, Licht: 0","34706","3","6","1","11","12","3","","0","0","1","0","0"
"POINT (7.049090005000039 50.716397739000058)","Unfall 34713 (2021) Kat:3, Licht: 0","34713","3","6","2","3","11","3","","0","0","1","0","0"