WKT,Name,OBJECTID,UKATEGORIE,UTYP1,UART,UMONAT,USTUNDE,UWOCHENTAG,STRZUSTAND,ULICHTVERH,ISTRAD,ISTPKW,ISTFUSS,ISTKRAD
"POINT (7.097392378000052 50.741523850000078)","Unfall 34730 (2021) Kat:3, Licht: 2","34730","3","4","6","9","20","5","","2","0","1","1","0"
"POINT (7.056932193000023 50.719239024000046)","Unfall 34743 (2021) Kat:3, Licht: 0","34743","3","6","4","1","14","2","","0","1","0","0","0"
"POINT (7.045775990000038 50.715319299000043)","Unfall 34747 (2021) Kat:3, Licht: 2","34747","3","1","4","11","20","5","","2","0","1","0","0"
"POINT (7.125630151000053 50.747582255000054)","Unfall 34751 (2021) Kat:3, Licht: 2","34751","3","1","0","6","2","5","","2","1","0","0","0"
"POINT (7.114790233000065 50.760268424000060)","Unfall 34754 (2021) Kat:3, Licht: 1","34754","3","2","5","5","21","1","","1","0","1","0","0"
"POINT (7.062789673000054 50.759084419000033)","Unfall 34756 (2021) Kat:3, Licht: 0","34756","3","6","2","11","9","5","","0","0","1","0","0"
"POINT (7.077222754000047 50.742683428000078)","Unfall 34781 (2021) Kat:3, Licht: 0","34781","3","2","5","11","9","7","","0","1","1","0","0"
"POINT (7.055529367000076 50.739536508000072)","Unfall 34785 (2021) Kat:3, Licht: 0","34785","3","2","5","10","11","6","","0","1","1","0","0"
"POINT (7.127390423000065 50.740200514000037)","Unfall 34828 (2021) Kat:3, Licht: 0","34828","3","2","5","6","11","5","","0","1","1","0","0"
"POINT (7.101649165000026 50.737548741000069)","Unfall 34840 (2021) Kat:3, Licht: 0","34840","3","7","0","12","12","1","","0","0","0","0","0"
"POINT (7.077958283000044 50.729754593000052)","Unfall 34842 (2021) Kat:3, Licht: 2","34842","3","6","2","10","18","6","","2","0","1","0","0"
"POINT (7.135327192000034 50.731298941000034)","Unfall 34859 (2021) Kat:3, Licht: 0","34859","3","6","2","3","10","3","","0","0","1","0","0"
"POINT (7.149880397000061 50.683156506000046)","Unfall 34876 (2021) Kat:3, Licht: 0","34876","3","2","0","11","8","4","","0","1","1","0","0"
"POINT (7.080182270000023 50.697335202000033)","Unfall 34884 (2021) Kat:3, Licht: 0","34884","3","3","5","12","11","5","","0","1","1","0","0"
"POINT (7.104529740000032 50.736504407000041)","Unfall 34896 (2021) Kat:3, Licht: 2","34896","3","6","2","12","19","7","","2","0","1","0","0"
"POINT (7.117068707000044 50.739110029000074)","Unfall 34914 (2021) Kat:3, Licht: 1","34914","3","1","0","6","21","2","","1","1","0","0","0"
"POINT (7.063874815000077 50.739003947000072)","Unfall 34917 (2021) Kat:3, Licht: 0","34917","3","7","9","9","15","1","","0","0","1","0","0"
"POINT (7.121321526000031 50.716267059000074)","Unfall 34924 (2021) Kat:3, Licht: 0","34924","3","6","2","6","11","3","","0","0","1","0","0"
"POINT (7.113981278000040 50.738754919000030)","Unfall 34929 (2021) Kat:3, Licht: 0","34929","3","1","9","9","18","7","","0","0","0","0","1"
"POINT (7.086908232000042 50.737217496000028)","Unfall 34938 (2021) Kat:3, Licht: 2","34938","3","2","5","10","19","2","","2","0","1","0","0"
"POINT (7.080138961000046 50.748879159000069)","Unfall 34941 (2021) Kat:3, Licht: 0","34941","3","4","6","10","12","7","","0","0","1","1","0"
"POINT (7.105852624000022 50.734267030000069)","Unfall 34961 (2021) Kat:3, Licht: 0","34961","3","6","3","2","16","6","","0","1","1","0","0"
"POINT (7.076601653000068 50.686318064000034)","Unfall 34979 (2021) Kat:3, Licht: 0","34979","3","1","3","4","18","3","","0","1","0","0","0"
"POINT (7.099177800000064 50.747268918000032)","Unfall 34992 (2021) Kat:3, Licht: 0","34992","3","2","5","11","12","7","","0","1","1","0","0"
"POINT (7.152258412000037 50.749778589000073)","Unfall 34995 (2021) Kat:3, Licht: 0","34995","3","1","0","6","7","4","","0","1","0","0","0"
"POINT (7.103221996000059 50.737347879000026)","Unfall 35001 (2021) Kat:3, Licht: 0","35001","3","7","0","6","17","3","","0","0","0","0","0"
"POINT (7.096380588000045 50.736837758000036)","Unfall 35006 (2021) Kat:3, Licht: 0","35006","3","2","5","10","17","2","","0","1","1","0","0"
"POINT (7.131571548000068 50.706584205000070)","Unfall 35008 (2021) Kat:3, Licht: 0","35008","3","6","2","11","8","5","","0","0","1","0","0"
"POINT (7.123453328000039 50.714440759000070)","Unfall 35024 (2021) Kat:3, Licht: 0","35024","3","6","2","6","10","3","","0","0","1","0","0"
"POINT (7.178542123000057 50.667102825000029)","Unfall 35031 (2021) Kat:3, Licht: 0","35031","3","6","0","7","16","1","","0","1","1","0","0"
"POINT (7.058360565000044 50.761716438000064)","Unfall 35043 (2021) Kat:3, Licht: 0","35043","3","3","5","12","13","4","","0","0","1","0","0"
"POINT (7.068617586000073 50.706418068000062)","Unfall 35057 (2021) Kat:3, Licht: 0","35057","3","3","5","3","8","5","","0","1","1","0","0"
"POINT (7.106586602000050 50.732978168000045)","Unfall 35066 (2021) Kat:3, Licht: 0","35066","3","1","0","10","15","2","","0","1","0","0","0"
"POINT (7.057037933000061 50.750517586000058)","Unfall 35083 (2021) Kat:3, Licht: 1","35083","3","6","2","12","7","2","","1","0","1","0","0"
"POINT (7.124911425000050 50.764252182000064)","Unfall 35089 (2021) Kat:3, Licht: 0","35089","3","6","3","2","7","4","","0","0","1","0","0"
"POINT (7.128319648000058 50.739369862000046)","Unfall 35092 (2021) Kat:3, Licht: 2","35092","3","3","5","1","17","6","","2","0","1","0","1"
"POINT (7.169903307000027 50.676495820000071)","Unfall 35094 (2021) Kat:3, Licht: 0","35094","3","1","8","5","18","3","","0","1","0","0","0"
"POINT (7.142149470000049 50.748311839000053)","Unfall 35103 (2021) Kat:3, Licht: 0","35103","3","6","3","9","16","6","","0","0","1","0","0"
"POINT (7.072754264000025 50.753271397000049)","Unfall 35107 (2021) Kat:3, Licht: 2","35107","3","2","5","11","20","6","","2","1","1","0","0"
"POINT (7.086485584000059 50.737177713000051)","Unfall 35117 (2021) Kat:3, Licht: 0","35117","3","5","3","11","15","3","","0","1","1","0","0"
"POINT (7.067849278000040 50.726586364000070)","Unfall 35120 (2021) Kat:3, Licht: 0","35120","3","2","6","2","12","4","","0","0","1","1","0"
"POINT (7.174714553000058 50.665861334000056)","Unfall 35122 (2021) Kat:3, Licht: 2","35122","3","7","0","12","17","4","","2","0","0","0","0"
"POINT (7.097920200000033 50.737496836000048)","Unfall 35131 (2021) Kat:3, Licht: 2","35131","3","1","0","7","23","7","","2","1","0","0","0"
"POINT (7.085818595000035 50.745413730000053)","Unfall 35132 (2021) Kat:3, Licht: 2","35132","3","6","2","6","22","5","","2","0","1","0","0"
"POINT (7.103444065000076 50.737549815000079)","Unfall 35140 (2021) Kat:3, Licht: 0","35140","3","6","3","9","17","2","","0","1","0","0","0"
"POINT (7.140831507000030 50.697268634000068)","Unfall 35143 (2021) Kat:3, Licht: 0","35143","3","6","2","10","10","3","","0","0","1","0","0"
"POINT (7.093822878000026 50.736192769000070)","Unfall 35145 (2021) Kat:3, Licht: 2","35145","3","6","2","11","16","3","","2","0","1","0","0"
"POINT (7.105657964000045 50.737658854000074)","Unfall 35155 (2021) Kat:3, Licht: 2","35155","3","2","5","12","7","4","","2","1","0","0","0"
"POINT (7.098685533000037 50.737536267000053)","Unfall 35171 (2021) Kat:3, Licht: 0","35171","3","6","2","6","19","3","","0","0","1","0","0"
"POINT (7.086452203000022 50.734039746000064)","Unfall 35172 (2021) Kat:3, Licht: 0","35172","3","6","3","2","16","6","","0","1","0","0","0"
"POINT (7.138579343000060 50.751937038000051)","Unfall 35174 (2021) Kat:2, Licht: 0","35174","2","7","2","3","19","2","","0","0","1","0","1"
"POINT (7.067986812000072 50.726634912000065)","Unfall 35175 (2021) Kat:3, Licht: 2","35175","3","4","6","12","19","5","","2","0","1","1","0"
"POINT (7.098326695000026 50.705638400000055)","Unfall 35186 (2021) Kat:3, Licht: 0","35186","3","2","2","4","14","5","","0","0","1","0","0"
"POINT (7.033130253000024 50.730237866000039)","Unfall 35208 (2021) Kat:3, Licht: 0","35208","3","1","8","5","18","4","","0","0","0","0","1"
"POINT (7.066731142000037 50.710623199000054)","Unfall 35214 (2021) Kat:3, Licht: 0","35214","3","2","0","5","9","6","","0","0","1","0","0"
"POINT (7.078440340000043 50.741380251000066)","Unfall 35234 (2021) Kat:3, Licht: 2","35234","3","3","5","12","18","6","","2","1","1","0","0"
"POINT (7.081541839000067 50.722711739000033)","Unfall 35237 (2021) Kat:3, Licht: 2","35237","3","6","2","12","6","6","","2","0","1","0","0"
"POINT (7.073535529000026 50.728188216000035)","Unfall 35249 (2021) Kat:3, Licht: 2","35249","3","4","6","2","3","7","","2","0","1","1","0"
"POINT (7.119699476000051 50.751577808000036)","Unfall 35292 (2021) Kat:3, Licht: 0","35292","3","2","5","9","15","4","","0","1","1","0","0"
"POINT (7.105657964000045 50.737658854000074)","Unfall 35294 (2021) Kat:3, Licht: 0","35294","3","2","5","10","10","7","","0","1","1","0","0"
"POINT (7.076034290000052 50.740276172000051)","Unfall 35310 (2021) Kat:3, Licht: 0","35310","3","3","5","9","13","7","","0","1","1","0","0"
"POINT (7.067774246000056 50.708018815000059)","Unfall 35312 (2021) Kat:3, Licht: 0","35312","3","6","2","12","10","4","","0","0","1","0","0"
"POINT (7.122589819000041 50.743899371000055)","Unfall 35318 (2021) Kat:3, Licht: 0","35318","3","2","5","6","13","3","","0","0","1","0","0"
"POINT (7.140831507000030 50.697268634000068)","Unfall 35337 (2021) Kat:3, Licht: 0","35337","3","6","2","10","13","3","","0","0","1","0","0"
"POINT (7.121339104000072 50.716251750000026)","Unfall 35361 (2021) Kat:3, Licht: 1","35361","3","6","2","2","6","3","","1","0","1","0","0"
"POINT (7.082139399000027 50.732255032000069)","Unfall 35376 (2021) Kat:3, Licht: 0","35376","3","2","4","10","17","6","","0","0","1","0","0"
"POINT (7.056334711000034 50.762954708000052)","Unfall 35377 (2021) Kat:3, Licht: 1","35377","3","3","5","7","20","2","","1","0","1","0","1"
"POINT (7.114760223000076 50.760304535000046)","Unfall 35387 (2021) Kat:3, Licht: 0","35387","3","3","5","3","14","4","","0","1","1","0","0"
"POINT (7.139311977000034 50.744425128000046)","Unfall 35424 (2021) Kat:3, Licht: 0","35424","3","3","5","2","15","6","","0","1","1","0","0"
"POINT (7.064120578000029 50.697943598000052)","Unfall 35438 (2021) Kat:2, Licht: 2","35438","2","6","2","9","23","6","","2","0","1","0","1"
"POINT (7.080462175000036 50.731109059000062)","Unfall 35464 (2021) Kat:3, Licht: 0","35464","3","3","5","9","11","6","","0","1","1","0","0"
"POINT (7.073026073000051 50.737547158000041)","Unfall 35488 (2021) Kat:3, Licht: 0","35488","3","6","2","9","14","6","","0","0","1","0","0"
"POINT (7.066923621000058 50.717603638000071)","Unfall 35501 (2021) Kat:3, Licht: 0","35501","3","2","2","10","7","5","","0","0","1","0","0"
"POINT (7.103487473000030 50.737546646000055)","Unfall 35522 (2021) Kat:2, Licht: 2","35522","2","3","5","9","21","3","","2","0","0","0","0"
"POINT (7.069738867000069 50.699516172000074)","Unfall 35528 (2021) Kat:3, Licht: 0","35528","3","7","8","11","14","2","","0","0","1","0","0"
"POINT (7.155620117000069 50.752524788000073)","Unfall 35547 (2021) Kat:3, Licht: 1","35547","3","7","1","12","16","7","","1","0","1","0","0"
"POINT (7.112032696000028 50.724899636000032)","Unfall 35555 (2021) Kat:3, Licht: 0","35555","3","1","0","1","11","6","","0","1","0","0","0"
"POINT (7.041523250000068 50.714249877000043)","Unfall 35562 (2021) Kat:3, Licht: 0","35562","3","2","0","10","10","2","","0","0","0","0","1"
"POINT (7.078323162000061 50.738984115000051)","Unfall 35565 (2021) Kat:3, Licht: 2","35565","3","6","2","10","4","1","","2","0","1","0","0"
"POINT (7.139701053000067 50.674418118000062)","Unfall 35566 (2021) Kat:3, Licht: 0","35566","3","3","5","1","8","4","","0","1","1","0","0"
"POINT (7.061665297000047 50.707312493000074)","Unfall 35580 (2021) Kat:2, Licht: 0","35580","2","6","9","9","8","4","","0","0","1","0","0"
"POINT (7.155130105000069 50.721230274000050)","Unfall 35582 (2021) Kat:3, Licht: 2","35582","3","4","6","12","19","7","","2","0","1","1","0"
"POINT (7.161334509000028 50.747268796000071)","Unfall 35596 (2021) Kat:3, Licht: 0","35596","3","3","5","6","9","4","","0","1","1","0","0"
"POINT (7.085968313000023 50.745329376000029)","Unfall 35604 (2021) Kat:3, Licht: 0","35604","3","3","5","6","13","4","","0","0","1","0","0"
"POINT (7.055341400000032 50.763565043000028)","Unfall 35609 (2021) Kat:3, Licht: 0","35609","3","3","5","10","16","3","","0","0","1","0","0"
"POINT (7.099207516000035 50.747079024000072)","Unfall 35618 (2021) Kat:3, Licht: 0","35618","3","3","5","9","8","6","","0","1","1","0","0"
"POINT (7.071651392000035 50.741959984000061)","Unfall 35654 (2021) Kat:3, Licht: 0","35654","3","6","1","2","15","5","","0","0","1","0","0"
"POINT (7.149405464000040 50.752142245000073)","Unfall 35657 (2021) Kat:3, Licht: 0","35657","3","6","2","6","18","7","","0","0","1","0","0"
"POINT (7.100656796000067 50.742485931000033)","Unfall 35663 (2021) Kat:3, Licht: 0","35663","3","2","5","4","14","1","","0","1","1","0","0"
"POINT (7.086400659000049 50.719454150000047)","Unfall 35664 (2021) Kat:3, Licht: 0","35664","3","6","1","6","16","3","","0","1","1","0","0"
"POINT (7.128145665000034 50.764758064000034)","Unfall 35678 (2021) Kat:3, Licht: 0","35678","3","6","3","9","10","6","","0","0","1","0","0"
"POINT (7.167107701000020 50.678142727000079)","Unfall 35680 (2021) Kat:3, Licht: 0","35680","3","5","1","10","9","6","","0","1","0","0","0"
"POINT (7.117440902000055 50.755686631000060)","Unfall 35685 (2021) Kat:3, Licht: 0","35685","3","3","5","9","17","3","","0","1","1","0","0"
"POINT (7.070604191000029 50.710570191000045)","Unfall 35692 (2021) Kat:3, Licht: 0","35692","3","7","0","7","8","5","","0","1","0","0","0"
"POINT (7.127970940000068 50.709796976000064)","Unfall 35713 (2021) Kat:3, Licht: 0","35713","3","7","0","7","5","3","","0","0","0","0","0"
"POINT (7.166113171000063 50.712928445000045)","Unfall 35719 (2021) Kat:2, Licht: 1","35719","2","2","6","12","6","3","","1","0","1","1","0"
"POINT (7.115917791000072 50.738946295000062)","Unfall 35724 (2021) Kat:2, Licht: 0","35724","2","2","5","7","16","2","","0","1","1","0","0"
"POINT (7.089732792000063 50.743678246000059)","Unfall 35726 (2021) Kat:3, Licht: 0","35726","3","3","5","10","15","5","","0","1","1","0","0"
"POINT (7.094500270000026 50.736461452000071)","Unfall 35730 (2021) Kat:3, Licht: 0","35730","3","6","2","6","15","3","","0","0","1","0","0"
"POINT (7.075131355000053 50.731128339000065)","Unfall 35745 (2021) Kat:2, Licht: 0","35745","2","3","3","6","11","6","","0","0","1","0","0"
"POINT (7.135323178000021 50.703143074000081)","Unfall 35746 (2021) Kat:3, Licht: 0","35746","3","6","2","4","11","3","","0","0","1","0","0"
"POINT (7.076940461000049 50.729329989000064)","Unfall 35768 (2021) Kat:3, Licht: 2","35768","3","1","9","7","2","6","","2","0","1","0","0"
"POINT (7.044461835000050 50.755663863000052)","Unfall 35774 (2021) Kat:3, Licht: 0","35774","3","6","2","6","13","4","","0","0","1","0","0"
"POINT (7.092182869000055 50.717885333000027)","Unfall 35791 (2021) Kat:3, Licht: 1","35791","3","2","5","9","19","6","","1","1","1","0","0"
"POINT (7.074843742000041 50.741362104000075)","Unfall 35846 (2021) Kat:3, Licht: 0","35846","3","3","5","11","14","2","","0","1","1","0","0"
"POINT (7.054202255000064 50.739586858000052)","Unfall 35850 (2021) Kat:3, Licht: 0","35850","3","4","6","6","13","6","","0","0","1","1","0"
"POINT (7.157317568000053 50.752777327000047)","Unfall 35852 (2021) Kat:3, Licht: 1","35852","3","3","5","11","7","4","","1","1","1","0","0"
"POINT (7.081084380000050 50.737982862000081)","Unfall 35873 (2021) Kat:3, Licht: 2","35873","3","3","0","12","17","2","","2","0","1","0","0"
"POINT (7.123264415000051 50.743703574000051)","Unfall 35910 (2021) Kat:3, Licht: 0","35910","3","7","9","12","9","5","","0","0","1","0","0"
"POINT (7.141253682000070 50.697182495000050)","Unfall 35926 (2021) Kat:3, Licht: 0","35926","3","6","2","5","10","2","","0","0","1","0","0"
"POINT (7.081679323000060 50.731968862000031)","Unfall 35928 (2021) Kat:3, Licht: 0","35928","3","3","5","12","13","5","","0","1","1","0","0"
"POINT (7.135741178000046 50.669248032000041)","Unfall 35942 (2021) Kat:3, Licht: 2","35942","3","1","8","3","22","3","","2","0","1","0","0"
"POINT (7.068814794000048 50.740365230000066)","Unfall 35944 (2021) Kat:3, Licht: 0","35944","3","4","6","11","16","6","","0","0","1","1","0"
"POINT (7.155577872000038 50.751691106000067)","Unfall 35946 (2021) Kat:2, Licht: 0","35946","2","3","5","6","17","4","","0","1","1","0","0"
"POINT (7.143343114000061 50.695133941000051)","Unfall 35953 (2021) Kat:3, Licht: 2","35953","3","3","5","11","17","4","","2","1","1","0","0"
"POINT (7.149852729000031 50.683129248000057)","Unfall 35958 (2021) Kat:3, Licht: 0","35958","3","2","5","10","14","1","","0","1","1","0","0"
"POINT (7.041473665000069 50.757193220000033)","Unfall 35961 (2021) Kat:3, Licht: 0","35961","3","6","1","9","8","2","","0","0","1","0","0"
"POINT (7.099652841000022 50.737471480000067)","Unfall 35962 (2021) Kat:3, Licht: 0","35962","3","2","0","10","10","5","","0","1","1","0","0"
"POINT (7.120786340000052 50.741295327000046)","Unfall 35982 (2021) Kat:3, Licht: 0","35982","3","6","2","4","14","5","","0","0","1","0","0"
"POINT (7.105657964000045 50.737658854000074)","Unfall 35985 (2021) Kat:3, Licht: 0","35985","3","2","5","11","11","7","","0","1","1","0","0"
"POINT (7.086700184000051 50.733760787000051)","Unfall 36002 (2021) Kat:3, Licht: 1","36002","3","1","0","2","6","3","","1","1","0","0","0"
"POINT (7.067516330000046 50.714874492000035)","Unfall 36005 (2021) Kat:3, Licht: 0","36005","3","5","1","10","11","2","","0","0","1","0","0"
"POINT (7.124975994000067 50.764265034000061)","Unfall 36011 (2021) Kat:3, Licht: 2","36011","3","6","1","12","18","6","","2","0","1","0","0"
"POINT (7.099285674000043 50.756290212000067)","Unfall 36015 (2021) Kat:3, Licht: 0","36015","3","6","2","3","17","3","","0","0","1","0","1"
"POINT (7.104249347000064 50.737510765000081)","Unfall 36023 (2021) Kat:3, Licht: 0","36023","3","1","0","3","14","4","","0","1","0","0","0"
"POINT (7.090784851000024 50.731148681000036)","Unfall 36024 (2021) Kat:3, Licht: 0","36024","3","3","5","11","15","5","","0","1","1","0","0"
"POINT (7.094898769000054 50.746512899000038)","Unfall 36028 (2021) Kat:3, Licht: 2","36028","3","7","5","10","20","7","","2","0","1","0","0"
"POINT (7.047724679000055 50.716125529000067)","Unfall 36034 (2021) Kat:2, Licht: 0","36034","2","5","1","7","11","3","","0","1","0","0","0"
"POINT (7.054720399000075 50.718166414000052)","Unfall 36044 (2021) Kat:3, Licht: 0","36044","3","2","5","4","14","6","","0","1","1","0","0"
"POINT (7.158377902000041 50.727888887000063)","Unfall 36046 (2021) Kat:3, Licht: 0","36046","3","6","2","5","7","4","","0","0","1","0","0"
"POINT (7.150766501000021 50.688679666000041)","Unfall 36057 (2021) Kat:1, Licht: 0","36057","1","4","6","4","14","2","","0","0","0","1","0"
"POINT (7.140087952000044 50.698008579000032)","Unfall 36064 (2021) Kat:3, Licht: 0","36064","3","3","5","10","12","5","","0","1","1","0","0"
"POINT (7.081125998000061 50.750319197000067)","Unfall 36065 (2021) Kat:3, Licht: 0","36065","3","6","2","4","15","6","","0","0","1","0","0"
"POINT (7.124720527000022 50.713402010000038)","Unfall 36112 (2021) Kat:2, Licht: 0","36112","2","3","5","4","16","3","","0","1","1","0","0"
"POINT (7.061270662000027 50.721156137000037)","Unfall 36116 (2021) Kat:3, Licht: 0","36116","3","5","0","3","16","5","","0","1","1","0","0"
"POINT (7.071313519000057 50.693641685000046)","Unfall 36129 (2021) Kat:3, Licht: 0","36129","3","2","0","9","8","3","","0","1","1","0","0"
"POINT (7.149182014000075 50.742269254000064)","Unfall 36133 (2021) Kat:2, Licht: 2","36133","2","2","6","11","17","4","","2","0","1","1","0"
"POINT (7.066194708000069 50.725858346000052)","Unfall 36142 (2021) Kat:3, Licht: 2","36142","3","6","4","4","23","1","","2","0","1","0","0"
"POINT (7.100373081000043 50.743678344000045)","Unfall 36151 (2021) Kat:3, Licht: 0","36151","3","3","5","9","16","3","","0","0","1","0","0"
"POINT (7.138685765000048 50.765264073000026)","Unfall 36154 (2021) Kat:3, Licht: 0","36154","3","6","2","9","9","3","","0","0","1","0","0"
"POINT (7.091120219000061 50.731079429000033)","Unfall 36174 (2021) Kat:3, Licht: 0","36174","3","2","5","11","7","6","","0","1","1","0","0"
"POINT (7.071373886000060 50.747234180000078)","Unfall 36179 (2021) Kat:3, Licht: 0","36179","3","6","2","10","16","4","","0","0","1","0","0"
"POINT (7.085885165000036 50.718250328000067)","Unfall 36189 (2021) Kat:2, Licht: 0","36189","2","3","5","10","8","4","","0","0","1","0","1"
"POINT (7.136662529000034 50.743342475000077)","Unfall 36191 (2021) Kat:3, Licht: 2","36191","3","4","6","10","20","6","","2","0","1","1","0"
"POINT (7.118451870000058 50.718253986000036)","Unfall 36210 (2021) Kat:3, Licht: 0","36210","3","3","5","9","16","5","","0","1","1","0","0"
"POINT (7.087216318000060 50.744627905000073)","Unfall 36251 (2021) Kat:3, Licht: 0","36251","3","5","1","1","13","5","","0","1","1","0","0"
"POINT (7.082154402000072 50.732262122000066)","Unfall 36254 (2021) Kat:3, Licht: 0","36254","3","3","6","1","13","7","","0","0","1","1","0"
"POINT (7.163606061000053 50.680056663000073)","Unfall 36282 (2021) Kat:3, Licht: 0","36282","3","6","4","5","15","4","","0","0","1","0","0"
"POINT (7.034756377000065 50.742365805000077)","Unfall 36285 (2021) Kat:3, Licht: 0","36285","3","3","5","3","17","2","","0","1","1","0","0"
"POINT (7.124445514000058 50.713405256000044)","Unfall 36300 (2021) Kat:3, Licht: 0","36300","3","6","3","1","15","6","","0","0","1","0","0"
"POINT (7.096094446000052 50.737022260000060)","Unfall 36316 (2021) Kat:3, Licht: 2","36316","3","3","5","10","20","6","","2","1","1","0","0"
"POINT (7.131571548000068 50.706584205000070)","Unfall 36318 (2021) Kat:3, Licht: 0","36318","3","6","2","4","9","5","","0","0","1","0","0"
"POINT (7.149405464000040 50.752142245000073)","Unfall 36321 (2021) Kat:3, Licht: 2","36321","3","6","1","11","6","3","","2","0","1","0","0"
"POINT (7.173305190000065 50.707003902000054)","Unfall 36332 (2021) Kat:3, Licht: 0","36332","3","2","5","9","15","2","","0","0","1","0","0"
"POINT (7.089739185000042 50.743676338000057)","Unfall 36351 (2021) Kat:2, Licht: 2","36351","2","4","6","12","18","4","","2","0","1","1","0"
"POINT (7.115787576000059 50.739070699000081)","Unfall 36368 (2021) Kat:3, Licht: 0","36368","3","3","5","10","10","6","","0","1","1","0","0"
"POINT (7.064020018000065 50.670529062000071)","Unfall 36371 (2021) Kat:3, Licht: 0","36371","3","3","5","6","17","3","","0","1","1","0","0"
"POINT (7.164446495000050 50.755573542000036)","Unfall 36385 (2021) Kat:3, Licht: 0","36385","3","6","2","6","6","6","","0","0","1","0","0"
"POINT (7.148226325000053 50.691339768000034)","Unfall 36417 (2021) Kat:3, Licht: 0","36417","3","3","5","2","9","4","","0","0","1","0","0"
"POINT (7.074811508000039 50.741418267000029)","Unfall 36426 (2021) Kat:3, Licht: 0","36426","3","2","5","12","9","7","","0","0","1","0","0"
"POINT (7.068477467000037 50.748136826000064)","Unfall 36429 (2021) Kat:3, Licht: 2","36429","3","6","3","12","17","6","","2","0","1","0","0"
"POINT (7.140178470000023 50.755508903000077)","Unfall 36449 (2021) Kat:3, Licht: 2","36449","3","6","2","1","4","4","","2","0","1","0","0"
"POINT (7.145651355000041 50.693229075000033)","Unfall 36454 (2021) Kat:3, Licht: 0","36454","3","3","5","12","12","4","","0","0","1","0","0"
"POINT (7.133108616000072 50.705200988000058)","Unfall 36462 (2021) Kat:3, Licht: 0","36462","3","6","2","5","12","3","","0","0","1","0","0"
"POINT (7.120720639000069 50.741181271000073)","Unfall 36469 (2021) Kat:3, Licht: 2","36469","3","6","2","12","19","5","","2","0","1","0","0"
"POINT (7.133909923000033 50.704097807000039)","Unfall 36478 (2021) Kat:3, Licht: 0","36478","3","6","2","9","12","4","","0","0","1","0","0"
"POINT (7.100656796000067 50.742485931000033)","Unfall 36486 (2021) Kat:3, Licht: 2","36486","3","3","5","4","22","4","","2","0","1","0","0"
"POINT (7.086128500000029 50.712244801000054)","Unfall 36487 (2021) Kat:3, Licht: 0","36487","3","2","5","6","12","4","","0","1","1","0","0"
"POINT (7.080369921000056 50.731044985000040)","Unfall 36491 (2021) Kat:3, Licht: 0","36491","3","6","2","10","16","2","","0","0","1","0","0"
"POINT (7.091880531000072 50.717777801000068)","Unfall 36511 (2021) Kat:3, Licht: 2","36511","3","6","2","10","6","6","","2","0","1","0","1"
"POINT (7.075976514000047 50.740325162000033)","Unfall 36528 (2021) Kat:3, Licht: 2","36528","3","6","2","11","18","4","","2","1","1","0","0"
"POINT (7.136824332000060 50.701336374000050)","Unfall 36529 (2021) Kat:2, Licht: 0","36529","2","4","0","11","14","6","","0","0","0","1","0"
"POINT (7.117119237000054 50.739118314000052)","Unfall 36548 (2021) Kat:3, Licht: 2","36548","3","6","0","9","1","1","","2","1","0","0","0"
"POINT (7.102436284000021 50.737568251000027)","Unfall 36549 (2021) Kat:3, Licht: 0","36549","3","5","1","11","14","5","","0","1","0","0","0"
"POINT (7.089929755000071 50.743619670000044)","Unfall 36550 (2021) Kat:3, Licht: 0","36550","3","2","0","12","8","5","","0","1","1","0","0"
"POINT (7.141532509000058 50.751966861000028)","Unfall 36552 (2021) Kat:3, Licht: 0","36552","3","7","2","6","16","5","","0","0","1","0","0"
"POINT (7.170489285000031 50.676288580000062)","Unfall 36571 (2021) Kat:3, Licht: 0","36571","3","1","0","12","11","3","","0","1","0","0","0"
"POINT (7.100217365000049 50.744214654000075)","Unfall 36589 (2021) Kat:3, Licht: 0","36589","3","3","5","11","10","5","","0","0","1","0","0"
"POINT (7.077186322000045 50.742720360000078)","Unfall 36591 (2021) Kat:3, Licht: 2","36591","3","2","2","10","19","4","","2","0","1","0","0"
"POINT (7.125017892000074 50.747074487000077)","Unfall 36600 (2021) Kat:3, Licht: 0","36600","3","4","6","9","12","3","","0","0","1","1","0"
"POINT (7.153540973000077 50.752336165000031)","Unfall 36606 (2021) Kat:3, Licht: 0","36606","3","6","2","9","16","7","","0","0","1","0","0"
"POINT (7.105709264000041 50.737661636000041)","Unfall 36611 (2021) Kat:3, Licht: 0","36611","3","2","5","9","17","4","","0","0","1","0","0"
"POINT (7.110213783000063 50.727528788000029)","Unfall 36614 (2021) Kat:3, Licht: 0","36614","3","2","0","6","8","2","","0","1","1","0","0"
"POINT (7.131321458000059 50.706772883000042)","Unfall 36617 (2021) Kat:3, Licht: 2","36617","3","3","5","11","20","3","","2","0","1","0","0"
"POINT (7.086714262000044 50.737255527000059)","Unfall 36627 (2021) Kat:3, Licht: 0","36627","3","2","5","1","16","3","","0","1","1","0","0"
"POINT (7.077791066000032 50.748590614000079)","Unfall 36644 (2021) Kat:3, Licht: 1","36644","3","6","2","11","17","3","","1","0","1","0","0"
"POINT (7.125654478000058 50.764274203000070)","Unfall 36653 (2021) Kat:3, Licht: 2","36653","3","6","2","12","18","6","","2","0","1","0","0"
"POINT (7.149382673000048 50.742189966000069)","Unfall 36676 (2021) Kat:3, Licht: 0","36676","3","2","5","3","14","4","","0","1","1","0","0"