WKT,Name,OBJECTID,UKATEGORIE,UTYP1,UART,UMONAT,USTUNDE,UWOCHENTAG,STRZUSTAND,ULICHTVERH,ISTRAD,ISTPKW,ISTFUSS,ISTKRAD
"POINT (7.100417804000074 50.739037606000068)","Unfall 36682 (2021) Kat:3, Licht: 2","36682","3","6","3","2","20","1","","2","0","1","0","0"
"POINT (7.085867092000058 50.718344526000067)","Unfall 36683 (2021) Kat:3, Licht: 0","36683","3","3","5","2","9","4","","0","1","1","0","0"
"POINT (7.097921665000058 50.737497075000078)","Unfall 36697 (2021) Kat:3, Licht: 0","36697","3","1","0","5","15","7","","0","1","0","0","0"
"POINT (7.113121242000034 50.723415157000034)","Unfall 36775 (2021) Kat:3, Licht: 2","36775","3","1","1","11","3","1","","2","0","1","0","0"
"POINT (7.150311653000074 50.683632276000026)","Unfall 36779 (2021) Kat:3, Licht: 2","36779","3","2","6","1","21","5","","2","0","1","1","0"
"POINT (7.125151818000063 50.764179751000029)","Unfall 36795 (2021) Kat:3, Licht: 0","36795","3","6","2","3","17","3","","0","0","1","0","0"
"POINT (7.114648464000027 50.738847238000062)","Unfall 36798 (2021) Kat:3, Licht: 0","36798","3","1","0","9","16","2","","0","1","0","0","0"
"POINT (7.071651151000026 50.741939069000068)","Unfall 36812 (2021) Kat:3, Licht: 2","36812","3","6","2","9","20","1","","2","0","1","0","0"
"POINT (7.122917174000065 50.743960742000070)","Unfall 36834 (2021) Kat:2, Licht: 0","36834","2","3","5","10","14","6","","0","1","0","0","0"
"POINT (7.090365959000053 50.736643006000065)","Unfall 36849 (2021) Kat:3, Licht: 2","36849","3","5","0","10","19","4","","2","1","1","0","0"
"POINT (7.070020935000059 50.700999399000068)","Unfall 36854 (2021) Kat:3, Licht: 0","36854","3","1","9","10","11","1","","0","0","1","0","0"
"POINT (7.129949722000049 50.708056786000043)","Unfall 36855 (2021) Kat:3, Licht: 0","36855","3","6","2","9","17","4","","0","0","1","0","0"
"POINT (7.135343327000044 50.703123531000074)","Unfall 36866 (2021) Kat:3, Licht: 0","36866","3","3","5","6","9","6","","0","1","1","0","0"
"POINT (7.078079656000057 50.742431376000070)","Unfall 36887 (2021) Kat:3, Licht: 0","36887","3","2","5","9","17","5","","0","1","1","0","0"
"POINT (7.056391975000054 50.762919757000077)","Unfall 36890 (2021) Kat:2, Licht: 2","36890","2","2","0","2","23","7","","2","0","1","0","0"
"POINT (7.090760532000047 50.736569355000029)","Unfall 36900 (2021) Kat:3, Licht: 0","36900","3","7","6","11","10","3","","0","0","1","0","0"
"POINT (7.094923670000071 50.746482016000073)","Unfall 36905 (2021) Kat:3, Licht: 0","36905","3","3","5","1","14","6","","0","0","1","0","0"
"POINT (7.157343786000069 50.752782336000053)","Unfall 36908 (2021) Kat:3, Licht: 0","36908","3","3","5","11","15","5","","0","1","1","0","0"
"POINT (7.137519416000032 50.742399852000062)","Unfall 36917 (2021) Kat:3, Licht: 0","36917","3","3","5","12","14","6","","0","0","1","0","0"
"POINT (7.089281387000028 50.734781769000051)","Unfall 36938 (2021) Kat:3, Licht: 1","36938","3","6","4","9","6","7","","1","0","1","0","0"
"POINT (7.081135117000031 50.702551728000060)","Unfall 36942 (2021) Kat:3, Licht: 0","36942","3","1","0","12","10","6","","0","0","0","0","1"
"POINT (7.136337555000068 50.670857861000059)","Unfall 36955 (2021) Kat:2, Licht: 0","36955","2","6","4","6","14","6","","0","0","1","0","0"
"POINT (7.111647661000063 50.763151368000081)","Unfall 36968 (2021) Kat:2, Licht: 2","36968","2","6","2","6","1","7","","2","0","1","0","0"
"POINT (7.150103462000061 50.748013576000062)","Unfall 36972 (2021) Kat:3, Licht: 0","36972","3","7","2","9","7","3","","0","0","1","0","1"
"POINT (7.077328675000047 50.750555275000067)","Unfall 36979 (2021) Kat:3, Licht: 0","36979","3","1","0","12","15","4","","0","1","0","0","0"
"POINT (7.057045172000073 50.719290730000068)","Unfall 36983 (2021) Kat:3, Licht: 2","36983","3","1","0","9","0","1","","2","0","0","0","0"
"POINT (7.045775990000038 50.715319299000043)","Unfall 36986 (2021) Kat:3, Licht: 0","36986","3","2","5","1","12","2","","0","0","1","0","0"
"POINT (7.170013082000025 50.676522025000054)","Unfall 36994 (2021) Kat:3, Licht: 2","36994","3","6","6","9","22","5","","2","0","0","1","0"
"POINT (7.105682166000065 50.737557859000049)","Unfall 37000 (2021) Kat:3, Licht: 0","37000","3","2","0","11","14","7","","0","1","0","0","0"
"POINT (7.096284354000034 50.737080555000034)","Unfall 37005 (2021) Kat:3, Licht: 0","37005","3","4","0","10","16","4","","0","0","1","1","0"
"POINT (7.162244637000072 50.725635649000026)","Unfall 37008 (2021) Kat:3, Licht: 2","37008","3","1","8","1","23","6","","2","0","1","0","0"
"POINT (7.067403131000049 50.748205728000073)","Unfall 37019 (2021) Kat:3, Licht: 0","37019","3","6","2","6","12","5","","0","0","1","0","0"
"POINT (7.103487473000030 50.737546646000055)","Unfall 37040 (2021) Kat:3, Licht: 0","37040","3","2","5","9","11","3","","0","0","1","0","0"
"POINT (7.097753503000035 50.737466631000075)","Unfall 37070 (2021) Kat:3, Licht: 0","37070","3","7","0","10","11","5","","0","0","0","0","1"
"POINT (7.151273138000022 50.688218613000060)","Unfall 37074 (2021) Kat:3, Licht: 0","37074","3","4","0","12","10","5","","0","1","0","1","0"
"POINT (7.078729514000031 50.728920322000079)","Unfall 37080 (2021) Kat:3, Licht: 0","37080","3","6","2","10","17","7","","0","0","1","0","0"
"POINT (7.056714591000059 50.719139435000045)","Unfall 37083 (2021) Kat:3, Licht: 0","37083","3","2","6","3","8","3","","0","0","1","1","0"
"POINT (7.119745917000046 50.751343670000040)","Unfall 37101 (2021) Kat:3, Licht: 0","37101","3","2","5","3","13","6","","0","1","1","0","0"
"POINT (7.052770861000056 50.717203820000066)","Unfall 37113 (2021) Kat:3, Licht: 0","37113","3","6","0","6","16","4","","0","0","1","0","0"
"POINT (7.099587678000034 50.737367767000080)","Unfall 37116 (2021) Kat:3, Licht: 0","37116","3","6","3","4","13","6","","0","1","1","0","0"
"POINT (7.077611765000029 50.729256600000042)","Unfall 37118 (2021) Kat:3, Licht: 0","37118","3","6","1","10","16","7","","0","0","1","0","0"
"POINT (7.138009924000073 50.700115766000067)","Unfall 37119 (2021) Kat:3, Licht: 0","37119","3","6","2","3","19","4","","0","0","1","0","1"
"POINT (7.068004339000026 50.710385264000081)","Unfall 37120 (2021) Kat:2, Licht: 0","37120","2","1","0","9","13","3","","0","0","0","0","1"
"POINT (7.055358278000028 50.763554669000030)","Unfall 37122 (2021) Kat:3, Licht: 0","37122","3","3","5","9","13","3","","0","1","1","0","0"
"POINT (7.197855380000021 50.653312134000032)","Unfall 37304 (2021) Kat:3, Licht: 1","37304","3","6","2","12","16","2","","1","0","1","0","0"
"POINT (7.194856575000074 50.657277027000077)","Unfall 37559 (2021) Kat:3, Licht: 2","37559","3","3","5","2","20","6","","2","1","1","0","0"
"POINT (7.180706778000058 50.667911332000074)","Unfall 37907 (2021) Kat:3, Licht: 0","37907","3","3","5","9","10","2","","0","1","1","0","0"
"POINT (7.197005314000023 50.731359802000043)","Unfall 38134 (2021) Kat:3, Licht: 0","38134","3","6","4","12","11","2","","0","0","1","0","0"
"POINT (7.189375590000054 50.656183151000050)","Unfall 38195 (2021) Kat:3, Licht: 0","38195","3","3","0","6","7","2","","0","1","1","0","0"
"POINT (7.187886680000076 50.655455977000031)","Unfall 38725 (2021) Kat:2, Licht: 0","38725","2","7","0","5","19","6","","0","1","0","0","0"
"POINT (7.194945586000074 50.657170484000062)","Unfall 39548 (2021) Kat:3, Licht: 0","39548","3","2","5","2","14","4","","0","0","1","0","0"
"POINT (7.198352011000054 50.652005072000065)","Unfall 40117 (2021) Kat:3, Licht: 0","40117","3","6","2","6","10","6","","0","0","1","0","0"
"POINT (7.188168216000065 50.655630500000029)","Unfall 40118 (2021) Kat:3, Licht: 2","40118","3","2","6","12","19","3","","2","0","1","1","0"
"POINT (7.187875106000035 50.655449778000047)","Unfall 40384 (2021) Kat:3, Licht: 0","40384","3","6","2","10","12","6","","0","0","1","0","0"
"POINT (7.199325104000025 50.651146879000066)","Unfall 40932 (2021) Kat:3, Licht: 0","40932","3","6","2","1","13","4","","0","0","1","0","0"
"POINT (7.087951175000057 50.732449315000054)","Unfall 47851 (2021) Kat:3, Licht: 1","47851","3","7","0","7","5","5","","1","0","1","0","1"
"POINT (7.114387020000038 50.760353680000037)","Unfall 47881 (2021) Kat:3, Licht: 2","47881","3","1","0","8","2","1","","2","0","0","0","0"
"POINT (7.079266338000025 50.749405428000046)","Unfall 47887 (2021) Kat:3, Licht: 0","47887","3","6","2","7","14","5","","0","0","1","0","0"
"POINT (7.075976514000047 50.740325162000033)","Unfall 47915 (2021) Kat:3, Licht: 0","47915","3","2","2","5","8","5","","0","0","1","0","0"
"POINT (7.065209342000060 50.701544568000031)","Unfall 47933 (2021) Kat:3, Licht: 0","47933","3","6","2","7","15","3","","0","0","1","0","0"
"POINT (7.078318802000069 50.742651243000068)","Unfall 47951 (2021) Kat:2, Licht: 0","47951","2","6","2","7","12","7","","0","0","1","0","0"
"POINT (7.089950995000038 50.724136502000079)","Unfall 47958 (2021) Kat:3, Licht: 0","47958","3","5","1","6","13","5","","0","1","1","0","0"
"POINT (7.122589819000041 50.743899371000055)","Unfall 47973 (2021) Kat:3, Licht: 0","47973","3","2","5","7","16","5","","0","0","1","0","0"
"POINT (7.094495356000039 50.733273612000062)","Unfall 47997 (2021) Kat:3, Licht: 0","47997","3","1","0","7","18","5","","0","0","0","0","0"
"POINT (7.161334509000028 50.747268796000071)","Unfall 48035 (2021) Kat:3, Licht: 0","48035","3","3","5","8","12","2","","0","0","1","0","0"
"POINT (7.075496347000069 50.730993334000061)","Unfall 48044 (2021) Kat:3, Licht: 0","48044","3","6","2","8","16","5","","0","0","1","0","0"
"POINT (7.201768339000068 50.735266096000032)","Unfall 48084 (2021) Kat:2, Licht: 0","48084","2","7","9","9","14","6","","0","0","1","0","0"
"POINT (7.154237926000064 50.722208159000047)","Unfall 48104 (2021) Kat:3, Licht: 0","48104","3","2","5","8","7","4","","0","0","1","0","1"
"POINT (7.086264752000034 50.745162354000058)","Unfall 48121 (2021) Kat:3, Licht: 0","48121","3","3","5","8","16","4","","0","1","1","0","0"
"POINT (7.110640669000077 50.738290837000079)","Unfall 48131 (2021) Kat:2, Licht: 0","48131","2","6","4","8","17","3","","0","1","0","0","0"
"POINT (7.065046487000075 50.748904267000057)","Unfall 48166 (2021) Kat:2, Licht: 0","48166","2","6","2","7","15","6","","0","0","1","0","0"
"POINT (7.115902904000052 50.738944582000045)","Unfall 48217 (2021) Kat:3, Licht: 0","48217","3","2","5","8","19","4","","0","0","1","0","0"
"POINT (7.104704099000060 50.736269021000055)","Unfall 48280 (2021) Kat:3, Licht: 0","48280","3","7","5","8","10","6","","0","0","1","0","0"
"POINT (7.180118526000058 50.667698343000040)","Unfall 48325 (2021) Kat:3, Licht: 0","48325","3","7","6","8","17","7","","0","0","1","1","0"
"POINT (7.141702687000077 50.752061714000035)","Unfall 48340 (2021) Kat:3, Licht: 0","48340","3","6","3","8","16","1","","0","0","1","0","0"
"POINT (7.115693484000076 50.739053906000038)","Unfall 48365 (2021) Kat:3, Licht: 0","48365","3","3","5","7","13","3","","0","1","1","0","0"
"POINT (7.142981606000035 50.728688276000071)","Unfall 48384 (2021) Kat:3, Licht: 0","48384","3","7","0","8","13","7","","0","0","1","0","1"
"POINT (7.088636454000039 50.723148480000077)","Unfall 48410 (2021) Kat:3, Licht: 0","48410","3","1","0","7","7","6","","0","0","0","0","1"
"POINT (7.152683922000051 50.752283824000074)","Unfall 48428 (2021) Kat:3, Licht: 1","48428","3","1","8","8","5","4","","1","0","1","0","0"
"POINT (7.093599583000071 50.736153497000032)","Unfall 48453 (2021) Kat:3, Licht: 0","48453","3","2","3","8","15","3","","0","0","1","0","0"
"POINT (7.086524448000034 50.737291805000041)","Unfall 48498 (2021) Kat:3, Licht: 0","48498","3","3","5","8","13","5","","0","0","1","0","0"
"POINT (7.119836447000068 50.740545916000031)","Unfall 48513 (2021) Kat:3, Licht: 2","48513","3","2","0","8","21","2","","2","0","0","0","1"
"POINT (7.196237413000063 50.730870531000051)","Unfall 48540 (2021) Kat:3, Licht: 0","48540","3","2","5","8","9","4","","0","0","1","0","0"
"POINT (7.111898393000047 50.760708746000034)","Unfall 48558 (2021) Kat:3, Licht: 0","48558","3","6","2","8","16","4","","0","0","1","0","0"
"POINT (7.104508250000038 50.736532024000041)","Unfall 48585 (2021) Kat:3, Licht: 0","48585","3","2","5","7","15","6","","0","0","1","0","1"
"POINT (7.095001972000034 50.729291985000032)","Unfall 48625 (2021) Kat:2, Licht: 0","48625","2","6","2","8","11","1","","0","0","1","0","0"
"POINT (7.142544477000058 50.746891658000038)","Unfall 48641 (2021) Kat:2, Licht: 2","48641","2","1","8","7","4","1","","2","0","1","0","0"
"POINT (7.148418746000061 50.721978777000061)","Unfall 48690 (2021) Kat:3, Licht: 1","48690","3","1","9","7","20","6","","1","0","1","0","0"
"POINT (7.085787429000050 50.745433426000034)","Unfall 48730 (2021) Kat:3, Licht: 0","48730","3","6","0","8","11","4","","0","0","0","0","1"
"POINT (7.118237229000044 50.739512141000034)","Unfall 48755 (2021) Kat:3, Licht: 2","48755","3","1","8","8","5","7","","2","0","1","0","0"
"POINT (7.136322812000060 50.751710395000032)","Unfall 48793 (2021) Kat:3, Licht: 0","48793","3","6","2","8","16","3","","0","0","1","0","0"
"POINT (7.101031879000061 50.738417464000065)","Unfall 48803 (2021) Kat:3, Licht: 0","48803","3","5","1","7","11","5","","0","1","1","0","0"
"POINT (7.069141195000043 50.755380733000038)","Unfall 48839 (2021) Kat:3, Licht: 0","48839","3","6","2","6","9","3","","0","0","1","0","0"
"POINT (7.112095047000025 50.762796043000037)","Unfall 48857 (2021) Kat:3, Licht: 0","48857","3","2","5","7","8","6","","0","1","1","0","0"
"POINT (7.087925724000058 50.732469603000027)","Unfall 48889 (2021) Kat:3, Licht: 0","48889","3","3","5","8","17","4","","0","1","1","0","0"
"POINT (7.108287377000067 50.730329920000031)","Unfall 48907 (2021) Kat:3, Licht: 0","48907","3","1","6","8","7","5","","0","0","1","1","0"
"POINT (7.058684623000033 50.750136999000063)","Unfall 48925 (2021) Kat:3, Licht: 0","48925","3","6","3","8","18","3","","0","0","1","0","0"
"POINT (7.099183332000052 50.747202345000062)","Unfall 48964 (2021) Kat:3, Licht: 0","48964","3","6","2","6","9","5","","0","0","1","0","0"
"POINT (7.087711332000026 50.737045677000026)","Unfall 48974 (2021) Kat:3, Licht: 0","48974","3","5","0","7","11","5","","0","1","1","0","0"
"POINT (7.136988120000069 50.701167308000038)","Unfall 48993 (2021) Kat:3, Licht: 0","48993","3","7","0","8","19","2","","0","0","1","0","0"
"POINT (7.119248585000037 50.752799369000059)","Unfall 49003 (2021) Kat:2, Licht: 0","49003","2","6","2","8","14","6","","0","0","1","0","0"
"POINT (7.103948209000066 50.737196733000076)","Unfall 49037 (2021) Kat:3, Licht: 0","49037","3","2","5","8","8","2","","0","1","1","0","0"
"POINT (7.157010963000062 50.752718743000059)","Unfall 49049 (2021) Kat:3, Licht: 0","49049","3","2","2","7","6","4","","0","0","1","0","0"
"POINT (7.080509918000075 50.731142674000068)","Unfall 49065 (2021) Kat:3, Licht: 0","49065","3","6","2","8","18","4","","0","0","1","0","0"
"POINT (7.120814953000036 50.741322535000052)","Unfall 49099 (2021) Kat:3, Licht: 0","49099","3","6","2","8","10","6","","0","1","1","0","0"
"POINT (7.088509624000039 50.722037894000039)","Unfall 49143 (2021) Kat:3, Licht: 0","49143","3","2","4","8","15","3","","0","1","1","0","0"
"POINT (7.100457463000055 50.737337049000075)","Unfall 49211 (2021) Kat:3, Licht: 0","49211","3","6","2","7","16","7","","0","1","1","0","0"
"POINT (7.086700388000054 50.737258200000042)","Unfall 49255 (2021) Kat:3, Licht: 0","49255","3","2","5","8","12","4","","0","1","1","0","0"
"POINT (7.095004830000050 50.730199387000027)","Unfall 49273 (2021) Kat:3, Licht: 2","49273","3","1","0","8","0","1","","2","0","0","0","0"
"POINT (7.056334711000034 50.762954708000052)","Unfall 49307 (2021) Kat:3, Licht: 0","49307","3","2","5","8","14","4","","0","0","1","0","0"
"POINT (7.077072742000041 50.742904058000079)","Unfall 49331 (2021) Kat:3, Licht: 2","49331","3","1","4","7","22","2","","2","0","1","0","0"
"POINT (7.165834474000064 50.678837067000075)","Unfall 49360 (2021) Kat:2, Licht: 0","49360","2","1","8","4","18","5","","0","0","0","0","1"
"POINT (7.110371448000024 50.738253659000065)","Unfall 49426 (2021) Kat:2, Licht: 0","49426","2","1","0","7","10","7","","0","1","0","0","0"
"POINT (7.116228953000075 50.738990396000077)","Unfall 49487 (2021) Kat:3, Licht: 2","49487","3","1","0","8","1","1","","2","0","0","0","0"
"POINT (7.118452536000063 50.739855701000067)","Unfall 49512 (2021) Kat:3, Licht: 0","49512","3","2","2","7","19","4","","0","1","0","0","0"
"POINT (7.118956454000056 50.718190096000058)","Unfall 49667 (2021) Kat:3, Licht: 0","49667","3","1","6","7","14","7","","0","1","0","1","0"
"POINT (7.164446495000050 50.755573542000036)","Unfall 49678 (2021) Kat:3, Licht: 0","49678","3","3","5","6","6","4","","0","0","1","0","0"
"POINT (7.076876726000023 50.750824502000057)","Unfall 49684 (2021) Kat:3, Licht: 0","49684","3","3","5","8","7","4","","0","1","1","0","0"
"POINT (7.079547702000070 50.738519189000044)","Unfall 49711 (2021) Kat:3, Licht: 1","49711","3","6","8","8","21","3","","1","1","0","0","0"
"POINT (7.080926430000034 50.722300357000051)","Unfall 51709 (2021) Kat:3, Licht: 0","51709","3","6","2","8","15","6","","0","0","1","0","0"
"POINT (7.127793260000033 50.710329173000048)","Unfall 53055 (2021) Kat:3, Licht: 0","53055","3","6","2","7","11","7","","0","0","1","0","0"
"POINT (7.042139209000027 50.588498078000043)","Unfall 53288 (2021) Kat:3, Licht: 0","53288","3","6","2","10","10","7","","0","0","1","0","0"
"POINT (7.156670112000029 50.720235030000026)","Unfall 53525 (2021) Kat:3, Licht: 0","53525","3","3","5","4","12","4","","0","1","1","0","0"
"POINT (7.137600250000048 50.700877630000036)","Unfall 53536 (2021) Kat:3, Licht: 0","53536","3","7","0","8","8","6","","0","1","0","0","0"
"POINT (7.081787741000028 50.737622093000027)","Unfall 53550 (2021) Kat:3, Licht: 0","53550","3","6","2","5","13","5","","0","0","1","0","0"
"POINT (7.121915983000065 50.742970342000035)","Unfall 53609 (2021) Kat:3, Licht: 0","53609","3","3","5","8","16","4","","0","1","1","0","0"
"POINT (7.069447728000057 50.676495311000053)","Unfall 53632 (2021) Kat:3, Licht: 0","53632","3","6","2","9","17","5","","0","0","1","0","1"
"POINT (7.057085857000061 50.719309350000060)","Unfall 53637 (2021) Kat:3, Licht: 0","53637","3","2","2","8","14","5","","0","0","1","0","0"
"POINT (7.037571752000076 50.590186121000045)","Unfall 53645 (2021) Kat:3, Licht: 2","53645","3","6","2","10","0","2","","2","0","1","0","0"
"POINT (7.050077927000075 50.585691024000027)","Unfall 53762 (2021) Kat:3, Licht: 0","53762","3","6","2","10","11","6","","0","0","1","0","1"
"POINT (7.065300773000047 50.700529307000068)","Unfall 53784 (2021) Kat:2, Licht: 0","53784","2","6","2","8","18","6","","0","0","1","0","0"
"POINT (7.124566040000047 50.658361626000044)","Unfall 53791 (2021) Kat:3, Licht: 0","53791","3","2","2","8","10","4","","0","0","1","0","0"
"POINT (7.101146120000067 50.757478794000065)","Unfall 53804 (2021) Kat:3, Licht: 0","53804","3","6","2","8","9","2","","0","0","1","0","0"
"POINT (7.174714553000058 50.665861334000056)","Unfall 53809 (2021) Kat:3, Licht: 0","53809","3","2","5","8","19","5","","0","1","1","0","0"
"POINT (7.049815022000075 50.655829193000045)","Unfall 53848 (2021) Kat:3, Licht: 0","53848","3","6","2","8","17","1","","0","0","1","0","0"
"POINT (7.053665635000073 50.717645236000067)","Unfall 53871 (2021) Kat:3, Licht: 0","53871","3","6","2","8","16","5","","0","0","1","0","0"
"POINT (7.139409884000031 50.674229098000069)","Unfall 53879 (2021) Kat:3, Licht: 0","53879","3","6","2","8","17","2","","0","0","1","0","0"
"POINT (7.141202893000070 50.697232629000041)","Unfall 53903 (2021) Kat:3, Licht: 0","53903","3","3","5","8","7","2","","0","1","1","0","0"
"POINT (7.082612394000023 50.706469687000038)","Unfall 53997 (2021) Kat:3, Licht: 0","53997","3","6","2","8","18","5","","0","0","1","0","0"
"POINT (7.048989807000055 50.586091096000075)","Unfall 54058 (2021) Kat:3, Licht: 0","54058","3","6","2","3","15","4","","0","0","1","0","0"
"POINT (7.135196017000055 50.703266234000068)","Unfall 54109 (2021) Kat:3, Licht: 0","54109","3","6","2","8","13","1","","0","0","1","0","0"
"POINT (7.048514857000043 50.642704562000063)","Unfall 54118 (2021) Kat:3, Licht: 0","54118","3","6","3","8","13","7","","0","0","1","0","0"
"POINT (7.121321526000031 50.716267059000074)","Unfall 54194 (2021) Kat:3, Licht: 0","54194","3","1","0","8","13","3","","0","0","0","0","1"
"POINT (7.113235039000074 50.723280145000047)","Unfall 54242 (2021) Kat:3, Licht: 0","54242","3","6","2","5","7","5","","0","0","1","0","0"
"POINT (7.149975808000022 50.689373439000065)","Unfall 54321 (2021) Kat:3, Licht: 0","54321","3","6","2","8","8","4","","0","0","1","0","0"
"POINT (7.135196017000055 50.703266234000068)","Unfall 54412 (2021) Kat:3, Licht: 0","54412","3","3","5","7","9","4","","0","1","1","0","0"
"POINT (7.085831463000034 50.745406480000042)","Unfall 54424 (2021) Kat:2, Licht: 0","54424","2","2","5","8","10","7","","0","1","1","0","0"
"POINT (7.092608579000057 50.715166233000048)","Unfall 54441 (2021) Kat:3, Licht: 0","54441","3","3","1","4","13","5","","0","0","1","0","0"
"POINT (7.140068166000049 50.698361625000075)","Unfall 54498 (2021) Kat:3, Licht: 2","54498","3","6","3","8","22","4","","2","0","1","0","0"
"POINT (7.075350603000061 50.683065969000040)","Unfall 54549 (2021) Kat:3, Licht: 0","54549","3","6","2","5","15","7","","0","0","1","0","1"
"POINT (7.181658364000043 50.668255802000033)","Unfall 54552 (2021) Kat:3, Licht: 0","54552","3","6","2","7","16","2","","0","0","1","0","0"
"POINT (7.071465748000037 50.717996176000042)","Unfall 54556 (2021) Kat:3, Licht: 0","54556","3","6","3","7","15","7","","0","0","1","0","0"
"POINT (7.074294349000070 50.732360050000068)","Unfall 54564 (2021) Kat:2, Licht: 2","54564","2","6","2","8","5","5","","2","0","1","0","0"
"POINT (7.152595988000030 50.685157201000038)","Unfall 54576 (2021) Kat:3, Licht: 0","54576","3","6","2","7","12","6","","0","0","1","0","0"
"POINT (7.071398369000065 50.678669838000076)","Unfall 54596 (2021) Kat:2, Licht: 0","54596","2","3","0","8","18","3","","0","1","1","0","0"
"POINT (7.042163631000051 50.588489038000034)","Unfall 54627 (2021) Kat:3, Licht: 2","54627","3","6","2","10","19","1","","2","0","1","0","0"
"POINT (7.044086968000045 50.753079212000046)","Unfall 160027 (2021) Kat:3, Licht: 0","160027","3","5","6","2","17","7","","0","0","1","0","0"
"POINT (7.051420550000046 50.736968000000047)","Unfall 160033 (2021) Kat:3, Licht: 0","160033","3","7","0","12","11","4","","0","0","0","0","0"
"POINT (7.043769247000057 50.704843611000058)","Unfall 160038 (2021) Kat:3, Licht: 0","160038","3","1","0","3","10","4","","0","0","0","0","1"
"POINT (7.057813538000062 50.748022981000076)","Unfall 160039 (2021) Kat:3, Licht: 0","160039","3","3","5","10","15","6","","0","1","1","0","0"
"POINT (7.068280919000074 50.715935943000034)","Unfall 160040 (2021) Kat:3, Licht: 0","160040","3","7","6","4","13","4","","0","0","1","1","0"
"POINT (7.047151845000030 50.757615628000053)","Unfall 160051 (2021) Kat:3, Licht: 0","160051","3","5","3","1","17","6","","0","1","1","0","0"
"POINT (7.069159285000069 50.692293527000061)","Unfall 160054 (2021) Kat:2, Licht: 0","160054","2","1","0","9","13","7","","0","1","0","0","0"
"POINT (7.040050165000025 50.750298116000067)","Unfall 160055 (2021) Kat:3, Licht: 0","160055","3","3","5","1","13","6","","0","0","1","0","0"
"POINT (7.074590652000040 50.723010669000075)","Unfall 160059 (2021) Kat:3, Licht: 0","160059","3","5","1","9","7","5","","0","1","1","0","0"
"POINT (7.087296389000073 50.738871643000039)","Unfall 160063 (2021) Kat:3, Licht: 0","160063","3","3","5","5","20","7","","0","1","1","0","0"
"POINT (7.061381274000041 50.704345442000033)","Unfall 160064 (2021) Kat:3, Licht: 0","160064","3","6","2","11","15","3","","0","0","1","0","0"
"POINT (7.071441811000057 50.735114385000031)","Unfall 160070 (2021) Kat:2, Licht: 0","160070","2","6","2","6","16","6","","0","0","1","0","0"
"POINT (7.058243182000069 50.744456476000039)","Unfall 160072 (2021) Kat:3, Licht: 0","160072","3","5","1","7","11","7","","0","1","1","0","0"
"POINT (7.089090144000068 50.753027359000043)","Unfall 160087 (2021) Kat:3, Licht: 0","160087","3","7","0","11","7","1","","0","0","1","0","0"
"POINT (7.042676943000060 50.746604336000075)","Unfall 160096 (2021) Kat:2, Licht: 0","160096","2","3","1","5","16","7","","0","1","1","0","0"
"POINT (7.047906974000057 50.736148966000030)","Unfall 160101 (2021) Kat:3, Licht: 0","160101","3","1","0","11","9","2","","0","1","0","0","0"
"POINT (7.083197433000066 50.733972588000029)","Unfall 160108 (2021) Kat:3, Licht: 0","160108","3","3","5","5","20","6","","0","1","1","0","0"
"POINT (7.071268849000035 50.742485989000045)","Unfall 160122 (2021) Kat:3, Licht: 2","160122","3","6","2","12","19","3","","2","0","1","0","0"
"POINT (7.056271090000052 50.695290665000073)","Unfall 160125 (2021) Kat:3, Licht: 0","160125","3","6","6","4","17","3","","0","1","0","1","0"
"POINT (7.041967760000034 50.711277816000063)","Unfall 160134 (2021) Kat:3, Licht: 0","160134","3","2","5","3","12","2","","0","0","1","0","0"
"POINT (7.084995297000034 50.758959634000064)","Unfall 160136 (2021) Kat:3, Licht: 2","160136","3","5","1","4","21","4","","2","0","1","0","0"
"POINT (7.051093482000056 50.760628829000041)","Unfall 160148 (2021) Kat:3, Licht: 0","160148","3","3","5","7","20","4","","0","0","1","0","0"
"POINT (7.074655531000076 50.733246378000047)","Unfall 160149 (2021) Kat:3, Licht: 0","160149","3","2","4","6","16","4","","0","0","1","0","1"
"POINT (7.087778758000070 50.729734510000071)","Unfall 160153 (2021) Kat:3, Licht: 0","160153","3","2","5","6","13","4","","0","1","0","0","0"
"POINT (7.057700425000064 50.707227423000063)","Unfall 160155 (2021) Kat:3, Licht: 0","160155","3","2","0","12","8","5","","0","1","1","0","0"
"POINT (7.044465898000055 50.715036181000073)","Unfall 160160 (2021) Kat:3, Licht: 0","160160","3","3","5","3","9","5","","0","1","1","0","0"
"POINT (7.054571985000052 50.713785433000055)","Unfall 160165 (2021) Kat:3, Licht: 0","160165","3","6","3","10","15","7","","0","1","1","0","0"
"POINT (7.087898210000048 50.729790015000049)","Unfall 160170 (2021) Kat:3, Licht: 0","160170","3","3","0","10","7","5","","0","1","0","0","0"
"POINT (7.057931369000073 50.705807789000062)","Unfall 160172 (2021) Kat:3, Licht: 1","160172","3","2","3","12","16","2","","1","1","1","0","0"
"POINT (7.072799688000032 50.737297302000059)","Unfall 160178 (2021) Kat:3, Licht: 0","160178","3","2","2","10","15","3","","0","0","1","0","0"
"POINT (7.031777932000068 50.712143849000029)","Unfall 160186 (2021) Kat:3, Licht: 0","160186","3","2","5","4","12","2","","0","0","1","0","0"
"POINT (7.075087754000037 50.726952879000066)","Unfall 160192 (2021) Kat:3, Licht: 0","160192","3","2","6","1","8","4","","0","0","1","1","0"