WKT,Name,OBJECTID,UKATEGORIE,UTYP1,UART,UMONAT,USTUNDE,UWOCHENTAG,STRZUSTAND,ULICHTVERH,ISTRAD,ISTPKW,ISTFUSS,ISTKRAD
"POINT (7.086484874000064 50.756280268000069)","Unfall 160207 (2021) Kat:3, Licht: 0","160207","3","6","2","9","14","6","","0","0","1","0","0"
"POINT (7.071343521000074 50.712852842000075)","Unfall 160215 (2021) Kat:3, Licht: 0","160215","3","7","1","9","18","3","","0","1","1","0","0"
"POINT (7.071599302000038 50.676547529000061)","Unfall 160228 (2021) Kat:3, Licht: 0","160228","3","5","1","9","16","7","","0","1","1","0","0"
"POINT (7.043689421000067 50.749637939000081)","Unfall 160231 (2021) Kat:3, Licht: 0","160231","3","7","0","7","18","7","","0","0","0","1","0"
"POINT (7.048209030000066 50.737714663000077)","Unfall 160235 (2021) Kat:3, Licht: 2","160235","3","3","5","11","17","3","","2","0","1","0","0"
"POINT (7.081755290000046 50.735285983000040)","Unfall 160241 (2021) Kat:3, Licht: 2","160241","3","3","5","12","19","5","","2","0","1","0","0"
"POINT (7.052074576000052 50.704085938000048)","Unfall 160242 (2021) Kat:3, Licht: 2","160242","3","6","2","1","20","4","","2","0","1","0","0"
"POINT (7.073715955000068 50.738973665000060)","Unfall 160255 (2021) Kat:3, Licht: 2","160255","3","1","0","10","1","1","","2","0","0","0","0"
"POINT (7.065684972000042 50.707500883000080)","Unfall 160256 (2021) Kat:3, Licht: 0","160256","3","5","1","10","17","6","","0","1","1","0","0"
"POINT (7.059113841000055 50.735633588000042)","Unfall 160260 (2021) Kat:3, Licht: 0","160260","3","7","6","9","16","6","","0","0","0","1","0"
"POINT (7.084156594000035 50.740053556000078)","Unfall 160266 (2021) Kat:3, Licht: 0","160266","3","3","5","2","11","7","","0","0","1","0","0"
"POINT (7.042011815000023 50.711337320000041)","Unfall 160268 (2021) Kat:3, Licht: 0","160268","3","2","5","9","13","3","","0","0","1","0","0"
"POINT (7.065116713000066 50.729991587000029)","Unfall 160271 (2021) Kat:3, Licht: 2","160271","3","3","0","9","6","3","","2","1","0","0","1"
"POINT (7.089641030000053 50.724428864000060)","Unfall 160276 (2021) Kat:2, Licht: 2","160276","2","1","0","9","1","1","","2","0","0","0","0"
"POINT (7.087259326000037 50.696415344000059)","Unfall 160286 (2021) Kat:3, Licht: 0","160286","3","1","0","5","16","4","","0","1","0","0","0"
"POINT (7.069495863000043 50.693495606000056)","Unfall 160292 (2021) Kat:3, Licht: 0","160292","3","2","5","9","15","4","","0","1","0","0","0"
"POINT (7.052794099000039 50.711427870000080)","Unfall 160296 (2021) Kat:3, Licht: 0","160296","3","1","0","9","9","4","","0","0","0","0","0"
"POINT (7.045676684000057 50.749881742000071)","Unfall 160298 (2021) Kat:3, Licht: 0","160298","3","7","0","4","12","7","","0","0","0","1","0"
"POINT (7.044013981000035 50.716513404000068)","Unfall 160302 (2021) Kat:3, Licht: 0","160302","3","7","8","7","16","3","","0","0","0","0","0"
"POINT (7.059200987000054 50.703779291000046)","Unfall 160303 (2021) Kat:3, Licht: 0","160303","3","3","5","11","11","7","","0","0","1","0","0"
"POINT (7.072787057000028 50.737251380000032)","Unfall 160309 (2021) Kat:3, Licht: 0","160309","3","3","5","6","17","4","","0","1","1","0","0"
"POINT (7.083539487000053 50.697758007000061)","Unfall 160318 (2021) Kat:3, Licht: 2","160318","3","1","8","12","1","1","","2","0","1","0","0"
"POINT (7.046216083000047 50.749889663000033)","Unfall 160337 (2021) Kat:3, Licht: 2","160337","3","4","6","12","18","3","","2","0","1","1","0"
"POINT (7.038587953000047 50.714586199000053)","Unfall 160341 (2021) Kat:3, Licht: 0","160341","3","7","6","7","20","6","","0","0","0","1","0"
"POINT (7.071165291000057 50.725981540000078)","Unfall 160347 (2021) Kat:2, Licht: 0","160347","2","1","0","5","10","7","","0","1","0","0","0"
"POINT (7.064517238000064 50.722752995000064)","Unfall 160351 (2021) Kat:3, Licht: 0","160351","3","2","5","5","17","4","","0","1","1","0","0"
"POINT (7.077778087000070 50.725314608000076)","Unfall 160352 (2021) Kat:3, Licht: 2","160352","3","7","0","12","23","7","","2","1","0","0","0"
"POINT (7.051772041000049 50.748927572000071)","Unfall 160360 (2021) Kat:3, Licht: 0","160360","3","3","5","9","8","2","","0","0","1","0","0"
"POINT (7.067160623000063 50.747128694000025)","Unfall 160368 (2021) Kat:2, Licht: 0","160368","2","2","5","6","11","7","","0","0","1","0","0"
"POINT (7.047160589000043 50.695556078000038)","Unfall 160381 (2021) Kat:3, Licht: 2","160381","3","1","0","9","5","4","","2","1","0","0","0"
"POINT (7.071238892000054 50.751016621000076)","Unfall 160403 (2021) Kat:3, Licht: 0","160403","3","6","4","12","15","2","","0","0","1","0","0"
"POINT (7.056970219000050 50.696825252000053)","Unfall 160406 (2021) Kat:3, Licht: 0","160406","3","7","6","12","14","1","","0","0","1","1","0"
"POINT (7.063174315000026 50.711118879000026)","Unfall 160407 (2021) Kat:3, Licht: 0","160407","3","1","0","6","15","1","","0","1","0","0","0"
"POINT (7.044704546000048 50.722425661000045)","Unfall 160409 (2021) Kat:3, Licht: 0","160409","3","5","0","3","15","7","","0","0","1","0","0"
"POINT (7.089742112000067 50.730659185000036)","Unfall 160423 (2021) Kat:3, Licht: 0","160423","3","3","5","11","12","7","","0","1","1","0","0"
"POINT (7.076952037000069 50.758199703000059)","Unfall 160433 (2021) Kat:2, Licht: 0","160433","2","5","1","2","9","3","","0","1","1","0","0"
"POINT (7.047693111000058 50.736143741000035)","Unfall 160434 (2021) Kat:3, Licht: 0","160434","3","3","5","4","13","1","","0","1","1","0","0"
"POINT (7.059647402000053 50.735735138000052)","Unfall 160439 (2021) Kat:3, Licht: 2","160439","3","3","5","11","7","3","","2","1","1","0","0"
"POINT (7.056305859000076 50.702391514000055)","Unfall 160460 (2021) Kat:3, Licht: 0","160460","3","1","0","2","9","5","","0","0","0","0","1"
"POINT (7.079115481000031 50.723198692000040)","Unfall 160462 (2021) Kat:3, Licht: 0","160462","3","1","0","4","12","1","","0","1","0","0","0"
"POINT (7.068960989000061 50.692968034000046)","Unfall 160466 (2021) Kat:3, Licht: 0","160466","3","1","0","9","14","7","","0","1","0","0","0"
"POINT (7.074591032000058 50.723010984000041)","Unfall 160471 (2021) Kat:3, Licht: 1","160471","3","6","3","11","7","4","","1","1","0","0","0"
"POINT (7.090244868000070 50.756874723000067)","Unfall 160475 (2021) Kat:3, Licht: 0","160475","3","7","0","6","11","4","","0","1","1","0","0"
"POINT (7.049703801000021 50.750893484000073)","Unfall 160489 (2021) Kat:3, Licht: 2","160489","3","7","6","11","18","3","","2","0","1","0","0"
"POINT (7.083539487000053 50.697758007000061)","Unfall 160492 (2021) Kat:3, Licht: 0","160492","3","3","5","6","7","2","","0","0","1","0","0"
"POINT (7.069306885000060 50.734183711000071)","Unfall 160493 (2021) Kat:3, Licht: 0","160493","3","2","5","4","12","6","","0","0","1","0","1"
"POINT (7.087755322000021 50.733956355000032)","Unfall 160499 (2021) Kat:3, Licht: 2","160499","3","2","5","11","18","4","","2","1","1","0","0"
"POINT (7.059194856000033 50.703789208000046)","Unfall 160500 (2021) Kat:3, Licht: 0","160500","3","3","5","11","9","2","","0","0","1","0","0"
"POINT (7.068434371000023 50.768087910000077)","Unfall 160501 (2021) Kat:2, Licht: 0","160501","2","7","1","5","20","4","","0","0","1","0","0"
"POINT (7.072545969000032 50.734363487000053)","Unfall 160532 (2021) Kat:3, Licht: 0","160532","3","4","6","12","9","6","","0","0","1","1","0"
"POINT (7.059037759000034 50.735638830000028)","Unfall 160535 (2021) Kat:3, Licht: 0","160535","3","6","2","6","16","2","","0","0","1","0","0"
"POINT (7.084377403000076 50.722520292000070)","Unfall 160541 (2021) Kat:3, Licht: 0","160541","3","4","6","1","11","6","","0","0","1","1","0"
"POINT (7.057047176000026 50.753702632000056)","Unfall 160546 (2021) Kat:3, Licht: 0","160546","3","3","5","3","11","4","","0","0","1","0","1"
"POINT (7.087778758000070 50.729734510000071)","Unfall 160575 (2021) Kat:3, Licht: 0","160575","3","2","5","9","13","2","","0","1","0","0","1"
"POINT (7.041793989000041 50.749090287000058)","Unfall 160595 (2021) Kat:3, Licht: 2","160595","3","1","0","4","22","7","","2","0","1","0","0"
"POINT (7.074750912000070 50.739576843000066)","Unfall 160611 (2021) Kat:3, Licht: 2","160611","3","6","6","1","19","7","","2","0","1","1","0"
"POINT (7.058285001000058 50.704089669000041)","Unfall 160618 (2021) Kat:3, Licht: 2","160618","3","3","5","10","19","6","","2","0","1","0","0"
"POINT (7.042577564000055 50.718910303000030)","Unfall 160625 (2021) Kat:3, Licht: 0","160625","3","5","1","4","17","7","","0","0","1","0","0"
"POINT (7.062606049000067 50.704748133000066)","Unfall 160628 (2021) Kat:3, Licht: 0","160628","3","3","5","10","16","7","","0","0","1","0","0"
"POINT (7.058367896000050 50.704099881000047)","Unfall 160634 (2021) Kat:3, Licht: 0","160634","3","3","5","2","11","5","","0","0","1","0","0"
"POINT (7.072918943000047 50.737214154000071)","Unfall 160639 (2021) Kat:3, Licht: 2","160639","3","3","5","10","20","6","","2","1","1","0","0"
"POINT (7.059730526000067 50.698006635000070)","Unfall 160659 (2021) Kat:3, Licht: 0","160659","3","4","6","1","8","4","","0","0","1","1","0"
"POINT (7.049434911000048 50.714000352000028)","Unfall 160671 (2021) Kat:3, Licht: 0","160671","3","1","0","5","14","3","","0","0","0","0","1"
"POINT (7.047640376000061 50.733578517000069)","Unfall 160682 (2021) Kat:3, Licht: 0","160682","3","6","2","5","16","7","","0","0","1","0","0"
"POINT (7.030346312000063 50.712508656000068)","Unfall 160684 (2021) Kat:3, Licht: 0","160684","3","6","2","2","9","4","","0","0","1","0","0"
"POINT (7.070591445000048 50.751921045000074)","Unfall 160698 (2021) Kat:3, Licht: 0","160698","3","5","1","4","14","6","","0","0","1","0","0"
"POINT (7.038637407000067 50.747547011000051)","Unfall 160708 (2021) Kat:3, Licht: 0","160708","3","7","2","3","8","3","","0","0","1","0","0"
"POINT (7.050637520000066 50.735974321000072)","Unfall 160713 (2021) Kat:2, Licht: 0","160713","2","1","1","4","14","7","","0","1","1","0","0"
"POINT (7.066380449000064 50.744161157000065)","Unfall 160715 (2021) Kat:3, Licht: 0","160715","3","6","2","3","12","6","","0","0","1","0","0"
"POINT (7.088256063000074 50.722723101000042)","Unfall 160744 (2021) Kat:3, Licht: 0","160744","3","7","0","5","11","1","","0","1","0","0","0"
"POINT (7.059037834000037 50.704043210000066)","Unfall 160753 (2021) Kat:3, Licht: 0","160753","3","7","2","10","16","7","","0","0","1","0","0"
"POINT (7.067304673000024 50.740755496000077)","Unfall 160755 (2021) Kat:3, Licht: 2","160755","3","5","2","9","7","6","","2","1","1","0","0"
"POINT (7.055381017000059 50.752378993000036)","Unfall 160780 (2021) Kat:3, Licht: 0","160780","3","1","0","5","9","7","","0","1","0","0","0"
"POINT (7.083279391000076 50.739193893000049)","Unfall 160791 (2021) Kat:3, Licht: 0","160791","3","5","1","3","9","7","","0","1","1","0","0"
"POINT (7.073564480000073 50.721464552000043)","Unfall 160793 (2021) Kat:3, Licht: 0","160793","3","2","5","10","17","2","","0","1","1","0","0"
"POINT (7.058971874000065 50.703750630000059)","Unfall 160799 (2021) Kat:3, Licht: 0","160799","3","6","2","2","10","4","","0","0","1","0","0"
"POINT (7.071486488000062 50.716415284000050)","Unfall 160805 (2021) Kat:3, Licht: 0","160805","3","2","5","6","15","6","","0","1","1","0","0"
"POINT (7.076366876000066 50.722384417000058)","Unfall 160822 (2021) Kat:3, Licht: 0","160822","3","3","5","5","11","6","","0","0","1","0","0"
"POINT (7.091232028000036 50.695811185000082)","Unfall 160826 (2021) Kat:3, Licht: 0","160826","3","1","0","6","10","2","","0","1","0","0","0"
"POINT (7.044302088000052 50.694485665000059)","Unfall 160827 (2021) Kat:3, Licht: 0","160827","3","6","6","9","13","2","","0","1","0","1","0"
"POINT (7.085778597000058 50.755623017000062)","Unfall 160837 (2021) Kat:2, Licht: 2","160837","2","3","5","9","20","2","","2","0","1","0","0"
"POINT (7.064250670000035 50.746734790000062)","Unfall 160839 (2021) Kat:3, Licht: 0","160839","3","3","5","11","14","3","","0","0","1","0","0"
"POINT (7.077169797000067 50.722629652000080)","Unfall 160840 (2021) Kat:3, Licht: 0","160840","3","6","3","4","18","5","","0","1","0","0","0"
"POINT (7.087866479000070 50.739934153000036)","Unfall 160853 (2021) Kat:3, Licht: 0","160853","3","5","1","9","18","7","","0","1","1","0","0"
"POINT (7.051782644000070 50.711079272000063)","Unfall 160858 (2021) Kat:2, Licht: 0","160858","2","2","2","10","17","5","","0","1","1","0","0"
"POINT (7.047904213000038 50.741160262000051)","Unfall 160867 (2021) Kat:3, Licht: 1","160867","3","1","7","10","16","6","","1","0","0","0","0"
"POINT (7.045178172000021 50.708943767000051)","Unfall 160868 (2021) Kat:2, Licht: 0","160868","2","6","6","5","12","1","","0","1","1","1","0"
"POINT (7.079503797000029 50.723152412000047)","Unfall 160884 (2021) Kat:3, Licht: 0","160884","3","1","0","10","16","1","","0","1","0","0","0"
"POINT (7.050914285000033 50.704474223000034)","Unfall 160886 (2021) Kat:2, Licht: 0","160886","2","1","9","5","8","4","","0","0","1","0","0"
"POINT (7.067103309000061 50.742248047000032)","Unfall 160888 (2021) Kat:3, Licht: 2","160888","3","6","2","9","21","7","","2","0","1","0","0"
"POINT (7.086504055000034 50.700532622000026)","Unfall 160890 (2021) Kat:3, Licht: 0","160890","3","3","5","10","11","1","","0","1","1","0","0"
"POINT (7.035636327000020 50.709860799000069)","Unfall 160899 (2021) Kat:3, Licht: 0","160899","3","7","6","6","16","1","","0","0","1","1","0"
"POINT (7.074156629000072 50.727755915000046)","Unfall 160901 (2021) Kat:3, Licht: 2","160901","3","2","6","10","19","5","","2","1","0","1","0"
"POINT (7.067160623000063 50.747128694000025)","Unfall 160908 (2021) Kat:3, Licht: 0","160908","3","2","5","10","15","3","","0","1","1","0","0"
"POINT (7.048074933000066 50.737230527000065)","Unfall 160920 (2021) Kat:3, Licht: 0","160920","3","4","2","11","13","5","","0","0","1","1","0"
"POINT (7.059674831000052 50.698178095000060)","Unfall 160934 (2021) Kat:2, Licht: 0","160934","2","3","5","9","16","5","","0","0","1","0","0"
"POINT (7.083568970000044 50.694674274000079)","Unfall 160948 (2021) Kat:3, Licht: 0","160948","3","7","0","12","12","4","","0","0","0","0","1"
"POINT (7.055992869000022 50.743162348000055)","Unfall 160952 (2021) Kat:3, Licht: 2","160952","3","3","5","12","22","6","","2","1","1","0","0"
"POINT (7.062322750000021 50.734716732000038)","Unfall 160953 (2021) Kat:3, Licht: 0","160953","3","6","3","9","18","6","","0","1","1","0","0"
"POINT (7.076402422000058 50.722392565000064)","Unfall 160954 (2021) Kat:3, Licht: 0","160954","3","3","5","10","17","7","","0","0","1","0","1"
"POINT (7.046885085000042 50.714280593000069)","Unfall 160955 (2021) Kat:3, Licht: 0","160955","3","1","9","1","12","3","","0","0","0","0","0"
"POINT (7.089491785000064 50.752630880000027)","Unfall 160958 (2021) Kat:3, Licht: 0","160958","3","6","2","11","12","4","","0","0","1","0","0"
"POINT (7.069186172000059 50.708779223000079)","Unfall 160971 (2021) Kat:3, Licht: 2","160971","3","5","1","12","0","1","","2","0","1","0","0"
"POINT (7.074277927000026 50.736451902000056)","Unfall 160976 (2021) Kat:3, Licht: 0","160976","3","3","0","12","14","5","","0","0","1","0","1"
"POINT (7.034917719000020 50.710690259000046)","Unfall 160985 (2021) Kat:2, Licht: 0","160985","2","2","5","4","16","4","","0","0","1","0","1"
"POINT (7.044102882000061 50.752537058000030)","Unfall 161011 (2021) Kat:3, Licht: 0","161011","3","3","5","4","14","5","","0","0","1","0","0"
"POINT (7.059200987000054 50.703779291000046)","Unfall 161013 (2021) Kat:3, Licht: 0","161013","3","3","5","6","18","5","","0","0","1","0","0"
"POINT (7.055059644000039 50.754593069000066)","Unfall 161016 (2021) Kat:3, Licht: 0","161016","3","5","1","6","6","2","","0","0","1","0","0"
"POINT (7.045991698000023 50.749887424000065)","Unfall 161018 (2021) Kat:3, Licht: 0","161018","3","4","6","9","7","2","","0","0","1","1","0"
"POINT (7.069540947000064 50.723939561000066)","Unfall 161054 (2021) Kat:2, Licht: 0","161054","2","6","2","5","16","5","","0","1","1","0","0"
"POINT (7.042011815000023 50.711337320000041)","Unfall 161055 (2021) Kat:3, Licht: 2","161055","3","2","5","11","20","5","","2","0","1","0","0"
"POINT (7.059745746000033 50.699799648000067)","Unfall 161066 (2021) Kat:3, Licht: 0","161066","3","6","2","12","12","3","","0","0","1","0","0"
"POINT (7.058326644000033 50.704094799000075)","Unfall 161077 (2021) Kat:3, Licht: 2","161077","3","3","5","5","23","6","","2","0","1","0","0"
"POINT (7.043714946000023 50.739619386000072)","Unfall 161088 (2021) Kat:3, Licht: 0","161088","3","5","1","4","17","3","","0","0","1","0","1"
"POINT (7.085269968000034 50.728616206000027)","Unfall 161109 (2021) Kat:3, Licht: 0","161109","3","2","3","6","15","1","","0","1","1","0","0"
"POINT (7.086739076000072 50.755095232000031)","Unfall 161132 (2021) Kat:3, Licht: 0","161132","3","3","5","10","18","1","","0","1","1","0","0"
"POINT (7.065802925000071 50.743687640000076)","Unfall 161135 (2021) Kat:3, Licht: 2","161135","3","6","0","1","19","6","","2","0","1","1","0"
"POINT (7.055219675000046 50.709436830000072)","Unfall 161153 (2021) Kat:3, Licht: 0","161153","3","6","2","6","12","4","","0","0","1","0","0"
"POINT (7.046535229000028 50.739519527000027)","Unfall 161155 (2021) Kat:3, Licht: 0","161155","3","1","0","9","13","5","","0","0","0","0","0"
"POINT (7.091715774000022 50.737749879000035)","Unfall 161158 (2021) Kat:3, Licht: 0","161158","3","5","1","9","13","5","","0","1","1","0","0"
"POINT (7.130151619000060 50.731976273000043)","Unfall 161173 (2021) Kat:3, Licht: 0","161173","3","1","0","3","16","3","","0","0","0","0","1"
"POINT (7.104350798000041 50.721132802000056)","Unfall 161179 (2021) Kat:3, Licht: 0","161179","3","3","5","5","18","2","","0","1","1","0","0"
"POINT (7.186430565000023 50.667202545000066)","Unfall 161180 (2021) Kat:3, Licht: 0","161180","3","3","5","4","15","7","","0","1","1","0","0"
"POINT (7.097850254000036 50.721233776000076)","Unfall 161182 (2021) Kat:3, Licht: 0","161182","3","1","3","6","18","5","","0","1","1","0","0"
"POINT (7.154597846000058 50.703219896000064)","Unfall 161184 (2021) Kat:3, Licht: 0","161184","3","2","2","2","10","3","","0","0","1","0","0"
"POINT (7.103865996000025 50.723103964000074)","Unfall 161189 (2021) Kat:3, Licht: 2","161189","3","7","0","9","22","4","","2","1","0","0","0"
"POINT (7.153387069000075 50.666094695000027)","Unfall 161193 (2021) Kat:3, Licht: 2","161193","3","4","6","11","20","7","","2","0","1","1","0"
"POINT (7.166038429000025 50.683333914000059)","Unfall 161197 (2021) Kat:2, Licht: 0","161197","2","1","0","9","8","5","","0","1","0","0","0"
"POINT (7.180167583000070 50.670831308000061)","Unfall 161199 (2021) Kat:3, Licht: 0","161199","3","4","0","10","18","2","","0","0","0","1","0"
"POINT (7.094163585000047 50.738255561000074)","Unfall 161203 (2021) Kat:2, Licht: 0","161203","2","1","0","7","15","6","","0","1","0","0","0"
"POINT (7.161857888000043 50.681649259000039)","Unfall 161207 (2021) Kat:3, Licht: 0","161207","3","3","5","12","12","6","","0","0","1","0","0"
"POINT (7.098379854000029 50.732035876000054)","Unfall 161208 (2021) Kat:3, Licht: 0","161208","3","4","0","7","12","4","","0","0","0","1","0"
"POINT (7.149784367000052 50.728364780000049)","Unfall 161209 (2021) Kat:3, Licht: 0","161209","3","5","1","5","9","2","","0","0","1","0","0"
"POINT (7.147692568000025 50.753343987000051)","Unfall 161218 (2021) Kat:3, Licht: 0","161218","3","4","6","11","14","7","","0","0","1","1","0"
"POINT (7.112216047000061 50.708815767000033)","Unfall 161220 (2021) Kat:3, Licht: 0","161220","3","3","5","9","12","6","","0","1","1","0","0"
"POINT (7.096871943000053 50.732505917000026)","Unfall 161222 (2021) Kat:3, Licht: 0","161222","3","1","0","9","9","2","","0","1","0","0","0"
"POINT (7.100992623000025 50.731717534000040)","Unfall 161224 (2021) Kat:3, Licht: 0","161224","3","3","5","3","16","4","","0","1","0","0","0"
"POINT (7.096098407000056 50.724132718000078)","Unfall 161229 (2021) Kat:3, Licht: 0","161229","3","3","4","6","16","3","","0","1","0","0","0"
"POINT (7.152313818000039 50.702357184000050)","Unfall 161230 (2021) Kat:3, Licht: 0","161230","3","3","5","12","8","5","","0","0","1","0","0"
"POINT (7.106584460000022 50.720977018000042)","Unfall 161231 (2021) Kat:3, Licht: 1","161231","3","6","3","12","16","2","","1","1","1","0","0"
"POINT (7.134155635000070 50.694312948000061)","Unfall 161243 (2021) Kat:3, Licht: 0","161243","3","3","5","5","9","4","","0","1","1","0","0"
"POINT (7.122819729000071 50.720880789000034)","Unfall 161244 (2021) Kat:3, Licht: 0","161244","3","2","5","11","9","4","","0","1","0","0","0"
"POINT (7.167352662000042 50.744253084000036)","Unfall 161249 (2021) Kat:3, Licht: 0","161249","3","3","5","11","15","6","","0","1","0","0","0"
"POINT (7.150495729000056 50.742993325000043)","Unfall 161251 (2021) Kat:3, Licht: 0","161251","3","5","1","3","12","6","","0","1","1","0","0"
"POINT (7.187319164000030 50.658414004000065)","Unfall 161253 (2021) Kat:2, Licht: 0","161253","2","6","6","4","9","4","","0","0","0","1","0"
"POINT (7.093953340000041 50.737840431000052)","Unfall 161256 (2021) Kat:3, Licht: 1","161256","3","2","5","1","7","5","","1","1","1","0","0"
"POINT (7.125941116000035 50.697774976000062)","Unfall 161262 (2021) Kat:3, Licht: 1","161262","3","5","1","5","7","3","","1","1","1","0","0"
"POINT (7.113150381000025 50.712295145000041)","Unfall 161266 (2021) Kat:3, Licht: 0","161266","3","2","6","2","11","5","","0","0","1","1","0"
"POINT (7.173901576000048 50.674054164000040)","Unfall 161267 (2021) Kat:2, Licht: 1","161267","2","2","5","7","20","3","","1","0","1","0","0"
"POINT (7.110256553000056 50.720322836000037)","Unfall 161274 (2021) Kat:3, Licht: 2","161274","3","2","5","11","7","6","","2","1","1","0","0"
"POINT (7.142897988000072 50.728059410000071)","Unfall 161276 (2021) Kat:3, Licht: 0","161276","3","7","0","6","13","5","","0","0","1","1","0"
"POINT (7.123045990000037 50.739989137000066)","Unfall 161283 (2021) Kat:3, Licht: 0","161283","3","1","0","6","19","5","","0","1","0","0","0"
"POINT (7.109098971000037 50.710656328000027)","Unfall 161285 (2021) Kat:3, Licht: 0","161285","3","3","5","9","16","4","","0","1","0","0","0"
"POINT (7.157780457000058 50.682560029000058)","Unfall 161286 (2021) Kat:3, Licht: 0","161286","3","3","5","2","13","7","","0","1","1","0","0"
"POINT (7.165669777000062 50.697291785000061)","Unfall 161288 (2021) Kat:3, Licht: 1","161288","3","7","0","12","16","6","","1","0","0","0","0"
"POINT (7.119780631000026 50.739228987000047)","Unfall 161294 (2021) Kat:3, Licht: 0","161294","3","1","0","11","13","4","","0","1","0","0","0"
"POINT (7.095125430000053 50.734072003000051)","Unfall 161295 (2021) Kat:3, Licht: 0","161295","3","3","0","12","12","6","","0","0","0","0","0"
"POINT (7.097346620000053 50.744926719000034)","Unfall 161300 (2021) Kat:3, Licht: 0","161300","3","4","5","2","17","7","","0","1","0","1","0"
"POINT (7.146241187000044 50.690475897000056)","Unfall 161301 (2021) Kat:3, Licht: 0","161301","3","3","0","9","11","5","","0","0","1","0","0"
"POINT (7.149461853000048 50.730566740000029)","Unfall 161306 (2021) Kat:2, Licht: 0","161306","2","1","0","6","17","1","","0","1","0","0","0"
"POINT (7.124983836000069 50.760945169000081)","Unfall 161309 (2021) Kat:2, Licht: 1","161309","2","4","6","9","6","4","","1","1","1","1","0"
"POINT (7.121440398000061 50.732212589000028)","Unfall 161310 (2021) Kat:3, Licht: 0","161310","3","1","0","3","14","3","","0","1","0","0","0"
"POINT (7.094878955000070 50.731972972000051)","Unfall 161311 (2021) Kat:3, Licht: 0","161311","3","2","5","11","13","2","","0","1","1","0","0"
"POINT (7.105059998000058 50.716903176000073)","Unfall 161312 (2021) Kat:3, Licht: 1","161312","3","3","5","9","19","4","","1","1","1","0","0"
"POINT (7.156566292000036 50.750390347000064)","Unfall 161313 (2021) Kat:3, Licht: 0","161313","3","5","4","3","12","3","","0","1","1","0","0"
"POINT (7.097239822000063 50.732394400000032)","Unfall 161315 (2021) Kat:2, Licht: 0","161315","2","1","0","12","14","1","","0","1","0","0","0"
"POINT (7.092335539000032 50.741855843000053)","Unfall 161319 (2021) Kat:3, Licht: 2","161319","3","7","0","12","6","4","","2","0","0","0","0"
"POINT (7.160857339000074 50.692216505000033)","Unfall 161320 (2021) Kat:3, Licht: 0","161320","3","7","1","3","8","2","","0","0","1","0","0"
"POINT (7.112820028000044 50.719959174000053)","Unfall 161321 (2021) Kat:3, Licht: 2","161321","3","6","2","1","18","1","","2","0","1","0","0"
"POINT (7.112694595000050 50.714304239000057)","Unfall 161326 (2021) Kat:3, Licht: 0","161326","3","6","2","10","12","6","","0","0","1","0","0"
"POINT (7.142841635000025 50.697373295000034)","Unfall 161327 (2021) Kat:3, Licht: 2","161327","3","4","6","12","17","4","","2","0","1","1","0"
"POINT (7.150934906000032 50.686880648000056)","Unfall 161328 (2021) Kat:3, Licht: 0","161328","3","5","1","4","14","5","","0","0","0","0","0"
"POINT (7.109753143000034 50.720290310000053)","Unfall 161329 (2021) Kat:3, Licht: 0","161329","3","4","6","2","17","7","","0","0","1","1","0"
"POINT (7.158395295000048 50.685456474000034)","Unfall 161330 (2021) Kat:3, Licht: 1","161330","3","2","5","9","6","4","","1","1","0","0","0"
"POINT (7.142769537000049 50.722623272000078)","Unfall 161331 (2021) Kat:2, Licht: 2","161331","2","1","0","1","21","6","","2","1","0","0","0"
"POINT (7.158120517000043 50.680090547000077)","Unfall 161339 (2021) Kat:3, Licht: 0","161339","3","4","6","11","13","5","","0","0","1","1","0"
"POINT (7.161831204000066 50.681067419000044)","Unfall 161341 (2021) Kat:3, Licht: 0","161341","3","2","2","7","13","6","","0","1","1","0","0"
"POINT (7.150407266000059 50.680053417000067)","Unfall 161343 (2021) Kat:3, Licht: 0","161343","3","6","3","7","9","5","","0","1","1","0","0"
"POINT (7.114939984000046 50.717869958000051)","Unfall 161348 (2021) Kat:3, Licht: 0","161348","3","6","5","10","13","2","","0","1","0","0","0"
"POINT (7.104350798000041 50.721132802000056)","Unfall 161349 (2021) Kat:3, Licht: 0","161349","3","6","3","5","12","7","","0","1","1","0","0"
"POINT (7.098669543000028 50.738643815000046)","Unfall 161352 (2021) Kat:2, Licht: 0","161352","2","1","0","4","19","3","","0","0","0","0","0"
"POINT (7.145790801000032 50.689134572000057)","Unfall 161353 (2021) Kat:3, Licht: 0","161353","3","6","3","1","12","6","","0","1","0","0","0"
"POINT (7.118233806000035 50.744979435000062)","Unfall 161355 (2021) Kat:3, Licht: 0","161355","3","2","5","4","13","4","","0","1","1","0","0"
"POINT (7.160549009000022 50.682682584000077)","Unfall 161357 (2021) Kat:3, Licht: 2","161357","3","3","5","12","18","4","","2","1","1","0","0"
"POINT (7.180209385000069 50.733193484000026)","Unfall 161360 (2021) Kat:3, Licht: 0","161360","3","5","4","3","8","2","","0","0","1","0","0"