WKT,Name,OBJECTID,UKATEGORIE,UTYP1,UART,UMONAT,USTUNDE,UWOCHENTAG,STRZUSTAND,ULICHTVERH,ISTRAD,ISTPKW,ISTFUSS,ISTKRAD
"POINT (7.151673727000059 50.682049459000041)","Unfall 161363 (2021) Kat:3, Licht: 0","161363","3","6","2","3","18","4","","0","1","1","0","0"
"POINT (7.092448726000043 50.722684489000073)","Unfall 161367 (2021) Kat:3, Licht: 0","161367","3","7","0","10","9","4","","0","0","0","0","0"
"POINT (7.135086861000048 50.683385298000076)","Unfall 161372 (2021) Kat:3, Licht: 0","161372","3","7","5","5","11","3","","0","0","1","0","0"
"POINT (7.168315100000029 50.688055174000056)","Unfall 161379 (2021) Kat:3, Licht: 0","161379","3","3","5","9","18","5","","0","1","1","0","0"
"POINT (7.093154481000056 50.733040062000043)","Unfall 161395 (2021) Kat:3, Licht: 0","161395","3","3","5","9","15","3","","0","1","0","0","0"
"POINT (7.164304835000053 50.687441881000041)","Unfall 161396 (2021) Kat:3, Licht: 0","161396","3","1","4","11","13","6","","0","1","1","0","0"
"POINT (7.114635651000071 50.736500393000028)","Unfall 161397 (2021) Kat:3, Licht: 2","161397","3","5","1","12","0","6","","2","0","1","0","0"
"POINT (7.154109261000031 50.681476333000035)","Unfall 161403 (2021) Kat:3, Licht: 0","161403","3","2","2","9","12","2","","0","0","1","0","0"
"POINT (7.101509101000033 50.717240589000028)","Unfall 161409 (2021) Kat:3, Licht: 2","161409","3","1","0","4","20","6","","2","1","0","0","0"
"POINT (7.165706190000037 50.675762631000055)","Unfall 161417 (2021) Kat:3, Licht: 0","161417","3","7","6","9","7","5","","0","0","1","1","0"
"POINT (7.186560297000028 50.657839775000070)","Unfall 161420 (2021) Kat:1, Licht: 0","161420","1","4","6","12","12","3","","0","0","0","1","1"
"POINT (7.156790372000046 50.744061147000082)","Unfall 161426 (2021) Kat:3, Licht: 0","161426","3","3","5","10","11","7","","0","1","1","0","0"
"POINT (7.097551799000030 50.717371011000068)","Unfall 161428 (2021) Kat:3, Licht: 0","161428","3","1","4","6","8","2","","0","0","1","0","0"
"POINT (7.149369722000074 50.691977242000064)","Unfall 161429 (2021) Kat:3, Licht: 1","161429","3","3","5","11","16","5","","1","1","1","0","0"
"POINT (7.117037958000026 50.743888059000028)","Unfall 161432 (2021) Kat:2, Licht: 1","161432","2","5","1","1","16","7","","1","0","1","0","1"
"POINT (7.157634456000039 50.723271781000051)","Unfall 161443 (2021) Kat:3, Licht: 0","161443","3","6","2","11","7","3","","0","0","1","0","0"
"POINT (7.148417725000058 50.687924735000081)","Unfall 161447 (2021) Kat:2, Licht: 1","161447","2","1","0","10","18","7","","1","0","0","0","0"
"POINT (7.124097852000034 50.740363773000070)","Unfall 161449 (2021) Kat:3, Licht: 0","161449","3","6","0","9","16","2","","0","0","1","0","0"
"POINT (7.104129828000055 50.728896906000045)","Unfall 161454 (2021) Kat:3, Licht: 0","161454","3","1","0","6","8","5","","0","1","0","0","0"
"POINT (7.136717943000065 50.698782811000058)","Unfall 161456 (2021) Kat:3, Licht: 2","161456","3","7","7","1","7","5","","2","1","0","0","0"
"POINT (7.121787696000069 50.706606920000070)","Unfall 161467 (2021) Kat:2, Licht: 0","161467","2","5","8","5","10","1","","0","0","1","0","0"
"POINT (7.139893376000032 50.695704102000036)","Unfall 161472 (2021) Kat:2, Licht: 0","161472","2","2","5","9","13","6","","0","0","1","0","1"
"POINT (7.100079288000074 50.733081876000028)","Unfall 161474 (2021) Kat:3, Licht: 2","161474","3","1","0","10","2","5","","2","0","0","0","0"
"POINT (7.129431859000022 50.703682507000053)","Unfall 161478 (2021) Kat:3, Licht: 2","161478","3","1","9","11","22","5","","2","0","1","0","0"
"POINT (7.121608281000022 50.737076009000077)","Unfall 161480 (2021) Kat:3, Licht: 0","161480","3","3","0","10","10","2","","0","1","1","0","0"
"POINT (7.095347248000053 50.736112587000036)","Unfall 161481 (2021) Kat:3, Licht: 0","161481","3","1","0","12","12","4","","0","1","0","0","0"
"POINT (7.157800052000027 50.684729033000053)","Unfall 161483 (2021) Kat:2, Licht: 0","161483","2","1","0","12","9","5","","0","1","0","0","0"
"POINT (7.097901480000075 50.737922983000033)","Unfall 161485 (2021) Kat:3, Licht: 0","161485","3","5","1","4","17","3","","0","1","1","0","0"
"POINT (7.147339092000038 50.688585893000038)","Unfall 161486 (2021) Kat:3, Licht: 1","161486","3","5","1","9","19","2","","1","1","1","0","0"
"POINT (7.117694571000072 50.692729390000068)","Unfall 161488 (2021) Kat:2, Licht: 0","161488","2","1","0","9","12","4","","0","1","0","0","0"
"POINT (7.174585640000032 50.677693249000072)","Unfall 161492 (2021) Kat:3, Licht: 0","161492","3","1","2","4","14","3","","0","0","1","0","0"
"POINT (7.114287138000066 50.738011841000059)","Unfall 161496 (2021) Kat:2, Licht: 0","161496","2","4","6","11","12","7","","0","0","1","1","0"
"POINT (7.144434382000043 50.683639451000033)","Unfall 161497 (2021) Kat:3, Licht: 0","161497","3","3","5","11","14","6","","0","1","1","0","0"
"POINT (7.097026525000047 50.732463124000049)","Unfall 161502 (2021) Kat:3, Licht: 0","161502","3","1","0","6","16","7","","0","1","0","0","0"
"POINT (7.171539659000075 50.676357118000055)","Unfall 161503 (2021) Kat:3, Licht: 0","161503","3","1","0","9","13","5","","0","1","0","0","0"
"POINT (7.175042194000071 50.668396219000044)","Unfall 161509 (2021) Kat:3, Licht: 0","161509","3","3","0","12","10","3","","0","0","1","0","1"
"POINT (7.147649140000055 50.761385678000067)","Unfall 161514 (2021) Kat:3, Licht: 0","161514","3","1","0","6","11","1","","0","1","0","0","0"
"POINT (7.141993451000076 50.690390855000032)","Unfall 161520 (2021) Kat:3, Licht: 2","161520","3","2","5","1","19","5","","2","1","1","0","0"
"POINT (7.096749816000056 50.732539733000067)","Unfall 161521 (2021) Kat:3, Licht: 0","161521","3","4","6","11","9","7","","0","0","1","1","0"
"POINT (7.139198148000048 50.696356514000058)","Unfall 161531 (2021) Kat:3, Licht: 1","161531","3","2","6","12","16","7","","1","0","1","1","0"
"POINT (7.148898370000040 50.732622943000081)","Unfall 161534 (2021) Kat:2, Licht: 0","161534","2","3","5","4","7","6","","0","1","1","0","0"
"POINT (7.124910615000033 50.708110072000068)","Unfall 161537 (2021) Kat:2, Licht: 2","161537","2","1","0","9","19","1","","2","1","0","0","0"
"POINT (7.094467760000043 50.732676599000058)","Unfall 161539 (2021) Kat:3, Licht: 0","161539","3","1","8","10","14","7","","0","1","0","0","0"
"POINT (7.106390516000033 50.716721923000080)","Unfall 161540 (2021) Kat:3, Licht: 0","161540","3","6","2","5","7","6","","0","0","1","0","0"
"POINT (7.097218698000063 50.732401422000066)","Unfall 161543 (2021) Kat:3, Licht: 0","161543","3","1","0","6","8","4","","0","0","0","0","0"
"POINT (7.146241187000044 50.690475897000056)","Unfall 161544 (2021) Kat:3, Licht: 0","161544","3","7","5","9","12","2","","0","0","1","0","0"
"POINT (7.154859224000063 50.684483765000039)","Unfall 161545 (2021) Kat:2, Licht: 0","161545","2","7","0","4","14","6","","0","0","0","0","0"
"POINT (7.091964306000023 50.739123690000042)","Unfall 161547 (2021) Kat:3, Licht: 0","161547","3","5","1","10","8","5","","0","1","1","0","0"
"POINT (7.114190801000063 50.737770601000079)","Unfall 161549 (2021) Kat:3, Licht: 0","161549","3","5","1","3","14","1","","0","1","1","0","0"
"POINT (7.102935931000047 50.724526635000075)","Unfall 161551 (2021) Kat:2, Licht: 2","161551","2","1","0","9","22","1","","2","1","0","0","0"
"POINT (7.151416403000042 50.686605103000034)","Unfall 161556 (2021) Kat:3, Licht: 0","161556","3","3","5","11","10","3","","0","1","1","0","0"
"POINT (7.158694309000055 50.683884549000027)","Unfall 161559 (2021) Kat:3, Licht: 0","161559","3","2","5","10","10","1","","0","1","1","0","0"
"POINT (7.106608187000063 50.720973044000061)","Unfall 161568 (2021) Kat:3, Licht: 0","161568","3","6","2","5","15","2","","0","0","1","0","0"
"POINT (7.157835519000059 50.677376062000064)","Unfall 161569 (2021) Kat:3, Licht: 0","161569","3","3","5","6","13","4","","0","0","1","0","0"
"POINT (7.092253977000041 50.720516850000081)","Unfall 161577 (2021) Kat:2, Licht: 0","161577","2","4","6","10","9","6","","0","0","1","1","0"
"POINT (7.106568309000068 50.739478961000032)","Unfall 161581 (2021) Kat:3, Licht: 1","161581","3","1","0","9","20","5","","1","1","0","0","0"
"POINT (7.158259055000030 50.685012600000050)","Unfall 161582 (2021) Kat:3, Licht: 0","161582","3","3","5","7","17","5","","0","1","1","0","0"
"POINT (7.141298213000027 50.694372401000066)","Unfall 161583 (2021) Kat:3, Licht: 0","161583","3","6","2","5","14","5","","0","0","1","0","0"
"POINT (7.168692715000020 50.689812340000060)","Unfall 161584 (2021) Kat:3, Licht: 0","161584","3","3","5","6","7","6","","0","0","1","0","0"
"POINT (7.098883821000072 50.733030757000051)","Unfall 161585 (2021) Kat:3, Licht: 0","161585","3","5","1","1","8","6","","0","1","0","0","0"
"POINT (7.094690560000060 50.731968536000068)","Unfall 161591 (2021) Kat:3, Licht: 0","161591","3","4","6","9","13","2","","0","1","0","1","0"
"POINT (7.115445477000037 50.739747896000040)","Unfall 161592 (2021) Kat:2, Licht: 0","161592","2","1","0","4","14","3","","0","0","0","0","0"
"POINT (7.145464916000037 50.728767326000082)","Unfall 161597 (2021) Kat:3, Licht: 0","161597","3","7","0","7","11","7","","0","1","0","0","0"
"POINT (7.117533381000044 50.735867453000026)","Unfall 161599 (2021) Kat:3, Licht: 0","161599","3","5","8","5","10","5","","0","0","1","0","0"
"POINT (7.092935514000033 50.723088715000074)","Unfall 161600 (2021) Kat:3, Licht: 0","161600","3","6","2","6","14","3","","0","0","1","0","0"
"POINT (7.134125218000065 50.726295490000041)","Unfall 161606 (2021) Kat:3, Licht: 0","161606","3","3","5","1","14","6","","0","0","1","0","0"
"POINT (7.122839868000028 50.699017283000046)","Unfall 161607 (2021) Kat:3, Licht: 2","161607","3","5","1","12","20","3","","2","0","1","0","0"
"POINT (7.110138363000033 50.730663564000054)","Unfall 161609 (2021) Kat:3, Licht: 0","161609","3","6","4","6","17","3","","0","1","0","0","0"
"POINT (7.159001881000052 50.693790938000063)","Unfall 161610 (2021) Kat:3, Licht: 0","161610","3","3","5","5","13","7","","0","0","1","0","0"
"POINT (7.100641634000056 50.730121652000037)","Unfall 161613 (2021) Kat:3, Licht: 0","161613","3","1","0","12","10","3","","0","1","0","0","0"
"POINT (7.094532637000043 50.726639990000081)","Unfall 161617 (2021) Kat:3, Licht: 0","161617","3","6","3","4","17","3","","0","1","0","0","0"
"POINT (7.106009032000031 50.736339355000041)","Unfall 161618 (2021) Kat:3, Licht: 2","161618","3","6","0","12","22","5","","2","1","1","0","0"
"POINT (7.156237707000059 50.685481630000027)","Unfall 161619 (2021) Kat:3, Licht: 0","161619","3","6","2","9","18","4","","0","0","1","0","0"
"POINT (7.098952198000063 50.705515969000032)","Unfall 161622 (2021) Kat:3, Licht: 0","161622","3","1","8","4","13","1","","0","0","1","0","0"
"POINT (7.094056706000060 50.747369640000045)","Unfall 161626 (2021) Kat:3, Licht: 0","161626","3","3","5","6","10","3","","0","1","1","0","0"
"POINT (7.163149157000021 50.677719710000076)","Unfall 161627 (2021) Kat:3, Licht: 0","161627","3","4","6","6","7","5","","0","1","0","1","0"
"POINT (7.098503708000067 50.739339737000080)","Unfall 161632 (2021) Kat:3, Licht: 0","161632","3","1","0","11","14","2","","0","1","0","0","0"
"POINT (7.146241187000044 50.690475897000056)","Unfall 161633 (2021) Kat:3, Licht: 0","161633","3","3","5","1","10","5","","0","0","1","0","0"
"POINT (7.161643839000021 50.690097373000071)","Unfall 161636 (2021) Kat:3, Licht: 2","161636","3","3","5","2","21","1","","2","0","1","0","0"
"POINT (7.096510428000045 50.719976483000039)","Unfall 161637 (2021) Kat:3, Licht: 0","161637","3","5","1","11","8","7","","0","1","1","0","0"
"POINT (7.134325697000065 50.694223702000045)","Unfall 161641 (2021) Kat:3, Licht: 1","161641","3","3","5","9","7","2","","1","1","0","0","0"
"POINT (7.104666600000030 50.716830576000064)","Unfall 161643 (2021) Kat:3, Licht: 0","161643","3","2","3","6","19","4","","0","1","1","0","0"
"POINT (7.098333382000021 50.736679843000047)","Unfall 161646 (2021) Kat:3, Licht: 0","161646","3","2","6","11","15","2","","0","0","0","1","0"
"POINT (7.110018062000051 50.714867997000056)","Unfall 161649 (2021) Kat:3, Licht: 0","161649","3","1","0","3","14","6","","0","1","0","0","0"
"POINT (7.142837881000048 50.734292525000058)","Unfall 161659 (2021) Kat:3, Licht: 2","161659","3","2","5","11","6","3","","2","0","1","0","1"
"POINT (7.101901296000051 50.725625910000076)","Unfall 161661 (2021) Kat:3, Licht: 0","161661","3","1","0","3","8","2","","0","1","0","0","0"
"POINT (7.157326381000075 50.675359155000081)","Unfall 161667 (2021) Kat:3, Licht: 0","161667","3","6","3","11","16","3","","0","1","0","0","0"
"POINT (7.099576469000056 50.731585082000038)","Unfall 161670 (2021) Kat:2, Licht: 2","161670","2","1","0","9","21","2","","2","0","0","0","0"
"POINT (7.148812453000062 50.690388921000078)","Unfall 161671 (2021) Kat:3, Licht: 0","161671","3","3","5","1","12","7","","0","0","0","0","0"
"POINT (7.162549078000040 50.682440026000052)","Unfall 161675 (2021) Kat:3, Licht: 0","161675","3","6","2","10","15","5","","0","1","1","0","0"
"POINT (7.113293025000075 50.741693647000034)","Unfall 161676 (2021) Kat:3, Licht: 0","161676","3","6","4","9","17","4","","0","1","1","0","0"
"POINT (7.103344694000043 50.739130561000081)","Unfall 161678 (2021) Kat:3, Licht: 0","161678","3","7","2","12","11","6","","0","1","1","0","0"
"POINT (7.147743642000023 50.686816569000030)","Unfall 161681 (2021) Kat:3, Licht: 0","161681","3","1","9","5","16","3","","0","0","1","0","0"
"POINT (7.109614139000030 50.707176136000044)","Unfall 161684 (2021) Kat:2, Licht: 0","161684","2","3","3","6","18","2","","0","1","1","0","0"
"POINT (7.161271381000063 50.695703762000051)","Unfall 161685 (2021) Kat:3, Licht: 2","161685","3","3","0","10","22","6","","2","1","0","0","0"
"POINT (7.152239725000072 50.685668808000059)","Unfall 161693 (2021) Kat:3, Licht: 1","161693","3","1","0","9","19","4","","1","1","0","0","0"
"POINT (7.159778765000056 50.681878654000059)","Unfall 161695 (2021) Kat:3, Licht: 0","161695","3","2","5","9","14","6","","0","1","1","0","0"
"POINT (7.125223727000048 50.709809091000068)","Unfall 161703 (2021) Kat:3, Licht: 0","161703","3","3","5","9","10","2","","0","1","1","0","0"
"POINT (7.095018757000048 50.734322467000027)","Unfall 161705 (2021) Kat:2, Licht: 0","161705","2","5","1","10","18","5","","0","1","1","0","0"
"POINT (7.156887161000043 50.681929528000069)","Unfall 161707 (2021) Kat:3, Licht: 0","161707","3","3","5","3","13","5","","0","1","1","0","0"
"POINT (7.119094906000043 50.738212833000034)","Unfall 161718 (2021) Kat:3, Licht: 0","161718","3","1","0","9","17","2","","0","1","0","0","0"
"POINT (7.104477214000042 50.726663880000046)","Unfall 161720 (2021) Kat:3, Licht: 0","161720","3","7","0","7","12","3","","0","0","0","0","0"
"POINT (7.137319119000040 50.711584151000068)","Unfall 161722 (2021) Kat:3, Licht: 0","161722","3","3","5","4","17","6","","0","0","1","0","0"
"POINT (7.149077709000039 50.729151826000077)","Unfall 161724 (2021) Kat:3, Licht: 0","161724","3","2","6","9","11","3","","0","0","1","1","0"
"POINT (7.162440979000053 50.682512237000026)","Unfall 161728 (2021) Kat:3, Licht: 0","161728","3","3","5","11","13","3","","0","0","1","0","0"
"POINT (7.174127603000045 50.681952770000066)","Unfall 161730 (2021) Kat:3, Licht: 0","161730","3","1","0","7","18","4","","0","1","0","0","0"
"POINT (7.184395477000066 50.668347167000036)","Unfall 161732 (2021) Kat:2, Licht: 0","161732","2","6","2","4","10","4","","0","0","1","0","1"
"POINT (7.111608783000065 50.702449832000070)","Unfall 161737 (2021) Kat:3, Licht: 2","161737","3","5","1","5","21","3","","2","1","1","0","0"
"POINT (7.159973704000038 50.727461943000037)","Unfall 161738 (2021) Kat:3, Licht: 2","161738","3","1","9","2","6","7","","2","0","1","0","0"
"POINT (7.096614237000040 50.717617045000054)","Unfall 161740 (2021) Kat:3, Licht: 0","161740","3","4","2","11","10","3","","0","0","1","1","0"
"POINT (7.122778756000059 50.739930303000051)","Unfall 161746 (2021) Kat:3, Licht: 0","161746","3","1","0","6","18","3","","0","1","0","0","0"
"POINT (7.155343921000053 50.686023516000034)","Unfall 161749 (2021) Kat:3, Licht: 2","161749","3","3","5","12","19","1","","2","0","1","0","0"
"POINT (7.165022676000035 50.686711652000042)","Unfall 161751 (2021) Kat:2, Licht: 0","161751","2","3","5","6","7","4","","0","1","1","0","0"
"POINT (7.149986574000025 50.692146308000076)","Unfall 161753 (2021) Kat:3, Licht: 2","161753","3","3","5","12","17","4","","2","1","1","0","0"
"POINT (7.119078663000039 50.703591438000046)","Unfall 161757 (2021) Kat:3, Licht: 0","161757","3","5","1","9","10","1","","0","1","1","0","0"
"POINT (7.114888279000070 50.700300883000068)","Unfall 161759 (2021) Kat:3, Licht: 0","161759","3","7","0","1","13","2","","0","1","0","1","0"
"POINT (7.137469003000035 50.704473181000026)","Unfall 161762 (2021) Kat:3, Licht: 2","161762","3","1","9","1","5","1","","2","0","1","0","0"
"POINT (7.097559325000020 50.729688651000060)","Unfall 161763 (2021) Kat:3, Licht: 0","161763","3","3","5","7","14","4","","0","0","1","0","0"
"POINT (7.145538726000041 50.721890258000030)","Unfall 161764 (2021) Kat:2, Licht: 0","161764","2","2","2","4","9","3","","0","0","1","0","1"
"POINT (7.116756941000062 50.716060493000043)","Unfall 161767 (2021) Kat:3, Licht: 2","161767","3","3","0","3","19","1","","2","0","1","0","0"
"POINT (7.093142587000045 50.754165569000065)","Unfall 161768 (2021) Kat:3, Licht: 0","161768","3","3","5","11","14","7","","0","1","1","0","0"
"POINT (7.160025907000033 50.679246475000070)","Unfall 161769 (2021) Kat:3, Licht: 0","161769","3","1","8","10","14","1","","0","1","0","0","0"
"POINT (7.134155635000070 50.694312948000061)","Unfall 161773 (2021) Kat:3, Licht: 0","161773","3","2","5","2","14","7","","0","1","1","0","0"
"POINT (7.152235260000054 50.702393851000068)","Unfall 161775 (2021) Kat:3, Licht: 2","161775","3","3","5","11","21","4","","2","0","1","0","0"
"POINT (7.154065590000073 50.686358704000043)","Unfall 161778 (2021) Kat:2, Licht: 0","161778","2","7","5","6","16","3","","0","0","1","0","1"
"POINT (7.118767761000072 50.739080050000041)","Unfall 161779 (2021) Kat:3, Licht: 0","161779","3","1","0","9","15","3","","0","0","0","0","0"
"POINT (7.092244094000023 50.720503571000052)","Unfall 161780 (2021) Kat:3, Licht: 0","161780","3","3","5","1","8","3","","0","0","1","0","0"
"POINT (7.113856922000025 50.725473351000062)","Unfall 161787 (2021) Kat:3, Licht: 0","161787","3","1","0","10","15","4","","0","1","0","0","0"
"POINT (7.144619340000077 50.731134071000042)","Unfall 161788 (2021) Kat:3, Licht: 0","161788","3","1","0","6","10","2","","0","1","0","0","0"
"POINT (7.102637106000032 50.701269870000033)","Unfall 161794 (2021) Kat:3, Licht: 1","161794","3","2","5","2","7","3","","1","1","1","0","0"
"POINT (7.181673256000067 50.663669121000055)","Unfall 161795 (2021) Kat:2, Licht: 2","161795","2","5","1","10","2","1","","2","0","1","0","0"
"POINT (7.097124998000027 50.732432574000029)","Unfall 161798 (2021) Kat:3, Licht: 0","161798","3","6","0","10","18","7","","0","0","1","0","0"
"POINT (7.108766757000069 50.711989991000053)","Unfall 161799 (2021) Kat:3, Licht: 0","161799","3","7","5","12","11","3","","0","0","1","0","0"
"POINT (7.141420716000027 50.694285971000056)","Unfall 161801 (2021) Kat:3, Licht: 0","161801","3","2","3","5","12","6","","0","1","1","0","0"
"POINT (7.168692715000020 50.689812340000060)","Unfall 161802 (2021) Kat:3, Licht: 0","161802","3","2","5","2","16","5","","0","0","1","0","0"
"POINT (7.148597880000068 50.687789883000050)","Unfall 161804 (2021) Kat:3, Licht: 0","161804","3","2","6","12","9","6","","0","0","1","1","0"
"POINT (7.178294062000020 50.673124924000035)","Unfall 161805 (2021) Kat:3, Licht: 0","161805","3","2","0","5","13","6","","0","0","1","0","0"
"POINT (7.126319044000070 50.737158421000061)","Unfall 161806 (2021) Kat:3, Licht: 0","161806","3","6","0","11","11","2","","0","0","0","1","0"
"POINT (7.111252891000049 50.708371982000074)","Unfall 161816 (2021) Kat:3, Licht: 0","161816","3","3","5","3","17","3","","0","1","1","0","0"
"POINT (7.160039271000073 50.688756646000058)","Unfall 161817 (2021) Kat:3, Licht: 0","161817","3","1","9","10","12","1","","0","0","1","0","0"
"POINT (7.170026801000063 50.676889412000037)","Unfall 161818 (2021) Kat:3, Licht: 0","161818","3","2","5","12","8","5","","0","1","1","0","0"
"POINT (7.135612687000048 50.724554074000082)","Unfall 161821 (2021) Kat:2, Licht: 0","161821","2","2","5","7","15","5","","0","0","1","0","1"
"POINT (7.122263389000068 50.710569148000047)","Unfall 161822 (2021) Kat:3, Licht: 0","161822","3","7","6","10","14","6","","0","1","0","1","0"
"POINT (7.123858171000052 50.708537552000053)","Unfall 161824 (2021) Kat:3, Licht: 0","161824","3","2","5","9","17","2","","0","1","1","0","0"
"POINT (7.116355031000069 50.738359112000069)","Unfall 161825 (2021) Kat:3, Licht: 0","161825","3","4","6","5","13","7","","0","1","0","1","0"
"POINT (7.158828560000075 50.747680246000073)","Unfall 161827 (2021) Kat:3, Licht: 0","161827","3","3","5","9","14","2","","0","0","1","0","1"
"POINT (7.167131785000038 50.674485766000032)","Unfall 161829 (2021) Kat:3, Licht: 0","161829","3","2","5","2","16","3","","0","1","0","0","0"
"POINT (7.101076877000025 50.736886658000060)","Unfall 161830 (2021) Kat:3, Licht: 0","161830","3","6","6","10","15","3","","0","0","0","1","0"
"POINT (7.131155776000071 50.737050262000082)","Unfall 161832 (2021) Kat:3, Licht: 0","161832","3","2","3","6","14","5","","0","1","0","0","0"
"POINT (7.118948773000056 50.713949908000075)","Unfall 161833 (2021) Kat:2, Licht: 1","161833","2","7","9","10","18","1","","1","1","0","0","0"
"POINT (7.157912606000025 50.692592685000079)","Unfall 161836 (2021) Kat:3, Licht: 2","161836","3","3","5","9","22","1","","2","0","1","0","0"
"POINT (7.158224782000048 50.684989918000042)","Unfall 161839 (2021) Kat:3, Licht: 2","161839","3","1","0","9","23","6","","2","1","0","0","0"
"POINT (7.106709743000067 50.739030460000038)","Unfall 161847 (2021) Kat:3, Licht: 0","161847","3","5","1","9","15","2","","0","0","1","0","0"
"POINT (7.139389671000060 50.696379184000079)","Unfall 161849 (2021) Kat:3, Licht: 0","161849","3","2","5","12","10","5","","0","1","1","0","0"
"POINT (7.098757429000045 50.730917440000042)","Unfall 161851 (2021) Kat:2, Licht: 2","161851","2","1","0","10","1","7","","2","0","0","0","0"
"POINT (7.128076479000072 50.728079564000041)","Unfall 161854 (2021) Kat:3, Licht: 0","161854","3","7","0","10","16","5","","0","0","0","0","0"
"POINT (7.093777882000040 50.739718617000051)","Unfall 161856 (2021) Kat:3, Licht: 0","161856","3","6","6","10","8","2","","0","0","1","1","0"
"POINT (7.147869778000029 50.691158366000082)","Unfall 161863 (2021) Kat:3, Licht: 0","161863","3","3","5","2","8","6","","0","0","1","0","0"
"POINT (7.161794528000030 50.703249200000073)","Unfall 161866 (2021) Kat:3, Licht: 0","161866","3","6","4","5","16","5","","0","1","1","0","0"
"POINT (7.106939131000047 50.720672217000072)","Unfall 161874 (2021) Kat:3, Licht: 0","161874","3","4","6","9","13","4","","0","0","1","1","0"
"POINT (7.173803556000053 50.750377348000029)","Unfall 161895 (2021) Kat:3, Licht: 0","161895","3","4","6","9","16","3","","0","0","1","1","0"
"POINT (7.134338720000073 50.694240629000035)","Unfall 161898 (2021) Kat:3, Licht: 0","161898","3","3","5","9","18","5","","0","1","1","0","0"
"POINT (7.100265003000061 50.731975005000038)","Unfall 161906 (2021) Kat:3, Licht: 2","161906","3","7","0","10","22","6","","2","0","0","0","0"
"POINT (7.117925020000030 50.705224923000060)","Unfall 161909 (2021) Kat:3, Licht: 0","161909","3","2","5","1","11","4","","0","1","1","0","0"
"POINT (7.093631784000024 50.753849959000036)","Unfall 161910 (2021) Kat:3, Licht: 1","161910","3","2","5","9","19","4","","1","1","1","0","0"
"POINT (7.125369404000025 50.707646500000067)","Unfall 161931 (2021) Kat:3, Licht: 0","161931","3","4","6","9","7","6","","0","0","1","1","0"
"POINT (7.100545038000064 50.700805458000048)","Unfall 161935 (2021) Kat:3, Licht: 0","161935","3","6","0","6","18","5","","0","0","0","0","0"
"POINT (7.132173169000055 50.745270726000058)","Unfall 161938 (2021) Kat:3, Licht: 1","161938","3","7","0","6","21","5","","1","0","0","1","0"
"POINT (7.094258384000057 50.738197715000069)","Unfall 161940 (2021) Kat:3, Licht: 2","161940","3","5","1","11","2","2","","2","0","1","0","0"
"POINT (7.155481727000051 50.691132559000039)","Unfall 161942 (2021) Kat:3, Licht: 0","161942","3","1","8","10","9","3","","0","0","1","0","0"
"POINT (7.136973621000038 50.681503178000071)","Unfall 161943 (2021) Kat:3, Licht: 0","161943","3","3","5","4","13","7","","0","1","1","0","0"
"POINT (7.154928136000024 50.686149615000033)","Unfall 161946 (2021) Kat:3, Licht: 0","161946","3","3","0","6","10","3","","0","0","1","0","0"
"POINT (7.117873677000034 50.741005072000064)","Unfall 161947 (2021) Kat:2, Licht: 0","161947","2","3","5","12","11","5","","0","1","1","0","0"
"POINT (7.112334716000021 50.704387698000062)","Unfall 161950 (2021) Kat:3, Licht: 0","161950","3","1","0","7","7","5","","0","1","0","0","0"
"POINT (7.152328311000076 50.720612158000051)","Unfall 161956 (2021) Kat:3, Licht: 2","161956","3","3","5","12","22","6","","2","0","1","0","0"
"POINT (7.125570085000049 50.741236533000063)","Unfall 161957 (2021) Kat:3, Licht: 0","161957","3","6","2","7","9","3","","0","0","1","0","0"
"POINT (7.142286300000023 50.708107946000041)","Unfall 161960 (2021) Kat:3, Licht: 0","161960","3","6","3","12","15","4","","0","0","1","0","0"
"POINT (7.125776046000055 50.707235590000039)","Unfall 161961 (2021) Kat:2, Licht: 1","161961","2","6","9","3","18","3","","1","1","0","0","0"
"POINT (7.096888306000039 50.732501386000081)","Unfall 161962 (2021) Kat:2, Licht: 0","161962","2","1","0","11","14","7","","0","1","0","0","0"
"POINT (7.171585838000055 50.751090037000040)","Unfall 161963 (2021) Kat:3, Licht: 2","161963","3","3","5","10","6","4","","2","1","0","0","0"
"POINT (7.102487806000056 50.718410956000071)","Unfall 161964 (2021) Kat:2, Licht: 2","161964","2","5","8","6","1","5","","2","0","1","0","0"
"POINT (7.130170683000074 50.750010196000062)","Unfall 161966 (2021) Kat:3, Licht: 0","161966","3","3","5","12","13","5","","0","0","1","0","0"
"POINT (7.108654247000061 50.712480283000048)","Unfall 161970 (2021) Kat:3, Licht: 2","161970","3","1","0","1","19","2","","2","1","0","0","0"
"POINT (7.156308515000035 50.679054421000046)","Unfall 161971 (2021) Kat:3, Licht: 0","161971","3","3","5","4","15","5","","0","0","1","0","0"
"POINT (7.098882266000032 50.723306973000035)","Unfall 161974 (2021) Kat:3, Licht: 2","161974","3","5","1","10","6","5","","2","0","1","0","0"