WKT,Name,OBJECTID,UKATEGORIE,UTYP1,UART,UMONAT,USTUNDE,UWOCHENTAG,STRZUSTAND,ULICHTVERH,ISTRAD,ISTPKW,ISTFUSS,ISTKRAD
"POINT (7.124819863000027 50.761093119000066)","Unfall 161979 (2021) Kat:2, Licht: 0","161979","2","3","5","10","17","4","","0","1","1","0","0"
"POINT (7.096801067000058 50.742032250000079)","Unfall 161981 (2021) Kat:3, Licht: 0","161981","3","1","0","4","12","3","","0","0","0","0","1"
"POINT (7.102148640000053 50.716805939000039)","Unfall 161983 (2021) Kat:3, Licht: 1","161983","3","5","1","10","18","7","","1","1","1","0","0"
"POINT (7.096174372000064 50.732701932000055)","Unfall 161987 (2021) Kat:3, Licht: 0","161987","3","1","0","4","16","6","","0","1","0","0","0"
"POINT (7.150925433000054 50.751148325000031)","Unfall 161988 (2021) Kat:3, Licht: 1","161988","3","6","2","11","7","2","","1","0","1","0","0"
"POINT (7.108613439000067 50.712658115000067)","Unfall 161989 (2021) Kat:3, Licht: 0","161989","3","6","2","3","19","2","","0","0","1","0","0"
"POINT (7.158626769000023 50.700012627000035)","Unfall 161990 (2021) Kat:3, Licht: 0","161990","3","5","1","6","17","5","","0","1","1","0","0"
"POINT (7.149099255000067 50.684084143000064)","Unfall 161994 (2021) Kat:3, Licht: 2","161994","3","1","0","10","20","1","","2","1","0","0","0"
"POINT (7.129294268000024 50.731419807000066)","Unfall 161996 (2021) Kat:3, Licht: 0","161996","3","3","5","3","8","4","","0","1","1","0","0"
"POINT (7.156434822000051 50.685346699000036)","Unfall 162000 (2021) Kat:3, Licht: 0","162000","3","2","9","10","8","2","","0","0","1","0","0"
"POINT (7.097342739000055 50.732360184000072)","Unfall 162002 (2021) Kat:2, Licht: 2","162002","2","1","0","9","23","4","","2","1","0","0","0"
"POINT (7.174481364000030 50.747586184000056)","Unfall 162009 (2021) Kat:3, Licht: 0","162009","3","3","5","11","9","3","","0","0","1","0","0"
"POINT (7.112874835000071 50.750119016000042)","Unfall 162013 (2021) Kat:3, Licht: 0","162013","3","3","5","11","14","5","","0","1","1","0","0"
"POINT (7.150686039000050 50.679361146000076)","Unfall 162015 (2021) Kat:3, Licht: 0","162015","3","3","5","9","14","2","","0","1","1","0","0"
"POINT (7.158544268000071 50.683962489000066)","Unfall 162017 (2021) Kat:3, Licht: 0","162017","3","6","2","9","17","4","","0","0","1","0","0"
"POINT (7.125766714000065 50.752121052000064)","Unfall 162019 (2021) Kat:2, Licht: 2","162019","2","5","1","11","18","3","","2","1","0","0","0"
"POINT (7.148690698000053 50.679985701000078)","Unfall 162031 (2021) Kat:3, Licht: 1","162031","3","1","8","12","7","4","","1","1","0","0","0"
"POINT (7.104584844000044 50.716754381000044)","Unfall 162037 (2021) Kat:3, Licht: 2","162037","3","4","6","9","21","3","","2","1","0","1","0"
"POINT (7.138018544000033 50.691753045000041)","Unfall 162039 (2021) Kat:3, Licht: 0","162039","3","2","6","5","14","3","","0","0","0","1","0"
"POINT (7.098690723000061 50.730873275000079)","Unfall 162040 (2021) Kat:3, Licht: 2","162040","3","3","5","10","18","5","","2","0","1","0","0"
"POINT (7.110259863000067 50.716919795000081)","Unfall 162043 (2021) Kat:3, Licht: 0","162043","3","3","5","11","15","3","","0","1","1","0","0"
"POINT (7.160767938000049 50.676985003000027)","Unfall 162044 (2021) Kat:3, Licht: 0","162044","3","4","6","6","17","3","","0","0","1","1","0"
"POINT (7.095062547000055 50.722868939000080)","Unfall 162045 (2021) Kat:3, Licht: 0","162045","3","6","2","3","16","2","","0","0","1","0","0"
"POINT (7.115717305000032 50.738304599000060)","Unfall 162046 (2021) Kat:3, Licht: 2","162046","3","1","0","12","16","1","","2","1","0","0","0"
"POINT (7.136923785000022 50.726000622000072)","Unfall 162049 (2021) Kat:3, Licht: 0","162049","3","1","0","1","14","4","","0","0","1","0","1"
"POINT (7.146262364000052 50.690461288000051)","Unfall 162051 (2021) Kat:3, Licht: 0","162051","3","3","5","10","15","5","","0","0","1","0","0"
"POINT (7.118712477000031 50.705345562000048)","Unfall 162053 (2021) Kat:3, Licht: 0","162053","3","2","6","11","13","3","","0","0","1","1","0"
"POINT (7.161596057000054 50.695554193000078)","Unfall 162055 (2021) Kat:3, Licht: 0","162055","3","3","0","9","16","2","","0","0","1","0","0"
"POINT (7.152616379000051 50.750364099000080)","Unfall 162061 (2021) Kat:3, Licht: 0","162061","3","6","2","9","12","3","","0","0","1","0","0"
"POINT (7.109554250000031 50.725124344000051)","Unfall 162062 (2021) Kat:3, Licht: 0","162062","3","5","1","6","17","5","","0","1","1","0","0"
"POINT (7.159134806000054 50.720771091000074)","Unfall 162064 (2021) Kat:3, Licht: 0","162064","3","5","0","6","19","4","","0","1","1","0","0"
"POINT (7.142766761000075 50.697342257000059)","Unfall 162065 (2021) Kat:3, Licht: 0","162065","3","2","6","3","11","7","","0","0","1","1","0"
"POINT (7.162893502000031 50.697545850000040)","Unfall 162075 (2021) Kat:3, Licht: 0","162075","3","2","5","10","10","4","","0","1","1","0","0"
"POINT (7.099410589000058 50.742341111000030)","Unfall 162076 (2021) Kat:3, Licht: 0","162076","3","5","1","9","9","5","","0","1","1","0","0"
"POINT (7.163964694000072 50.671756888000061)","Unfall 162082 (2021) Kat:3, Licht: 0","162082","3","2","5","6","10","3","","0","0","1","0","0"
"POINT (7.147846775000062 50.691170009000075)","Unfall 162088 (2021) Kat:2, Licht: 0","162088","2","7","0","11","15","3","","0","0","0","0","0"
"POINT (7.100629169000058 50.733276208000063)","Unfall 162094 (2021) Kat:3, Licht: 0","162094","3","2","5","2","16","7","","0","1","1","0","0"
"POINT (7.134568096000066 50.700193033000062)","Unfall 162096 (2021) Kat:3, Licht: 2","162096","3","6","2","11","22","5","","2","0","1","0","0"
"POINT (7.123033732000067 50.739986438000074)","Unfall 162097 (2021) Kat:2, Licht: 0","162097","2","1","0","7","19","1","","0","1","0","0","0"
"POINT (7.106556798000042 50.726242689000060)","Unfall 162099 (2021) Kat:3, Licht: 0","162099","3","3","5","3","12","6","","0","0","1","0","0"
"POINT (7.141048055000056 50.684584883000070)","Unfall 162101 (2021) Kat:3, Licht: 0","162101","3","7","0","5","12","2","","0","0","1","0","0"
"POINT (7.170114587000057 50.683193493000033)","Unfall 162109 (2021) Kat:3, Licht: 0","162109","3","7","0","2","13","5","","0","0","0","1","0"
"POINT (7.135497975000021 50.744247989000030)","Unfall 162112 (2021) Kat:3, Licht: 2","162112","3","4","6","12","23","4","","2","0","1","1","0"
"POINT (7.132755555000074 50.714237147000063)","Unfall 162122 (2021) Kat:3, Licht: 0","162122","3","2","5","10","16","3","","0","0","1","0","0"
"POINT (7.118712477000031 50.705345562000048)","Unfall 162132 (2021) Kat:3, Licht: 0","162132","3","6","0","5","15","5","","0","1","1","0","0"
"POINT (7.097232086000076 50.742086697000047)","Unfall 162140 (2021) Kat:3, Licht: 0","162140","3","4","6","11","15","7","","0","0","1","1","0"
"POINT (7.160987235000050 50.695041856000046)","Unfall 162146 (2021) Kat:3, Licht: 2","162146","3","5","5","1","17","5","","2","1","1","0","0"
"POINT (7.122792862000040 50.739933409000059)","Unfall 162152 (2021) Kat:3, Licht: 0","162152","3","1","0","7","17","1","","0","1","0","0","0"
"POINT (7.108606607000070 50.712687885000037)","Unfall 162155 (2021) Kat:3, Licht: 0","162155","3","4","6","9","7","3","","0","0","1","1","0"
"POINT (7.158315935000076 50.687633078000033)","Unfall 162156 (2021) Kat:2, Licht: 0","162156","2","1","0","5","11","6","","0","1","0","0","0"
"POINT (7.095313943000065 50.732949668000060)","Unfall 162166 (2021) Kat:1, Licht: 2","162166","1","7","6","11","19","3","","2","0","0","1","0"
"POINT (7.105059998000058 50.716903176000073)","Unfall 162167 (2021) Kat:3, Licht: 0","162167","3","3","5","7","7","5","","0","1","1","0","0"
"POINT (7.093310331000055 50.721510428000045)","Unfall 162173 (2021) Kat:3, Licht: 2","162173","3","3","5","5","22","6","","2","1","1","0","0"
"POINT (7.161579061000054 50.680767824000043)","Unfall 162174 (2021) Kat:3, Licht: 1","162174","3","4","6","10","7","2","","1","0","1","1","0"
"POINT (7.184103266000022 50.746891009000080)","Unfall 162178 (2021) Kat:3, Licht: 0","162178","3","3","5","10","15","3","","0","0","1","0","0"
"POINT (7.135808647000033 50.746534506000046)","Unfall 162179 (2021) Kat:3, Licht: 0","162179","3","5","0","7","7","6","","0","1","1","0","0"
"POINT (7.105078500000047 50.716988313000058)","Unfall 162181 (2021) Kat:2, Licht: 0","162181","2","3","3","5","9","5","","0","1","1","0","0"
"POINT (7.097559325000020 50.729688651000060)","Unfall 162184 (2021) Kat:3, Licht: 0","162184","3","3","5","6","16","3","","0","1","1","0","0"
"POINT (7.104223794000063 50.723604313000067)","Unfall 162192 (2021) Kat:3, Licht: 0","162192","3","7","1","3","10","4","","0","1","0","0","0"
"POINT (7.134273945000075 50.694197231000032)","Unfall 162194 (2021) Kat:3, Licht: 0","162194","3","3","0","6","15","6","","0","0","1","0","1"
"POINT (7.154430420000040 50.685605713000029)","Unfall 162197 (2021) Kat:3, Licht: 2","162197","3","1","0","11","21","7","","2","0","0","0","0"
"POINT (7.096628599000042 50.736810822000052)","Unfall 162203 (2021) Kat:3, Licht: 0","162203","3","4","6","10","12","5","","0","0","0","1","0"
"POINT (7.139239923000048 50.696490835000077)","Unfall 162213 (2021) Kat:3, Licht: 1","162213","3","2","6","2","18","4","","1","0","1","1","0"
"POINT (7.126834612000039 50.694038644000045)","Unfall 162218 (2021) Kat:3, Licht: 0","162218","3","7","0","6","13","7","","0","1","0","0","0"
"POINT (7.115886274000047 50.715795369000034)","Unfall 162221 (2021) Kat:2, Licht: 2","162221","2","7","1","11","22","7","","2","1","1","0","0"
"POINT (7.104789604000075 50.730994848000080)","Unfall 162222 (2021) Kat:3, Licht: 0","162222","3","2","5","10","17","5","","0","0","1","0","0"
"POINT (7.097926564000034 50.729329966000080)","Unfall 162225 (2021) Kat:3, Licht: 0","162225","3","2","6","11","12","4","","0","0","0","1","0"
"POINT (7.117188572000032 50.736626461000071)","Unfall 162228 (2021) Kat:3, Licht: 0","162228","3","3","5","10","11","1","","0","0","1","0","0"
"POINT (7.159992542000055 50.696504502000039)","Unfall 162230 (2021) Kat:3, Licht: 0","162230","3","7","1","3","8","3","","0","0","1","0","0"
"POINT (7.169344007000063 50.660942815000055)","Unfall 162233 (2021) Kat:2, Licht: 0","162233","2","3","5","3","13","1","","0","1","1","0","0"
"POINT (7.151247409000064 50.682186687000069)","Unfall 162239 (2021) Kat:3, Licht: 0","162239","3","7","4","9","9","5","","0","1","1","0","0"
"POINT (7.124022702000048 50.739101862000041)","Unfall 162240 (2021) Kat:3, Licht: 0","162240","3","6","0","11","10","3","","0","1","1","0","0"
"POINT (7.168573116000061 50.745881983000061)","Unfall 162244 (2021) Kat:2, Licht: 2","162244","2","1","0","10","0","7","","2","0","0","0","0"
"POINT (7.102215292000039 50.732315902000039)","Unfall 162245 (2021) Kat:2, Licht: 2","162245","2","6","6","9","20","7","","2","0","0","1","0"
"POINT (7.123495408000053 50.717143916000055)","Unfall 162248 (2021) Kat:3, Licht: 0","162248","3","2","6","2","10","3","","0","0","1","1","0"
"POINT (7.094776581000076 50.737879783000039)","Unfall 162250 (2021) Kat:3, Licht: 0","162250","3","1","9","5","19","2","","0","1","0","0","0"
"POINT (7.151949525000020 50.692932236000047)","Unfall 162252 (2021) Kat:3, Licht: 0","162252","3","2","2","5","13","3","","0","0","1","0","0"
"POINT (7.116261763000068 50.715912915000047)","Unfall 162253 (2021) Kat:3, Licht: 1","162253","3","3","5","11","16","3","","1","1","0","0","0"
"POINT (7.109444871000051 50.720408498000040)","Unfall 162254 (2021) Kat:2, Licht: 2","162254","2","1","0","10","7","1","","2","0","0","0","0"
"POINT (7.159416277000048 50.681367073000047)","Unfall 162255 (2021) Kat:3, Licht: 0","162255","3","7","0","4","14","6","","0","0","0","0","0"
"POINT (7.142018634000067 50.684274104000053)","Unfall 162256 (2021) Kat:2, Licht: 0","162256","2","1","0","6","12","2","","0","1","0","0","0"
"POINT (7.097116814000060 50.732435295000073)","Unfall 162257 (2021) Kat:3, Licht: 0","162257","3","1","0","9","9","6","","0","1","0","0","0"
"POINT (7.123265207000031 50.740107180000052)","Unfall 162263 (2021) Kat:3, Licht: 0","162263","3","6","2","9","17","4","","0","0","1","0","0"
"POINT (7.096059813000068 50.739170715000057)","Unfall 162264 (2021) Kat:2, Licht: 0","162264","2","1","0","5","11","7","","0","1","0","0","0"
"POINT (7.106565491000026 50.726234128000044)","Unfall 162265 (2021) Kat:3, Licht: 0","162265","3","3","5","4","16","5","","0","0","1","0","0"
"POINT (7.158253086000059 50.684149591000050)","Unfall 162266 (2021) Kat:3, Licht: 0","162266","3","6","3","9","16","4","","0","0","1","0","1"
"POINT (7.178940886000021 50.666572887000029)","Unfall 162271 (2021) Kat:3, Licht: 2","162271","3","3","0","12","16","4","","2","0","1","0","1"
"POINT (7.115301129000045 50.734847349000063)","Unfall 162276 (2021) Kat:3, Licht: 0","162276","3","3","5","2","15","2","","0","1","1","0","0"
"POINT (7.146241187000044 50.690475897000056)","Unfall 162282 (2021) Kat:3, Licht: 0","162282","3","2","5","6","9","2","","0","0","1","0","0"
"POINT (7.116724090000048 50.737778022000043)","Unfall 162284 (2021) Kat:3, Licht: 0","162284","3","7","0","2","12","5","","0","1","0","0","0"
"POINT (7.108606607000070 50.712687885000037)","Unfall 162293 (2021) Kat:3, Licht: 0","162293","3","1","0","1","12","7","","0","1","0","0","0"
"POINT (7.158495368000047 50.683788986000081)","Unfall 162294 (2021) Kat:2, Licht: 0","162294","2","2","2","4","15","1","","0","0","1","0","0"
"POINT (7.143209175000038 50.733853706000048)","Unfall 162295 (2021) Kat:3, Licht: 0","162295","3","2","2","11","8","6","","0","0","1","0","1"
"POINT (7.101669748000063 50.739148537000062)","Unfall 162297 (2021) Kat:3, Licht: 0","162297","3","3","5","7","17","6","","0","0","1","0","0"
"POINT (7.095695807000027 50.739262759000042)","Unfall 162302 (2021) Kat:3, Licht: 2","162302","3","6","4","6","0","3","","2","1","1","0","0"
"POINT (7.158003935000067 50.692529549000028)","Unfall 162304 (2021) Kat:3, Licht: 0","162304","3","3","5","9","12","3","","0","0","1","0","1"
"POINT (7.098846799000057 50.723166166000055)","Unfall 162307 (2021) Kat:3, Licht: 0","162307","3","5","1","3","8","4","","0","1","1","0","0"
"POINT (7.149620108000022 50.730715836000059)","Unfall 162308 (2021) Kat:3, Licht: 0","162308","3","5","4","11","11","7","","0","1","1","0","0"
"POINT (7.127004461000070 50.699724219000075)","Unfall 162309 (2021) Kat:3, Licht: 0","162309","3","6","4","4","15","5","","0","0","1","0","0"
"POINT (7.162477137000053 50.682488083000067)","Unfall 162311 (2021) Kat:3, Licht: 0","162311","3","3","5","11","15","5","","0","1","1","0","0"
"POINT (7.190619027000025 50.662683915000059)","Unfall 162354 (2021) Kat:3, Licht: 0","162354","3","3","5","4","7","2","","0","1","1","0","0"
"POINT (7.190157943000031 50.660017049000032)","Unfall 162477 (2021) Kat:2, Licht: 2","162477","2","7","0","11","23","6","","2","0","0","1","0"
"POINT (7.190327128000035 50.662975722000056)","Unfall 162563 (2021) Kat:3, Licht: 2","162563","3","4","6","1","17","2","","2","0","1","1","0"
"POINT (7.189207382000063 50.657703946000026)","Unfall 162692 (2021) Kat:3, Licht: 0","162692","3","3","5","1","13","3","","0","0","1","0","0"
"POINT (7.189639917000022 50.663726703000066)","Unfall 162860 (2021) Kat:3, Licht: 0","162860","3","7","0","5","13","4","","0","0","0","0","0"
"POINT (7.195955776000062 50.662354911000079)","Unfall 163269 (2021) Kat:3, Licht: 1","163269","3","7","6","11","16","4","","1","0","1","1","0"
"POINT (7.044226008000066 50.749803484000040)","Unfall 166739 (2021) Kat:3, Licht: 0","166739","3","1","9","8","13","6","","0","0","1","0","0"
"POINT (7.120146234000060 50.741311401000075)","Unfall 166752 (2021) Kat:3, Licht: 0","166752","3","6","2","8","15","2","","0","0","1","0","0"
"POINT (7.096870562000049 50.732506299000079)","Unfall 166785 (2021) Kat:3, Licht: 2","166785","3","6","3","6","4","5","","2","1","1","0","0"
"POINT (7.095650020000051 50.737334376000035)","Unfall 166799 (2021) Kat:3, Licht: 0","166799","3","6","4","5","17","5","","0","1","0","0","0"
"POINT (7.097081029000037 50.732447192000052)","Unfall 166834 (2021) Kat:3, Licht: 0","166834","3","1","0","7","13","7","","0","1","0","0","0"
"POINT (7.052345765000041 50.748873972000069)","Unfall 166848 (2021) Kat:3, Licht: 0","166848","3","2","6","6","9","7","","0","0","1","1","0"
"POINT (7.098461570000040 50.735187454000027)","Unfall 166890 (2021) Kat:3, Licht: 0","166890","3","6","4","8","16","6","","0","1","0","0","0"
"POINT (7.158223438000050 50.746555045000036)","Unfall 166916 (2021) Kat:3, Licht: 0","166916","3","7","0","7","19","5","","0","0","0","0","0"
"POINT (7.115370572000074 50.741295414000035)","Unfall 166962 (2021) Kat:3, Licht: 0","166962","3","7","0","8","18","1","","0","1","0","0","0"
"POINT (7.155607679000070 50.679868260000035)","Unfall 166971 (2021) Kat:3, Licht: 0","166971","3","3","5","7","11","4","","0","0","1","0","0"
"POINT (7.095018757000048 50.734322467000027)","Unfall 167014 (2021) Kat:3, Licht: 0","167014","3","1","0","8","12","2","","0","1","0","0","0"
"POINT (7.070021657000041 50.731174551000038)","Unfall 167051 (2021) Kat:2, Licht: 0","167051","2","3","5","7","17","4","","0","0","1","0","0"
"POINT (7.074772796000047 50.727232898000068)","Unfall 167066 (2021) Kat:3, Licht: 0","167066","3","1","0","8","18","7","","0","1","0","0","0"
"POINT (7.116704433000052 50.735673836000046)","Unfall 167096 (2021) Kat:3, Licht: 0","167096","3","5","1","7","9","3","","0","1","1","0","0"
"POINT (7.051646283000025 50.702265821000026)","Unfall 167106 (2021) Kat:3, Licht: 1","167106","3","3","5","7","5","4","","1","1","1","0","0"
"POINT (7.077778087000070 50.725314608000076)","Unfall 167128 (2021) Kat:3, Licht: 0","167128","3","1","0","7","18","7","","0","1","0","0","0"
"POINT (7.044089077000024 50.739367436000066)","Unfall 167145 (2021) Kat:3, Licht: 2","167145","3","3","5","8","21","2","","2","0","1","0","0"
"POINT (7.133891534000043 50.739671623000049)","Unfall 167180 (2021) Kat:3, Licht: 0","167180","3","7","6","8","13","1","","0","0","1","1","0"
"POINT (7.153205760000048 50.744354931000032)","Unfall 167194 (2021) Kat:2, Licht: 2","167194","2","7","0","7","23","7","","2","1","0","0","0"
"POINT (7.150734245000024 50.719712433000041)","Unfall 167202 (2021) Kat:2, Licht: 0","167202","2","5","1","6","17","7","","0","1","1","0","0"
"POINT (7.079447539000057 50.726204354000060)","Unfall 167226 (2021) Kat:2, Licht: 0","167226","2","1","0","7","12","5","","0","0","0","0","0"
"POINT (7.071313102000033 50.735006678000047)","Unfall 167280 (2021) Kat:3, Licht: 0","167280","3","4","2","7","8","6","","0","1","0","1","0"
"POINT (7.052345765000041 50.748873972000069)","Unfall 167295 (2021) Kat:3, Licht: 2","167295","3","1","0","8","23","5","","2","1","0","0","0"
"POINT (7.099187300000040 50.730737192000049)","Unfall 167310 (2021) Kat:3, Licht: 0","167310","3","1","0","8","15","1","","0","1","0","0","0"
"POINT (7.160348361000047 50.724362535000068)","Unfall 167343 (2021) Kat:3, Licht: 0","167343","3","1","2","8","10","5","","0","0","1","0","0"
"POINT (7.094550485000070 50.754289535000055)","Unfall 167347 (2021) Kat:3, Licht: 0","167347","3","2","5","8","19","4","","0","1","0","0","0"
"POINT (7.123668253000062 50.747635880000075)","Unfall 167359 (2021) Kat:3, Licht: 0","167359","3","3","5","7","12","7","","0","1","1","0","0"
"POINT (7.107813027000020 50.720634720000078)","Unfall 167367 (2021) Kat:2, Licht: 0","167367","2","3","5","7","14","4","","0","1","1","0","0"
"POINT (7.074220353000044 50.726115181000068)","Unfall 167407 (2021) Kat:3, Licht: 0","167407","3","3","5","7","20","6","","0","1","1","0","0"
"POINT (7.069401270000071 50.728555979000078)","Unfall 167440 (2021) Kat:3, Licht: 2","167440","3","4","6","8","21","3","","2","0","1","1","0"
"POINT (7.103677004000076 50.727294627000049)","Unfall 167456 (2021) Kat:3, Licht: 0","167456","3","5","1","4","9","2","","0","1","1","0","0"
"POINT (7.154169112000034 50.703138035000052)","Unfall 167465 (2021) Kat:3, Licht: 0","167465","3","3","5","7","18","5","","0","1","1","0","0"
"POINT (7.120870744000058 50.738779198000032)","Unfall 167492 (2021) Kat:3, Licht: 0","167492","3","3","5","8","17","7","","0","1","1","0","0"
"POINT (7.114406526000039 50.753633728000068)","Unfall 167535 (2021) Kat:2, Licht: 2","167535","2","1","0","6","23","3","","2","0","0","0","0"
"POINT (7.085811388000025 50.723672221000072)","Unfall 167547 (2021) Kat:3, Licht: 0","167547","3","7","0","7","18","4","","0","1","1","0","0"
"POINT (7.041002058000061 50.742738966000047)","Unfall 167573 (2021) Kat:3, Licht: 0","167573","3","1","0","4","19","4","","0","0","0","0","1"
"POINT (7.143518367000070 50.745492940000076)","Unfall 167586 (2021) Kat:3, Licht: 0","167586","3","6","2","8","11","3","","0","0","1","0","0"
"POINT (7.115110021000021 50.740425644000027)","Unfall 167621 (2021) Kat:3, Licht: 0","167621","3","2","5","8","9","2","","0","0","1","0","0"
"POINT (7.105489891000047 50.736558167000055)","Unfall 167669 (2021) Kat:3, Licht: 1","167669","3","1","0","8","21","5","","1","1","0","0","0"
"POINT (7.158019803000059 50.695594968000080)","Unfall 167680 (2021) Kat:3, Licht: 0","167680","3","6","2","4","14","1","","0","0","1","0","1"
"POINT (7.164589790000036 50.727962293000076)","Unfall 167722 (2021) Kat:3, Licht: 0","167722","3","6","3","8","9","4","","0","1","1","0","0"
"POINT (7.058862997000062 50.735647433000054)","Unfall 167752 (2021) Kat:3, Licht: 0","167752","3","6","2","8","16","2","","0","0","1","0","0"
"POINT (7.093954066000038 50.738383407000072)","Unfall 167777 (2021) Kat:3, Licht: 2","167777","3","6","6","6","0","4","","2","1","0","1","0"
"POINT (7.138417134000065 50.694393261000073)","Unfall 167788 (2021) Kat:3, Licht: 0","167788","3","1","1","4","12","5","","0","0","1","1","0"
"POINT (7.042399259000035 50.749052443000039)","Unfall 167792 (2021) Kat:3, Licht: 0","167792","3","4","6","8","18","1","","0","0","1","1","0"
"POINT (7.149098949000063 50.720585589000052)","Unfall 167815 (2021) Kat:3, Licht: 0","167815","3","7","3","8","15","2","","0","0","1","0","1"
"POINT (7.031846513000062 50.710750925000070)","Unfall 169948 (2021) Kat:3, Licht: 0","169948","3","3","0","8","9","3","","0","0","1","0","0"
"POINT (7.121408475000067 50.739618287000042)","Unfall 169951 (2021) Kat:3, Licht: 1","169951","3","1","0","8","5","4","","1","1","0","0","0"
"POINT (7.047912400000030 50.714658174000078)","Unfall 169990 (2021) Kat:3, Licht: 0","169990","3","4","6","8","12","2","","0","1","0","1","0"
"POINT (7.153604888000075 50.723410048000062)","Unfall 170013 (2021) Kat:3, Licht: 0","170013","3","1","0","4","13","2","","0","0","0","0","1"
"POINT (7.049892266000029 50.707215370000029)","Unfall 170029 (2021) Kat:2, Licht: 0","170029","2","1","0","7","10","6","","0","1","0","0","0"
"POINT (7.153230903000065 50.684071882000069)","Unfall 170063 (2021) Kat:3, Licht: 0","170063","3","4","6","4","11","2","","0","0","1","1","0"
"POINT (7.134148949000064 50.694308373000069)","Unfall 170113 (2021) Kat:3, Licht: 0","170113","3","3","5","6","7","2","","0","1","1","0","0"
"POINT (7.101233652000076 50.734791239000060)","Unfall 170158 (2021) Kat:3, Licht: 0","170158","3","6","0","7","9","3","","0","1","0","1","0"
"POINT (7.052228124000067 50.704114863000029)","Unfall 170160 (2021) Kat:3, Licht: 0","170160","3","6","2","6","5","5","","0","0","1","0","0"
"POINT (7.108793125000034 50.713560833000031)","Unfall 170184 (2021) Kat:3, Licht: 0","170184","3","6","3","8","12","6","","0","1","1","0","0"
"POINT (7.113495488000069 50.740149812000027)","Unfall 170197 (2021) Kat:3, Licht: 0","170197","3","7","2","8","11","2","","0","1","1","0","0"
"POINT (7.094110201000035 50.747650550000060)","Unfall 170205 (2021) Kat:3, Licht: 2","170205","3","7","0","6","22","3","","2","1","0","0","0"
"POINT (7.162587124000027 50.693058238000049)","Unfall 170207 (2021) Kat:3, Licht: 0","170207","3","5","2","7","16","1","","0","1","1","0","0"
"POINT (7.059200987000054 50.703779291000046)","Unfall 170270 (2021) Kat:3, Licht: 2","170270","3","1","9","8","1","3","","2","0","1","0","0"
"POINT (7.123422891000075 50.717206263000037)","Unfall 170280 (2021) Kat:3, Licht: 0","170280","3","2","5","7","15","3","","0","0","1","0","1"
"POINT (7.049715089000074 50.709683947000030)","Unfall 170282 (2021) Kat:3, Licht: 0","170282","3","7","0","8","14","1","","0","0","0","0","0"
"POINT (7.153408192000029 50.675089233000051)","Unfall 170317 (2021) Kat:3, Licht: 0","170317","3","2","5","8","18","5","","0","0","1","0","0"
"POINT (7.107919114000026 50.716736208000043)","Unfall 170363 (2021) Kat:3, Licht: 0","170363","3","3","5","8","11","1","","0","1","0","0","1"
"POINT (7.128990075000047 50.718825313000082)","Unfall 170435 (2021) Kat:2, Licht: 0","170435","2","4","6","6","13","1","","0","0","1","1","0"
"POINT (7.173852301000068 50.674103806000062)","Unfall 170485 (2021) Kat:3, Licht: 2","170485","3","6","2","8","21","5","","2","0","1","0","0"
"POINT (7.125337120000040 50.718032972000060)","Unfall 170529 (2021) Kat:3, Licht: 0","170529","3","7","0","2","10","1","","0","0","0","1","0"
"POINT (7.112860518000048 50.704302875000053)","Unfall 170565 (2021) Kat:3, Licht: 0","170565","3","3","0","8","13","6","","0","1","1","0","0"
"POINT (7.152794501000074 50.726498998000068)","Unfall 170568 (2021) Kat:3, Licht: 0","170568","3","4","6","8","7","6","","0","1","0","1","0"
"POINT (7.084421273000032 50.693874143000073)","Unfall 170575 (2021) Kat:3, Licht: 0","170575","3","6","2","8","16","7","","0","0","1","0","0"
"POINT (7.141998298000033 50.705267983000056)","Unfall 170651 (2021) Kat:3, Licht: 0","170651","3","6","2","8","12","6","","0","0","1","0","0"
"POINT (7.052411331000030 50.748670977000074)","Unfall 170658 (2021) Kat:3, Licht: 0","170658","3","6","2","8","18","2","","0","0","1","0","0"
"POINT (7.051624344000061 50.713695264000080)","Unfall 170697 (2021) Kat:3, Licht: 0","170697","3","7","1","7","9","5","","0","1","1","0","0"
"POINT (7.167531551000025 50.750614524000071)","Unfall 170735 (2021) Kat:3, Licht: 0","170735","3","7","9","7","19","5","","0","0","1","0","0"
"POINT (7.134568096000066 50.700193033000062)","Unfall 170778 (2021) Kat:3, Licht: 0","170778","3","6","2","8","17","3","","0","0","1","0","0"
"POINT (7.170185001000050 50.677274554000064)","Unfall 170803 (2021) Kat:3, Licht: 0","170803","3","6","2","8","12","3","","0","1","0","0","0"
"POINT (7.030466387000047 50.712532248000059)","Unfall 170814 (2021) Kat:3, Licht: 0","170814","3","6","2","8","12","4","","0","0","1","0","0"
"POINT (7.163103562000060 50.682069616000035)","Unfall 170825 (2021) Kat:3, Licht: 2","170825","3","1","9","8","2","3","","2","0","1","0","0"
"POINT (7.062374130000023 50.747122977000060)","Unfall 170908 (2021) Kat:3, Licht: 0","170908","3","6","2","8","13","5","","0","0","1","0","0"