WKT,Name,OBJECTID,UKATEGORIE,UTYP1,UART,UMONAT,USTUNDE,UWOCHENTAG,STRZUSTAND,ULICHTVERH,ISTRAD,ISTPKW,ISTFUSS,ISTKRAD
"POINT (7.108606607000070 50.712687885000037)","Unfall 170935 (2021) Kat:3, Licht: 0","170935","3","7","0","8","16","1","","0","0","0","0","0"
"POINT (7.060171971000045 50.726755180000055)","Unfall 234322 (2021) Kat:3, Licht: 0","234322","3","1","0","6","14","6","","0","1","0","0","0"
"POINT (7.082119757000044 50.762322862000076)","Unfall 234334 (2021) Kat:3, Licht: 0","234334","3","1","0","10","11","5","","0","1","0","0","0"
"POINT (7.090039226000044 50.703669136000030)","Unfall 234341 (2021) Kat:3, Licht: 0","234341","3","1","0","2","10","3","","0","1","0","0","0"
"POINT (7.095412198000076 50.754338260000054)","Unfall 234344 (2021) Kat:3, Licht: 0","234344","3","6","4","6","7","4","","0","1","0","0","0"
"POINT (7.105155413000034 50.742809309000052)","Unfall 234352 (2021) Kat:3, Licht: 0","234352","3","4","6","10","16","2","","0","1","0","1","0"
"POINT (7.105219670000054 50.742897674000062)","Unfall 234353 (2021) Kat:3, Licht: 0","234353","3","4","6","9","16","3","","0","1","0","1","0"
"POINT (7.109929054000077 50.760091565000039)","Unfall 234355 (2021) Kat:3, Licht: 0","234355","3","1","4","6","13","2","","0","1","0","0","1"
"POINT (7.110625943000059 50.753653990000032)","Unfall 234356 (2021) Kat:3, Licht: 0","234356","3","1","0","9","14","6","","0","1","0","0","0"
"POINT (7.112087606000046 50.744580526000050)","Unfall 234358 (2021) Kat:3, Licht: 0","234358","3","6","6","2","12","2","","0","1","0","1","0"
"POINT (7.113200857000038 50.738459877000082)","Unfall 234359 (2021) Kat:3, Licht: 0","234359","3","6","4","6","17","3","","0","1","0","0","0"
"POINT (7.113221107000072 50.755380279000065)","Unfall 234360 (2021) Kat:3, Licht: 2","234360","3","6","0","9","5","4","","2","1","0","1","0"
"POINT (7.113712519000046 50.673368953000079)","Unfall 234362 (2021) Kat:3, Licht: 0","234362","3","7","0","10","17","6","","0","1","0","0","0"
"POINT (7.116821129000073 50.724226458000032)","Unfall 234367 (2021) Kat:3, Licht: 0","234367","3","6","2","5","18","2","","0","1","0","0","0"
"POINT (7.119588246000035 50.722505451000075)","Unfall 234368 (2021) Kat:3, Licht: 0","234368","3","6","0","9","16","5","","0","1","0","0","0"
"POINT (7.122950910000043 50.726278778000051)","Unfall 234369 (2021) Kat:3, Licht: 0","234369","3","6","3","2","17","4","","0","1","0","0","0"
"POINT (7.123504672000024 50.743290214000069)","Unfall 234370 (2021) Kat:3, Licht: 1","234370","3","3","5","4","20","6","","1","1","0","0","0"
"POINT (7.126503766000042 50.740076786000031)","Unfall 234371 (2021) Kat:2, Licht: 1","234371","2","1","9","4","19","7","","1","1","0","0","0"
"POINT (7.130135931000041 50.742703833000064)","Unfall 234374 (2021) Kat:3, Licht: 2","234374","3","1","0","12","19","5","","2","1","0","0","0"
"POINT (7.131648551000069 50.716169125000079)","Unfall 234376 (2021) Kat:3, Licht: 0","234376","3","7","0","6","12","4","","0","1","0","0","0"
"POINT (7.139859927000032 50.758435044000066)","Unfall 234379 (2021) Kat:3, Licht: 2","234379","3","6","3","6","22","4","","2","1","0","0","0"
"POINT (7.142782812000064 50.711129137000057)","Unfall 234381 (2021) Kat:3, Licht: 0","234381","3","7","0","4","16","6","","0","1","0","0","0"
"POINT (7.143565051000053 50.717465074000074)","Unfall 234382 (2021) Kat:3, Licht: 0","234382","3","7","0","5","16","1","","0","1","0","1","0"
"POINT (7.144270226000060 50.711707748000038)","Unfall 234384 (2021) Kat:3, Licht: 0","234384","3","1","4","9","8","6","","0","1","0","0","0"
"POINT (7.144422876000021 50.719521200000031)","Unfall 234385 (2021) Kat:3, Licht: 0","234385","3","6","2","10","8","3","","0","1","0","0","0"
"POINT (7.146547024000029 50.725815989000068)","Unfall 234387 (2021) Kat:3, Licht: 0","234387","3","3","5","9","16","6","","0","1","0","0","0"
"POINT (7.147463692000031 50.718832118000080)","Unfall 234391 (2021) Kat:3, Licht: 2","234391","3","1","0","7","0","7","","2","1","0","0","0"
"POINT (7.150496812000029 50.717788972000051)","Unfall 234392 (2021) Kat:3, Licht: 0","234392","3","6","6","3","18","3","","0","1","0","1","0"
"POINT (7.152154709000058 50.755220763000068)","Unfall 234395 (2021) Kat:3, Licht: 0","234395","3","6","0","3","13","6","","0","1","0","1","0"
"POINT (7.152416517000063 50.712565701000074)","Unfall 234396 (2021) Kat:2, Licht: 0","234396","2","3","5","4","16","3","","0","1","0","0","0"
"POINT (7.155015867000031 50.716060097000081)","Unfall 234399 (2021) Kat:3, Licht: 0","234399","3","2","2","11","13","3","","0","1","0","0","0"
"POINT (7.166817145000039 50.700941166000064)","Unfall 234407 (2021) Kat:2, Licht: 0","234407","2","6","4","3","13","3","","0","1","0","0","0"
"POINT (7.166822964000062 50.700923520000060)","Unfall 234408 (2021) Kat:3, Licht: 0","234408","3","6","4","3","17","3","","0","1","0","0","0"
"POINT (7.167299925000066 50.708224252000036)","Unfall 234409 (2021) Kat:3, Licht: 0","234409","3","6","4","3","16","4","","0","1","0","0","0"
"POINT (7.167963971000063 50.693036397000071)","Unfall 234410 (2021) Kat:3, Licht: 0","234410","3","7","0","9","15","3","","0","1","0","0","0"
"POINT (7.170620339000038 50.682714915000076)","Unfall 234414 (2021) Kat:3, Licht: 0","234414","3","5","1","11","16","5","","0","1","0","0","0"
"POINT (7.180728692000059 50.730140713000026)","Unfall 234419 (2021) Kat:2, Licht: 0","234419","2","1","0","7","10","7","","0","1","0","0","0"
"POINT (7.181623048000063 50.678394885000046)","Unfall 234420 (2021) Kat:3, Licht: 0","234420","3","6","0","5","12","1","","0","1","0","0","1"
"POINT (7.197568708000063 50.660656533000065)","Unfall 234431 (2021) Kat:3, Licht: 0","234431","3","7","0","2","13","1","","0","1","0","0","0"
"POINT (7.206264474000022 50.650015517000043)","Unfall 234437 (2021) Kat:3, Licht: 0","234437","3","7","0","2","15","1","","0","1","0","1","0"
"POINT (7.192732705000026 50.665643637000073)","Unfall 234817 (2021) Kat:3, Licht: 0","234817","3","6","4","8","18","7","","0","1","0","0","0"
"POINT (7.112439477000066 50.688603315000080)","Unfall 234818 (2021) Kat:3, Licht: 0","234818","3","1","4","8","8","7","","0","1","1","0","0"
"POINT (7.060046527000054 50.696626699000035)","Unfall 234819 (2021) Kat:3, Licht: 0","234819","3","7","0","6","9","7","","0","1","0","1","0"
"POINT (7.166800960000046 50.708764519000056)","Unfall 234822 (2021) Kat:3, Licht: 2","234822","3","5","1","8","23","7","","2","1","1","0","0"
"POINT (7.133345738000060 50.742299194000054)","Unfall 234825 (2021) Kat:2, Licht: 0","234825","2","1","0","8","14","4","","0","1","0","0","0"
"POINT (7.170239515000048 50.693171990000053)","Unfall 234997 (2021) Kat:3, Licht: 0","234997","3","4","6","5","16","7","","0","1","0","1","0"
"POINT (7.121011604000046 50.676774188000081)","Unfall 235012 (2021) Kat:3, Licht: 0","235012","3","2","5","4","9","2","","0","1","1","0","0"
"POINT (7.152718035000021 50.716722896000078)","Unfall 235015 (2021) Kat:2, Licht: 2","235015","2","1","0","8","22","4","","2","1","0","0","0"
"POINT (7.078482575000070 50.741430198000003)","Unfall 22442 (2022) Kat:3, Licht: 2","22442","3","2","6","01","07","3","","2","0","1","1","0"
"POINT (7.105587503000040 50.734742287000103)","Unfall 22618 (2022) Kat:3, Licht: 0","22618","3","7","0","01","10","2","","0","0","1","0","1"
"POINT (7.105741317000020 50.737663374000100)","Unfall 23175 (2022) Kat:3, Licht: 0","23175","3","2","5","01","09","5","","0","1","1","0","0"
"POINT (7.115645624000020 50.739045363999999)","Unfall 23468 (2022) Kat:3, Licht: 2","23468","3","1","0","01","03","7","","2","0","0","0","0"
"POINT (7.082906612000040 50.732508258999999)","Unfall 23599 (2022) Kat:3, Licht: 0","23599","3","2","5","01","15","4","","0","0","1","0","0"
"POINT (7.143696959000070 50.717824709000098)","Unfall 24000 (2022) Kat:3, Licht: 2","24000","3","6","3","01","20","2","","2","1","0","0","1"
"POINT (7.134833457000070 50.742616591999997)","Unfall 24135 (2022) Kat:2, Licht: 2","24135","2","4","6","01","05","4","","2","0","1","1","0"
"POINT (7.067204074000070 50.740021936000097)","Unfall 24256 (2022) Kat:2, Licht: 0","24256","2","1","0","01","16","2","","0","1","0","0","0"
"POINT (7.084456666000050 50.709427447000103)","Unfall 24694 (2022) Kat:2, Licht: 2","24694","2","6","8","01","17","5","","2","0","1","0","0"
"POINT (7.086777838000050 50.733678102000098)","Unfall 24844 (2022) Kat:3, Licht: 2","24844","3","4","6","01","19","4","","2","0","1","1","0"
"POINT (7.174756104000040 50.665807028000103)","Unfall 24966 (2022) Kat:3, Licht: 2","24966","3","1","8","01","21","6","","2","0","1","0","0"
"POINT (7.106757154000040 50.732687444000099)","Unfall 24970 (2022) Kat:3, Licht: 0","24970","3","6","3","01","13","4","","0","0","1","0","0"
"POINT (7.074529107000050 50.732250573000002)","Unfall 25030 (2022) Kat:3, Licht: 0","25030","3","6","2","01","15","3","","0","0","1","0","0"
"POINT (7.064911656000050 50.719405939000097)","Unfall 25031 (2022) Kat:3, Licht: 1","25031","3","3","5","01","07","5","","1","1","1","0","0"
"POINT (7.142053628000040 50.746113291000000)","Unfall 25035 (2022) Kat:3, Licht: 2","25035","3","6","2","01","06","6","","2","0","1","0","0"
"POINT (7.103262841000060 50.737557706000104)","Unfall 25040 (2022) Kat:3, Licht: 0","25040","3","7","0","01","11","2","","0","1","0","1","0"
"POINT (7.150255258000070 50.752176083999998)","Unfall 25075 (2022) Kat:3, Licht: 2","25075","3","6","2","01","18","6","","2","0","1","0","0"
"POINT (7.143767015000040 50.752140775000001)","Unfall 25086 (2022) Kat:3, Licht: 0","25086","3","6","2","01","13","5","","0","0","1","0","0"
"POINT (7.163179086000070 50.680294828000100)","Unfall 25207 (2022) Kat:3, Licht: 2","25207","3","1","9","01","22","1","","2","0","1","0","0"
"POINT (7.089960111000040 50.724148739999997)","Unfall 25232 (2022) Kat:2, Licht: 0","25232","2","4","6","01","11","2","","0","0","1","1","0"
"POINT (7.082272349000050 50.747632098000103)","Unfall 25338 (2022) Kat:3, Licht: 2","25338","3","3","5","01","20","5","","2","1","1","0","0"
"POINT (7.058629887000050 50.719969826000103)","Unfall 25458 (2022) Kat:2, Licht: 0","25458","2","7","0","01","11","7","","0","0","0","0","0"
"POINT (7.114039666000050 50.722312073000097)","Unfall 25478 (2022) Kat:3, Licht: 0","25478","3","6","2","01","09","1","","0","0","1","0","0"
"POINT (7.131046062000050 50.706980651999999)","Unfall 25523 (2022) Kat:3, Licht: 2","25523","3","6","2","01","06","5","","2","0","1","0","0"
"POINT (7.047069467000030 50.739850944000104)","Unfall 25577 (2022) Kat:3, Licht: 2","25577","3","4","6","01","07","5","","2","0","1","1","0"
"POINT (7.085915522000050 50.718300169000003)","Unfall 25587 (2022) Kat:3, Licht: 0","25587","3","1","0","01","15","7","","0","1","0","0","0"
"POINT (7.072878550000040 50.753195364000099)","Unfall 25681 (2022) Kat:3, Licht: 0","25681","3","7","5","01","15","3","","0","0","1","0","0"
"POINT (7.131235694000050 50.706837587000102)","Unfall 25724 (2022) Kat:3, Licht: 2","25724","3","6","2","01","06","5","","2","0","1","0","0"
"POINT (7.038587953000050 50.714586199000102)","Unfall 25849 (2022) Kat:3, Licht: 2","25849","3","2","6","01","18","3","","2","0","1","1","0"
"POINT (7.137052698000050 50.701100619000002)","Unfall 25854 (2022) Kat:3, Licht: 2","25854","3","6","2","01","23","1","","2","0","1","0","0"
"POINT (7.050585608000060 50.739722241000003)","Unfall 25957 (2022) Kat:3, Licht: 2","25957","3","5","1","01","07","3","","2","1","1","0","0"
"POINT (7.135096329000020 50.702990494000097)","Unfall 26039 (2022) Kat:3, Licht: 2","26039","3","3","5","02","22","3","","2","0","1","0","0"
"POINT (7.134523136000040 50.731919183000102)","Unfall 26200 (2022) Kat:3, Licht: 0","26200","3","3","5","01","14","2","","0","1","1","0","0"
"POINT (7.078134730000040 50.739054748999997)","Unfall 26202 (2022) Kat:3, Licht: 0","26202","3","3","5","02","09","3","","0","0","1","0","0"
"POINT (7.090656262000040 50.734268321000101)","Unfall 26232 (2022) Kat:3, Licht: 0","26232","3","3","5","02","15","6","","0","1","1","0","0"
"POINT (7.050825708000050 50.716460695000102)","Unfall 26287 (2022) Kat:3, Licht: 0","26287","3","6","2","01","14","4","","0","0","1","0","0"
"POINT (7.071316784000030 50.693578337000098)","Unfall 26344 (2022) Kat:3, Licht: 2","26344","3","3","5","02","19","4","","2","1","1","0","0"
"POINT (7.121365377000070 50.742051936999999)","Unfall 26359 (2022) Kat:3, Licht: 0","26359","3","3","5","02","12","7","","0","1","1","0","0"
"POINT (7.167734153000030 50.677759616000102)","Unfall 26424 (2022) Kat:3, Licht: 0","26424","3","6","3","01","12","5","","0","0","1","0","0"
"POINT (7.122782654000050 50.743765885000101)","Unfall 26443 (2022) Kat:3, Licht: 2","26443","3","2","5","01","20","2","","2","0","1","0","0"
"POINT (7.164512167000050 50.679551228000001)","Unfall 26612 (2022) Kat:2, Licht: 0","26612","2","6","2","01","13","7","","0","0","1","0","0"
"POINT (7.081852978000030 50.737531922000102)","Unfall 26620 (2022) Kat:3, Licht: 2","26620","3","3","5","01","17","7","","2","0","1","0","0"
"POINT (7.070348002000060 50.747674412999999)","Unfall 26773 (2022) Kat:3, Licht: 0","26773","3","6","2","02","07","4","","0","0","1","0","0"
"POINT (7.174780920000050 50.665774593000002)","Unfall 26826 (2022) Kat:3, Licht: 0","26826","3","2","5","02","07","3","","0","1","0","0","0"
"POINT (7.179099227000050 50.667323310000000)","Unfall 26860 (2022) Kat:3, Licht: 0","26860","3","3","5","01","12","3","","0","0","1","0","1"
"POINT (7.103876433000040 50.737263951999999)","Unfall 26893 (2022) Kat:3, Licht: 1","26893","3","2","5","02","17","5","","1","1","1","0","0"
"POINT (7.102020305000050 50.739493867000100)","Unfall 26908 (2022) Kat:3, Licht: 0","26908","3","3","5","01","09","2","","0","1","1","0","0"
"POINT (7.092780054000060 50.745693453000101)","Unfall 26968 (2022) Kat:3, Licht: 0","26968","3","2","2","01","15","5","","0","0","1","0","0"
"POINT (7.058588486000080 50.633360990000000)","Unfall 27029 (2022) Kat:3, Licht: 2","27029","3","2","1","02","06","3","","2","0","1","0","0"
"POINT (7.119826648000070 50.740714429000001)","Unfall 27038 (2022) Kat:3, Licht: 0","27038","3","6","2","01","15","6","","0","0","1","0","1"
"POINT (7.149994749000030 50.752165763000100)","Unfall 27141 (2022) Kat:3, Licht: 0","27141","3","6","2","02","08","5","","0","0","1","0","0"
"POINT (7.093065831000050 50.733663394000097)","Unfall 27178 (2022) Kat:3, Licht: 0","27178","3","2","1","01","09","2","","0","0","1","0","0"
"POINT (7.114922584000060 50.760484915000099)","Unfall 27179 (2022) Kat:3, Licht: 0","27179","3","6","2","02","13","3","","0","0","1","0","0"
"POINT (7.099232262000040 50.746999013000000)","Unfall 27520 (2022) Kat:3, Licht: 0","27520","3","7","0","02","16","5","","0","0","0","0","0"
"POINT (7.130310677000070 50.736800881000100)","Unfall 27562 (2022) Kat:3, Licht: 0","27562","3","2","5","03","09","5","","0","1","1","0","0"
"POINT (7.146389554000050 50.692741345999998)","Unfall 27588 (2022) Kat:3, Licht: 1","27588","3","1","8","02","17","4","","1","0","1","0","0"
"POINT (7.182718097000080 50.668932204999997)","Unfall 27657 (2022) Kat:3, Licht: 2","27657","3","6","2","03","20","6","","2","0","1","0","0"
"POINT (7.078116950000040 50.750085684000098)","Unfall 27677 (2022) Kat:3, Licht: 0","27677","3","6","3","02","12","7","","0","0","1","0","1"
"POINT (7.154250027000050 50.751110214000100)","Unfall 27722 (2022) Kat:3, Licht: 0","27722","3","3","5","03","17","3","","0","1","1","0","0"
"POINT (7.113963952000060 50.722398038999998)","Unfall 27746 (2022) Kat:3, Licht: 0","27746","3","3","5","02","12","1","","0","0","1","0","0"
"POINT (7.061580330000030 50.676364794999998)","Unfall 27859 (2022) Kat:3, Licht: 0","27859","3","1","9","03","08","1","","0","0","1","0","0"
"POINT (7.146995442000050 50.679936687000101)","Unfall 27891 (2022) Kat:3, Licht: 0","27891","3","6","2","03","07","5","","0","0","1","0","0"
"POINT (7.134971206000050 50.703486163000001)","Unfall 27954 (2022) Kat:3, Licht: 0","27954","3","6","2","02","12","4","","0","0","1","0","0"
"POINT (7.151308361000080 50.688186559000002)","Unfall 27960 (2022) Kat:3, Licht: 0","27960","3","6","2","02","13","6","","0","0","1","0","0"
"POINT (7.098460964000030 50.756051986000003)","Unfall 28002 (2022) Kat:3, Licht: 0","28002","3","6","2","02","15","4","","0","0","1","0","0"
"POINT (7.092293011000040 50.745453344000097)","Unfall 28016 (2022) Kat:3, Licht: 0","28016","3","4","6","02","16","2","","0","1","0","1","0"
"POINT (7.090288519000070 50.743966462000103)","Unfall 28134 (2022) Kat:3, Licht: 0","28134","3","7","0","02","15","4","","0","1","1","0","0"
"POINT (7.048286276000060 50.653191682000099)","Unfall 28150 (2022) Kat:3, Licht: 2","28150","3","1","8","02","22","7","","2","0","1","0","0"
"POINT (7.110415392000050 50.738259728000102)","Unfall 28169 (2022) Kat:3, Licht: 2","28169","3","6","4","02","19","3","","2","1","0","0","0"
"POINT (7.139251907000070 50.744399601000097)","Unfall 28186 (2022) Kat:3, Licht: 0","28186","3","3","5","02","11","3","","0","1","1","0","0"
"POINT (7.153319249000050 50.686439776999997)","Unfall 28251 (2022) Kat:3, Licht: 2","28251","3","2","5","02","22","7","","2","1","1","0","0"
"POINT (7.131614276000050 50.706549698000103)","Unfall 28382 (2022) Kat:3, Licht: 2","28382","3","3","5","02","20","6","","2","0","1","0","0"
"POINT (7.178816382000040 50.742776210000002)","Unfall 28438 (2022) Kat:3, Licht: 1","28438","3","2","6","03","07","5","","1","0","1","1","0"
"POINT (7.111484892000020 50.725735252000000)","Unfall 28440 (2022) Kat:3, Licht: 2","28440","3","4","6","03","23","4","","2","0","1","1","0"
"POINT (7.148281717000030 50.691492498000102)","Unfall 28452 (2022) Kat:2, Licht: 0","28452","2","2","5","02","16","1","","0","1","1","0","0"
"POINT (7.133042801000040 50.705261198000102)","Unfall 28461 (2022) Kat:3, Licht: 0","28461","3","6","2","03","13","1","","0","0","1","0","0"
"POINT (7.105899225000030 50.737686527000101)","Unfall 28608 (2022) Kat:3, Licht: 0","28608","3","2","5","03","15","3","","0","1","1","0","0"
"POINT (7.124045780000070 50.745947842000099)","Unfall 28617 (2022) Kat:3, Licht: 0","28617","3","6","2","03","16","5","","0","0","1","0","0"
"POINT (7.103958863000060 50.737184506000098)","Unfall 28635 (2022) Kat:3, Licht: 0","28635","3","2","5","03","13","7","","0","1","1","0","0"
"POINT (7.098548347000080 50.737538984000103)","Unfall 28663 (2022) Kat:3, Licht: 0","28663","3","6","2","02","17","2","","0","0","1","0","0"
"POINT (7.130090404000040 50.707532646000097)","Unfall 28709 (2022) Kat:3, Licht: 0","28709","3","6","2","03","13","4","","0","0","1","0","0"
"POINT (7.090457974000060 50.736624415000101)","Unfall 28751 (2022) Kat:3, Licht: 0","28751","3","5","1","02","17","2","","0","1","1","0","0"
"POINT (7.103897723000050 50.737244014000098)","Unfall 28785 (2022) Kat:3, Licht: 0","28785","3","2","6","03","09","6","","0","0","1","1","0"
"POINT (7.066845757000070 50.710451019000097)","Unfall 28874 (2022) Kat:3, Licht: 2","28874","3","7","0","03","18","3","","2","0","0","0","0"
"POINT (7.086070276000040 50.735950784000103)","Unfall 28900 (2022) Kat:2, Licht: 0","28900","2","2","5","03","16","3","","0","1","1","0","0"
"POINT (7.086040402000040 50.735852647000101)","Unfall 28945 (2022) Kat:3, Licht: 2","28945","3","6","3","02","19","3","","2","1","0","0","0"
"POINT (7.101765311000070 50.757805572999999)","Unfall 28946 (2022) Kat:3, Licht: 0","28946","3","6","2","03","15","6","","0","0","1","0","0"
"POINT (7.058761769000060 50.720024414000100)","Unfall 29125 (2022) Kat:3, Licht: 0","29125","3","4","6","02","07","4","","0","1","0","1","0"
"POINT (7.158473001000060 50.753042231000101)","Unfall 29198 (2022) Kat:3, Licht: 2","29198","3","2","5","03","18","4","","2","0","1","0","0"
"POINT (7.169936778000020 50.717818733000101)","Unfall 29244 (2022) Kat:3, Licht: 0","29244","3","6","2","03","17","3","","0","0","1","0","0"
"POINT (7.095013335000030 50.730052145999998)","Unfall 29286 (2022) Kat:3, Licht: 0","29286","3","6","2","03","10","2","","0","0","0","0","0"
"POINT (7.141360327000030 50.697077225999998)","Unfall 29380 (2022) Kat:3, Licht: 0","29380","3","6","2","02","15","2","","0","0","1","0","0"
"POINT (7.067611533000050 50.710447307000003)","Unfall 29408 (2022) Kat:3, Licht: 0","29408","3","6","2","03","16","7","","0","0","1","0","0"
"POINT (7.119548452000060 50.717713645000103)","Unfall 29539 (2022) Kat:2, Licht: 0","29539","2","6","2","03","17","5","","0","0","1","0","1"
"POINT (7.085742053000050 50.745462101999998)","Unfall 29638 (2022) Kat:3, Licht: 0","29638","3","2","0","02","15","2","","0","1","0","0","0"
"POINT (7.075615758000030 50.730625938000102)","Unfall 29664 (2022) Kat:2, Licht: 0","29664","2","6","2","03","12","7","","0","0","1","0","0"
"POINT (7.168280752000040 50.677449021000001)","Unfall 29744 (2022) Kat:3, Licht: 0","29744","3","6","2","02","17","2","","0","0","1","0","0"
"POINT (7.153203675000040 50.686353797999999)","Unfall 29759 (2022) Kat:2, Licht: 0","29759","2","1","0","02","15","3","","0","1","0","0","0"
"POINT (7.134349232000030 50.742423566000099)","Unfall 29761 (2022) Kat:3, Licht: 0","29761","3","2","5","02","10","4","","0","1","0","0","0"
"POINT (7.115885477000060 50.738944523000001)","Unfall 29778 (2022) Kat:3, Licht: 2","29778","3","1","0","02","02","7","","2","1","0","0","0"
"POINT (7.135525715000030 50.702943271000002)","Unfall 29792 (2022) Kat:3, Licht: 0","29792","3","6","2","03","16","3","","0","0","1","0","0"
"POINT (7.074811508000040 50.741418267000000)","Unfall 29801 (2022) Kat:3, Licht: 0","29801","3","2","5","03","16","5","","0","0","1","0","0"
"POINT (7.154885789000050 50.686165054000099)","Unfall 29918 (2022) Kat:3, Licht: 0","29918","3","5","2","03","17","3","","0","0","1","0","0"
"POINT (7.127258189000030 50.710518486000097)","Unfall 30097 (2022) Kat:3, Licht: 0","30097","3","2","6","03","16","3","","0","0","1","1","0"
"POINT (7.101115212000020 50.757267421000101)","Unfall 30111 (2022) Kat:3, Licht: 0","30111","3","6","2","03","13","6","","0","0","1","0","0"
"POINT (7.175980027000040 50.664326263000099)","Unfall 30230 (2022) Kat:3, Licht: 0","30230","3","5","2","03","17","3","","0","0","1","0","0"
"POINT (7.076766417000040 50.750891488999997)","Unfall 30278 (2022) Kat:3, Licht: 0","30278","3","2","5","03","16","4","","0","0","1","0","0"
"POINT (7.115757943000060 50.739065410000102)","Unfall 30293 (2022) Kat:2, Licht: 0","30293","2","3","5","03","17","4","","0","1","0","0","1"
"POINT (7.062230545000030 50.632996876000000)","Unfall 30379 (2022) Kat:3, Licht: 2","30379","3","6","2","03","21","6","","2","0","1","0","0"
"POINT (7.088074213000030 50.721353597000103)","Unfall 30485 (2022) Kat:3, Licht: 0","30485","3","1","0","03","18","4","","0","1","0","0","0"
"POINT (7.063918093000040 50.670417729000100)","Unfall 30542 (2022) Kat:2, Licht: 0","30542","2","1","0","03","18","6","","0","0","0","0","1"
"POINT (7.076175754000080 50.728795525000102)","Unfall 30676 (2022) Kat:3, Licht: 0","30676","3","6","4","03","16","3","","0","1","0","0","0"
"POINT (7.100490139000040 50.737336880000001)","Unfall 30831 (2022) Kat:3, Licht: 0","30831","3","5","3","03","17","4","","0","0","1","0","0"
"POINT (7.157414613000070 50.752371306999997)","Unfall 30876 (2022) Kat:3, Licht: 0","30876","3","1","8","03","08","3","","0","1","0","0","0"
"POINT (7.100198185000070 50.739231818000100)","Unfall 30912 (2022) Kat:2, Licht: 0","30912","2","3","5","03","13","6","","0","0","1","0","0"
"POINT (7.124364119000060 50.713387865000101)","Unfall 30955 (2022) Kat:3, Licht: 0","30955","3","1","0","03","12","1","","0","0","0","0","1"
"POINT (7.068865831000040 50.706013505000001)","Unfall 30958 (2022) Kat:3, Licht: 0","30958","3","1","0","03","08","3","","0","1","0","0","0"
"POINT (7.150173941000050 50.689217508000098)","Unfall 31027 (2022) Kat:3, Licht: 0","31027","3","2","5","04","15","2","","0","1","1","0","0"
"POINT (7.130963981000040 50.751032502000001)","Unfall 31046 (2022) Kat:3, Licht: 0","31046","3","6","2","04","14","6","","0","0","1","0","0"
"POINT (7.071867290000060 50.679203246000000)","Unfall 31196 (2022) Kat:3, Licht: 0","31196","3","7","0","04","17","7","","0","1","1","0","0"
"POINT (7.093136225000020 50.753851676000103)","Unfall 31229 (2022) Kat:3, Licht: 0","31229","3","6","5","04","09","3","","0","0","1","0","0"
"POINT (7.091345061000030 50.725461619000001)","Unfall 31238 (2022) Kat:2, Licht: 0","31238","2","3","5","04","10","4","","0","1","1","0","0"
"POINT (7.181691772000020 50.668268036000001)","Unfall 31248 (2022) Kat:3, Licht: 0","31248","3","3","5","03","15","3","","0","1","1","0","0"
"POINT (7.105002755000040 50.735797385000097)","Unfall 31280 (2022) Kat:3, Licht: 1","31280","3","3","5","03","06","4","","1","1","1","0","0"
"POINT (7.071367144000020 50.692775834000003)","Unfall 31289 (2022) Kat:3, Licht: 0","31289","3","7","8","04","17","6","","0","0","1","0","0"
"POINT (7.071829095000060 50.743703871000001)","Unfall 31333 (2022) Kat:3, Licht: 2","31333","3","3","9","03","21","7","","2","0","1","0","0"
"POINT (7.067205951000060 50.717692538000101)","Unfall 31355 (2022) Kat:3, Licht: 2","31355","3","7","9","03","20","4","","2","0","1","0","0"
"POINT (7.067728893000040 50.709327178000102)","Unfall 31556 (2022) Kat:2, Licht: 0","31556","2","7","9","03","11","5","","0","0","1","0","0"
"POINT (7.077913941000080 50.739147146999997)","Unfall 31589 (2022) Kat:3, Licht: 0","31589","3","3","5","03","11","1","","0","1","1","0","0"
"POINT (7.104395984000060 50.737371604000003)","Unfall 31591 (2022) Kat:3, Licht: 2","31591","3","5","0","03","19","2","","2","0","0","0","1"
"POINT (7.097900255000070 50.737493587000102)","Unfall 31855 (2022) Kat:3, Licht: 2","31855","3","1","1","03","04","1","","2","1","1","0","0"
"POINT (7.177762940000040 50.706853547999998)","Unfall 31870 (2022) Kat:3, Licht: 0","31870","3","6","3","04","17","5","","0","0","1","0","0"
"POINT (7.131958414000050 50.705769239000098)","Unfall 32095 (2022) Kat:3, Licht: 2","32095","3","6","3","04","04","4","","2","0","1","0","0"
"POINT (7.112004303000050 50.760630575999997)","Unfall 32115 (2022) Kat:2, Licht: 2","32115","2","1","9","03","23","7","","2","0","1","0","1"
"POINT (7.127557430000020 50.710575748000103)","Unfall 32176 (2022) Kat:3, Licht: 0","32176","3","3","5","04","14","1","","0","1","0","0","0"
"POINT (7.148503556000040 50.691358373000099)","Unfall 32260 (2022) Kat:3, Licht: 2","32260","3","2","5","04","22","6","","2","1","1","0","0"
"POINT (7.062520996000050 50.722063504000097)","Unfall 32366 (2022) Kat:3, Licht: 0","32366","3","2","0","03","14","1","","0","0","1","0","0"
"POINT (7.123991744000020 50.745858435000102)","Unfall 32455 (2022) Kat:3, Licht: 0","32455","3","3","5","04","12","4","","0","1","1","0","0"