WKT,Name,OBJECTID,UKATEGORIE,UTYP1,UART,UMONAT,USTUNDE,UWOCHENTAG,STRZUSTAND,ULICHTVERH,ISTRAD,ISTPKW,ISTFUSS,ISTKRAD
"POINT (7.065938164000040 50.715022426000097)","Unfall 32500 (2022) Kat:2, Licht: 2","32500","2","1","9","03","22","3","","2","0","0","0","1"
"POINT (7.086736502000060 50.737251243000102)","Unfall 32511 (2022) Kat:3, Licht: 0","32511","3","1","5","03","13","7","","0","0","1","0","1"
"POINT (7.096035388000080 50.736730874999999)","Unfall 32516 (2022) Kat:3, Licht: 0","32516","3","6","2","04","16","2","","0","1","1","0","0"
"POINT (7.105222397000030 50.735424185000099)","Unfall 32638 (2022) Kat:3, Licht: 0","32638","3","5","1","04","19","7","","0","0","1","0","0"
"POINT (7.115575716000020 50.739035418000100)","Unfall 32649 (2022) Kat:3, Licht: 0","32649","3","3","5","04","14","3","","0","0","1","0","0"
"POINT (7.078134730000040 50.739054748999997)","Unfall 32759 (2022) Kat:3, Licht: 2","32759","3","1","0","04","01","7","","2","1","0","0","0"
"POINT (7.110640668000030 50.738290837000100)","Unfall 32844 (2022) Kat:3, Licht: 0","32844","3","6","2","04","10","5","","0","0","1","0","0"
"POINT (7.089749035000070 50.723857522000102)","Unfall 32922 (2022) Kat:2, Licht: 0","32922","2","4","6","05","16","6","","0","0","1","1","0"
"POINT (7.086645307000030 50.733819219000097)","Unfall 33015 (2022) Kat:3, Licht: 0","33015","3","7","6","04","14","4","","0","0","1","1","0"
"POINT (7.070911405000060 50.709893717999996)","Unfall 33025 (2022) Kat:3, Licht: 0","33025","3","6","0","05","17","2","","0","1","0","0","0"
"POINT (7.087381009000070 50.737116349000097)","Unfall 33132 (2022) Kat:3, Licht: 0","33132","3","6","2","05","17","2","","0","0","1","0","0"
"POINT (7.130733021000030 50.736179035000099)","Unfall 33157 (2022) Kat:3, Licht: 2","33157","3","2","5","05","22","1","","2","0","1","0","0"
"POINT (7.077142508000070 50.743496564000097)","Unfall 33164 (2022) Kat:3, Licht: 0","33164","3","6","2","04","18","6","","0","0","1","0","0"
"POINT (7.080975000000020 50.731470118000097)","Unfall 33215 (2022) Kat:3, Licht: 0","33215","3","3","5","04","11","5","","0","0","1","0","0"
"POINT (7.144006325000020 50.752138800000097)","Unfall 33499 (2022) Kat:3, Licht: 0","33499","3","6","2","05","14","4","","0","0","1","0","1"
"POINT (7.133292857000070 50.741883755000103)","Unfall 33567 (2022) Kat:3, Licht: 1","33567","3","2","5","04","20","4","","1","0","1","0","0"
"POINT (7.164730828000070 50.713819478000097)","Unfall 33682 (2022) Kat:3, Licht: 0","33682","3","7","6","05","09","4","","0","0","1","1","0"
"POINT (7.072915507000060 50.741086025000101)","Unfall 33764 (2022) Kat:3, Licht: 0","33764","3","7","6","04","17","3","","0","0","1","1","0"
"POINT (7.093407659000040 50.742602021000003)","Unfall 33781 (2022) Kat:3, Licht: 0","33781","3","1","0","04","11","7","","0","0","0","0","0"
"POINT (7.122589819000040 50.743899371000097)","Unfall 33808 (2022) Kat:3, Licht: 1","33808","3","2","5","04","20","5","","1","0","1","0","0"
"POINT (7.138033152000050 50.761707254000001)","Unfall 33832 (2022) Kat:3, Licht: 0","33832","3","6","2","04","10","7","","0","0","1","0","0"
"POINT (7.174498228000060 50.713466601999997)","Unfall 33996 (2022) Kat:3, Licht: 0","33996","3","6","3","04","07","5","","0","0","1","0","0"
"POINT (7.204173528000070 50.734796006000103)","Unfall 34048 (2022) Kat:2, Licht: 0","34048","2","6","4","04","17","5","","0","0","1","0","0"
"POINT (7.085818595000030 50.745413730000102)","Unfall 34052 (2022) Kat:2, Licht: 0","34052","2","1","0","05","13","6","","0","0","0","0","1"
"POINT (7.137873495000060 50.761642322000100)","Unfall 34120 (2022) Kat:3, Licht: 0","34120","3","6","2","04","17","7","","0","0","1","0","0"
"POINT (7.085089227000030 50.733322930999996)","Unfall 34164 (2022) Kat:3, Licht: 0","34164","3","2","2","04","16","4","","0","0","1","0","0"
"POINT (7.089756054000080 50.743671301000099)","Unfall 34294 (2022) Kat:3, Licht: 0","34294","3","3","5","04","07","5","","0","1","1","0","0"
"POINT (7.059768047000030 50.633014965000001)","Unfall 34305 (2022) Kat:3, Licht: 0","34305","3","6","2","05","18","3","","0","0","1","0","0"
"POINT (7.077503421000070 50.739324027000102)","Unfall 34362 (2022) Kat:3, Licht: 0","34362","3","6","2","04","16","5","","0","0","1","0","0"
"POINT (7.078134730000040 50.739054748999997)","Unfall 34371 (2022) Kat:3, Licht: 0","34371","3","2","5","04","16","5","","0","0","1","0","1"
"POINT (7.093280571000040 50.714004341000098)","Unfall 34752 (2022) Kat:3, Licht: 1","34752","3","1","1","04","20","1","","1","0","1","0","0"
"POINT (7.127489205000070 50.740111684000098)","Unfall 34861 (2022) Kat:3, Licht: 0","34861","3","2","6","04","08","5","","0","0","1","1","0"
"POINT (7.077072742000040 50.742904058000100)","Unfall 34866 (2022) Kat:3, Licht: 0","34866","3","5","2","05","15","4","","0","0","0","0","1"
"POINT (7.083499198000030 50.751308332000100)","Unfall 34879 (2022) Kat:3, Licht: 0","34879","3","6","2","04","17","3","","0","0","1","0","0"
"POINT (7.102697577000070 50.737564917999997)","Unfall 34933 (2022) Kat:2, Licht: 0","34933","2","7","0","04","07","4","","0","1","0","0","0"
"POINT (7.107634122000040 50.731286711000102)","Unfall 34937 (2022) Kat:3, Licht: 0","34937","3","6","3","04","12","7","","0","1","0","0","0"
"POINT (7.157010963000060 50.752718743000102)","Unfall 34944 (2022) Kat:3, Licht: 0","34944","3","3","5","05","13","2","","0","0","1","0","0"
"POINT (7.126446527000040 50.711734442000100)","Unfall 34974 (2022) Kat:3, Licht: 0","34974","3","3","5","05","15","3","","0","1","1","0","0"
"POINT (7.149427021000060 50.742170153000103)","Unfall 35024 (2022) Kat:2, Licht: 0","35024","2","2","5","05","17","5","","0","1","1","0","0"
"POINT (7.112513914000030 50.762427208000098)","Unfall 35050 (2022) Kat:3, Licht: 0","35050","3","6","2","05","11","7","","0","0","1","0","0"
"POINT (7.148266132000060 50.691502651000100)","Unfall 35089 (2022) Kat:2, Licht: 0","35089","2","7","0","05","16","5","","0","1","0","0","0"
"POINT (7.126390489000070 50.748244418000098)","Unfall 35201 (2022) Kat:3, Licht: 0","35201","3","6","2","05","09","5","","0","0","1","0","0"
"POINT (7.086590918000070 50.733881332000102)","Unfall 35204 (2022) Kat:2, Licht: 0","35204","2","2","5","05","17","4","","0","1","1","0","0"
"POINT (7.128431771000070 50.709327551999998)","Unfall 35208 (2022) Kat:3, Licht: 2","35208","3","1","9","05","01","1","","2","0","1","0","0"
"POINT (7.088947057000040 50.722746010999998)","Unfall 35287 (2022) Kat:3, Licht: 0","35287","3","6","0","05","09","4","","0","1","0","0","0"
"POINT (7.145824851000040 50.746058048000101)","Unfall 35439 (2022) Kat:3, Licht: 0","35439","3","6","3","05","07","6","","0","1","0","0","0"
"POINT (7.134258377000040 50.751465659000097)","Unfall 35522 (2022) Kat:2, Licht: 0","35522","2","1","0","05","10","2","","0","0","0","0","0"
"POINT (7.155130105000070 50.721230274000000)","Unfall 35536 (2022) Kat:3, Licht: 0","35536","3","3","5","05","16","3","","0","1","1","0","0"
"POINT (7.088188601000070 50.735151090999999)","Unfall 35618 (2022) Kat:3, Licht: 0","35618","3","6","3","05","13","2","","0","1","0","0","0"
"POINT (7.066128736000050 50.748662203000002)","Unfall 35815 (2022) Kat:3, Licht: 0","35815","3","6","3","05","15","7","","0","0","1","0","0"
"POINT (7.096188792000020 50.737052953000003)","Unfall 35877 (2022) Kat:2, Licht: 0","35877","2","3","5","05","19","3","","0","1","1","0","0"
"POINT (7.146391445000060 50.721083143000001)","Unfall 35948 (2022) Kat:3, Licht: 0","35948","3","6","3","05","15","1","","0","0","1","0","0"
"POINT (7.044560931000030 50.714548094000101)","Unfall 36001 (2022) Kat:2, Licht: 0","36001","2","2","5","05","15","2","","0","1","1","0","0"
"POINT (7.095782210000040 50.707258121999999)","Unfall 36087 (2022) Kat:3, Licht: 0","36087","3","6","3","05","07","2","","0","1","1","0","0"
"POINT (7.100549610000030 50.738920080000099)","Unfall 36160 (2022) Kat:2, Licht: 2","36160","2","6","3","05","23","7","","2","0","1","0","0"
"POINT (7.046286975000040 50.739944910000098)","Unfall 36209 (2022) Kat:3, Licht: 0","36209","3","6","2","05","13","1","","0","0","1","0","0"
"POINT (7.196211986000040 50.730854520000001)","Unfall 36249 (2022) Kat:3, Licht: 0","36249","3","3","5","05","07","7","","0","0","1","0","0"
"POINT (7.067934826000060 50.716729829000002)","Unfall 36343 (2022) Kat:3, Licht: 0","36343","3","3","3","05","07","3","","0","0","1","0","0"
"POINT (7.143429004000040 50.745721256000103)","Unfall 36366 (2022) Kat:3, Licht: 0","36366","3","3","5","05","14","4","","0","0","1","0","0"
"POINT (7.069033057000070 50.710675477999999)","Unfall 36429 (2022) Kat:3, Licht: 0","36429","3","1","0","06","16","5","","0","1","0","0","0"
"POINT (7.042987048000040 50.741159061000097)","Unfall 36519 (2022) Kat:3, Licht: 0","36519","3","6","2","05","16","3","","0","0","1","0","0"
"POINT (7.089612802000030 50.734680566000101)","Unfall 36646 (2022) Kat:3, Licht: 0","36646","3","7","5","05","20","1","","0","0","1","0","0"
"POINT (7.067587170000020 50.714713869999997)","Unfall 36673 (2022) Kat:3, Licht: 0","36673","3","3","5","05","16","3","","0","0","1","0","1"
"POINT (7.081644708000060 50.748003805000103)","Unfall 36789 (2022) Kat:3, Licht: 0","36789","3","2","5","05","18","4","","0","1","1","0","0"
"POINT (7.107146728000030 50.732023374999997)","Unfall 36818 (2022) Kat:3, Licht: 1","36818","3","3","5","05","21","6","","1","1","0","0","0"
"POINT (7.152168453000060 50.687406451000101)","Unfall 36853 (2022) Kat:3, Licht: 0","36853","3","4","6","06","11","4","","0","1","0","1","0"
"POINT (7.071489212000070 50.753989230000101)","Unfall 36954 (2022) Kat:3, Licht: 0","36954","3","1","0","06","17","5","","0","1","0","0","0"
"POINT (7.086481753000040 50.737166466000097)","Unfall 36999 (2022) Kat:3, Licht: 0","36999","3","1","0","05","07","3","","0","1","0","0","0"
"POINT (7.074235090000060 50.733727010000102)","Unfall 37009 (2022) Kat:3, Licht: 1","37009","3","1","0","05","19","1","","1","0","1","0","0"
"POINT (7.069301226000050 50.705327664999999)","Unfall 37197 (2022) Kat:3, Licht: 0","37197","3","6","2","05","08","4","","0","0","1","0","0"
"POINT (7.081715806000030 50.747961685000099)","Unfall 37299 (2022) Kat:3, Licht: 0","37299","3","3","5","05","20","1","","0","0","1","0","0"
"POINT (7.086524448000030 50.737291804999998)","Unfall 37353 (2022) Kat:3, Licht: 0","37353","3","2","5","05","17","2","","0","1","0","0","0"
"POINT (7.094912343000030 50.736622130999997)","Unfall 37441 (2022) Kat:3, Licht: 0","37441","3","7","0","05","06","1","","0","0","0","0","0"
"POINT (7.133515951000050 50.751378449000100)","Unfall 37645 (2022) Kat:3, Licht: 0","37645","3","6","2","05","16","5","","0","0","1","0","0"
"POINT (7.053966347000030 50.717793582000098)","Unfall 37760 (2022) Kat:3, Licht: 0","37760","3","2","5","05","08","6","","0","1","1","0","0"
"POINT (7.114501892000020 50.760583206000000)","Unfall 38069 (2022) Kat:3, Licht: 0","38069","3","6","2","06","06","3","","0","0","1","0","0"
"POINT (7.101906225000050 50.739970552000003)","Unfall 38168 (2022) Kat:3, Licht: 2","38168","3","7","0","06","04","2","","2","1","0","0","0"
"POINT (7.101191308000070 50.737356622999997)","Unfall 38219 (2022) Kat:3, Licht: 2","38219","3","6","3","06","22","6","","2","1","1","0","0"
"POINT (7.122076308000030 50.743182242000003)","Unfall 38253 (2022) Kat:3, Licht: 0","38253","3","6","4","06","20","3","","0","1","0","0","0"
"POINT (7.108999381000050 50.738060964000098)","Unfall 38327 (2022) Kat:3, Licht: 0","38327","3","6","0","06","12","6","","0","1","0","0","0"
"POINT (7.073517304000060 50.728181954000000)","Unfall 38364 (2022) Kat:3, Licht: 0","38364","3","2","5","06","17","2","","0","1","1","0","0"
"POINT (7.069587749000050 50.710643591000100)","Unfall 38446 (2022) Kat:3, Licht: 0","38446","3","7","0","06","16","3","","0","0","0","0","0"
"POINT (7.199866331000070 50.650358048999998)","Unfall 38534 (2022) Kat:3, Licht: 0","38534","3","6","2","06","08","6","","0","0","1","0","0"
"POINT (7.092607212000080 50.715166968000098)","Unfall 38691 (2022) Kat:3, Licht: 0","38691","3","6","2","06","18","6","","0","0","1","0","0"
"POINT (7.081979565000040 50.732168854000101)","Unfall 38738 (2022) Kat:2, Licht: 0","38738","2","6","2","06","10","3","","0","0","1","0","0"
"POINT (7.067537263000080 50.714588207000098)","Unfall 38799 (2022) Kat:2, Licht: 0","38799","2","1","0","06","18","3","","0","1","0","0","0"
"POINT (7.139354786000070 50.766329014000100)","Unfall 38825 (2022) Kat:3, Licht: 0","38825","3","6","3","06","15","4","","0","0","1","0","0"
"POINT (7.095033023000040 50.729677106000103)","Unfall 39007 (2022) Kat:3, Licht: 0","39007","3","7","6","06","17","2","","0","1","0","1","0"
"POINT (7.106755018000060 50.737685946000099)","Unfall 39231 (2022) Kat:2, Licht: 2","39231","2","6","6","06","23","4","","2","1","0","1","0"
"POINT (7.103152852000050 50.738082274000099)","Unfall 39260 (2022) Kat:3, Licht: 0","39260","3","2","2","06","11","3","","0","1","1","0","0"
"POINT (7.062723250000030 50.759123901000102)","Unfall 39315 (2022) Kat:3, Licht: 0","39315","3","6","2","06","18","2","","0","0","1","0","0"
"POINT (7.048816479000040 50.716367327999997)","Unfall 39431 (2022) Kat:3, Licht: 0","39431","3","6","2","06","15","3","","0","0","1","0","0"
"POINT (7.071954908000070 50.679301366000097)","Unfall 39719 (2022) Kat:3, Licht: 0","39719","3","3","5","06","16","6","","0","1","1","0","0"
"POINT (7.116387845000080 50.739146305000098)","Unfall 39942 (2022) Kat:3, Licht: 0","39942","3","7","0","06","09","6","","0","1","0","0","0"
"POINT (7.087067972000060 50.719966475000000)","Unfall 39998 (2022) Kat:3, Licht: 0","39998","3","6","2","06","08","3","","0","1","1","0","0"
"POINT (7.105863946000060 50.737681355000099)","Unfall 40029 (2022) Kat:3, Licht: 0","40029","3","2","0","06","10","1","","0","1","1","0","0"
"POINT (7.158454765000040 50.753037227999997)","Unfall 40073 (2022) Kat:3, Licht: 0","40073","3","2","5","06","08","4","","0","1","1","0","0"
"POINT (7.181262080000070 50.711381643999999)","Unfall 40145 (2022) Kat:2, Licht: 0","40145","2","7","0","06","19","5","","0","1","0","0","0"
"POINT (7.062177215000080 50.675062830999998)","Unfall 40194 (2022) Kat:2, Licht: 0","40194","2","1","9","07","07","7","","0","0","1","0","0"
"POINT (7.124532229000070 50.713728076999999)","Unfall 40222 (2022) Kat:3, Licht: 0","40222","3","2","2","07","14","3","","0","0","0","0","1"
"POINT (7.101545133000060 50.740560999000103)","Unfall 40318 (2022) Kat:3, Licht: 0","40318","3","1","1","06","08","6","","0","1","1","0","0"
"POINT (7.139933510000050 50.751246060000000)","Unfall 40331 (2022) Kat:3, Licht: 0","40331","3","6","2","07","15","2","","0","0","1","0","1"
"POINT (7.125126279000030 50.763429083000098)","Unfall 40370 (2022) Kat:3, Licht: 0","40370","3","1","0","07","11","2","","0","1","0","0","0"
"POINT (7.082906612000040 50.732508258999999)","Unfall 40391 (2022) Kat:3, Licht: 0","40391","3","1","0","06","07","2","","0","0","0","0","1"
"POINT (7.057023374000040 50.762534173000098)","Unfall 40496 (2022) Kat:3, Licht: 0","40496","3","2","0","07","13","4","","0","0","1","0","0"
"POINT (7.194168241000060 50.656009236999999)","Unfall 40523 (2022) Kat:2, Licht: 2","40523","2","2","5","07","22","7","","2","0","1","0","0"
"POINT (7.085891152000040 50.733761184999999)","Unfall 40680 (2022) Kat:3, Licht: 0","40680","3","3","5","06","10","3","","0","0","1","0","1"
"POINT (7.127671335000060 50.764265891000001)","Unfall 40687 (2022) Kat:3, Licht: 0","40687","3","1","0","07","15","4","","0","0","0","0","0"
"POINT (7.066749202000040 50.739765094000099)","Unfall 40690 (2022) Kat:3, Licht: 0","40690","3","3","5","06","13","3","","0","1","1","0","0"
"POINT (7.033826163000070 50.725973523999997)","Unfall 40766 (2022) Kat:3, Licht: 0","40766","3","6","2","06","14","6","","0","0","1","0","0"
"POINT (7.140980197000030 50.745178433000000)","Unfall 40814 (2022) Kat:3, Licht: 0","40814","3","7","2","06","14","4","","0","1","0","0","1"
"POINT (7.083567205000070 50.725074725000098)","Unfall 40829 (2022) Kat:3, Licht: 0","40829","3","1","9","06","08","2","","0","0","1","0","0"
"POINT (7.121879288000060 50.742921842999998)","Unfall 40926 (2022) Kat:3, Licht: 0","40926","3","3","5","06","08","2","","0","1","1","0","0"
"POINT (7.168517076000060 50.677319771999997)","Unfall 41008 (2022) Kat:3, Licht: 0","41008","3","2","5","06","12","6","","0","1","1","0","0"
"POINT (7.115507334000030 50.738962811000100)","Unfall 41015 (2022) Kat:3, Licht: 0","41015","3","6","4","07","17","7","","0","1","0","0","0"
"POINT (7.150460644000020 50.688958087000103)","Unfall 41153 (2022) Kat:2, Licht: 2","41153","2","1","0","06","00","1","","2","0","0","0","1"
"POINT (7.103593972000060 50.737536680000098)","Unfall 41161 (2022) Kat:3, Licht: 0","41161","3","6","1","07","08","6","","0","0","1","0","0"
"POINT (7.098169369000060 50.737346650000099)","Unfall 41358 (2022) Kat:3, Licht: 0","41358","3","1","0","07","16","2","","0","1","0","0","0"
"POINT (7.095451706000060 50.736811799000101)","Unfall 41466 (2022) Kat:2, Licht: 2","41466","2","6","4","07","01","7","","2","0","1","0","0"
"POINT (7.125661149000050 50.712518983000102)","Unfall 41479 (2022) Kat:3, Licht: 0","41479","3","3","5","07","08","7","","0","1","1","0","0"
"POINT (7.078516690000070 50.738106395999999)","Unfall 41498 (2022) Kat:2, Licht: 0","41498","2","3","5","07","16","6","","0","1","1","0","0"
"POINT (7.161334509000030 50.747268796000100)","Unfall 41526 (2022) Kat:3, Licht: 0","41526","3","1","0","07","19","7","","0","0","0","0","1"
"POINT (7.060662481000070 50.739342557000001)","Unfall 41551 (2022) Kat:3, Licht: 0","41551","3","7","0","07","15","4","","0","0","1","0","1"
"POINT (7.080449891000060 50.721855596000097)","Unfall 41582 (2022) Kat:2, Licht: 0","41582","2","6","3","07","16","3","","0","0","1","0","1"
"POINT (7.082874595000020 50.747259571000001)","Unfall 41630 (2022) Kat:3, Licht: 0","41630","3","6","3","07","16","5","","0","1","0","0","0"
"POINT (7.085948968000030 50.718306931000001)","Unfall 41690 (2022) Kat:2, Licht: 0","41690","2","3","5","07","09","6","","0","1","0","0","0"
"POINT (7.085954645000070 50.734907993000000)","Unfall 41738 (2022) Kat:3, Licht: 0","41738","3","7","0","07","11","1","","0","1","0","0","0"
"POINT (7.127547137000020 50.740232028000001)","Unfall 41751 (2022) Kat:3, Licht: 0","41751","3","2","2","07","13","5","","0","0","1","0","0"
"POINT (7.110584108000070 50.738283027000101)","Unfall 41765 (2022) Kat:3, Licht: 0","41765","3","6","2","07","17","5","","0","0","1","0","0"
"POINT (7.118227558000060 50.739505616000002)","Unfall 41851 (2022) Kat:3, Licht: 0","41851","3","5","3","07","14","6","","0","1","1","0","0"
"POINT (7.081192925000040 50.727680982999999)","Unfall 41901 (2022) Kat:3, Licht: 0","41901","3","1","0","07","14","2","","0","0","1","0","0"
"POINT (7.097429521000040 50.755488804999999)","Unfall 41983 (2022) Kat:2, Licht: 0","41983","2","6","2","07","12","3","","0","0","1","0","0"
"POINT (7.100973130000060 50.741441364000103)","Unfall 42022 (2022) Kat:3, Licht: 0","42022","3","3","5","07","18","3","","0","1","0","0","1"
"POINT (7.112338707000050 50.762591205000000)","Unfall 42039 (2022) Kat:3, Licht: 0","42039","3","6","0","07","19","5","","0","1","0","0","0"
"POINT (7.114290045000080 50.738797644000002)","Unfall 42059 (2022) Kat:3, Licht: 0","42059","3","7","0","07","17","6","","0","0","0","0","0"
"POINT (7.155609840000070 50.721012540000103)","Unfall 42060 (2022) Kat:3, Licht: 0","42060","3","1","0","07","17","5","","0","0","0","0","1"
"POINT (7.165920266000060 50.678793364000100)","Unfall 42160 (2022) Kat:3, Licht: 0","42160","3","6","2","07","19","5","","0","0","1","0","0"
"POINT (7.110255769000050 50.738236117000000)","Unfall 42180 (2022) Kat:3, Licht: 0","42180","3","6","2","07","12","6","","0","0","1","0","0"
"POINT (7.096056286000020 50.754702496999997)","Unfall 42194 (2022) Kat:3, Licht: 2","42194","3","6","3","07","00","5","","2","0","1","0","0"
"POINT (7.100632180000050 50.737443326000097)","Unfall 42208 (2022) Kat:3, Licht: 0","42208","3","1","0","07","20","7","","0","1","0","0","0"
"POINT (7.071589730000030 50.678887587000098)","Unfall 42297 (2022) Kat:3, Licht: 0","42297","3","7","6","07","16","6","","0","1","0","1","0"
"POINT (7.071313547000050 50.693639188000098)","Unfall 42407 (2022) Kat:3, Licht: 0","42407","3","2","5","07","13","1","","0","1","1","0","0"
"POINT (7.118419485000060 50.739835125000099)","Unfall 42411 (2022) Kat:3, Licht: 0","42411","3","3","5","07","11","7","","0","1","1","0","0"
"POINT (7.152100594000050 50.687465626000098)","Unfall 42534 (2022) Kat:3, Licht: 0","42534","3","3","0","07","17","6","","0","0","0","0","1"
"POINT (7.173599984000020 50.706647644000000)","Unfall 42580 (2022) Kat:3, Licht: 0","42580","3","6","2","07","12","2","","0","1","1","0","0"
"POINT (7.134763357000050 50.703689385000096)","Unfall 42660 (2022) Kat:3, Licht: 0","42660","3","6","2","07","18","1","","0","0","1","0","1"
"POINT (7.100632180000050 50.737443326000097)","Unfall 42667 (2022) Kat:3, Licht: 0","42667","3","1","0","07","17","2","","0","1","0","0","0"
"POINT (7.092534210000050 50.736241964999998)","Unfall 42711 (2022) Kat:3, Licht: 0","42711","3","6","0","07","15","3","","0","1","0","0","0"
"POINT (7.053930108000030 50.659506108000102)","Unfall 42762 (2022) Kat:2, Licht: 0","42762","2","1","4","07","14","7","","0","0","1","0","0"
"POINT (7.100816439000030 50.737455651000097)","Unfall 42815 (2022) Kat:3, Licht: 2","42815","3","1","0","07","22","6","","2","1","0","0","0"
"POINT (7.103718453000060 50.737528625000003)","Unfall 42840 (2022) Kat:3, Licht: 0","42840","3","6","2","07","16","7","","0","0","1","0","0"
"POINT (7.110649542000030 50.738292063000102)","Unfall 42916 (2022) Kat:3, Licht: 0","42916","3","1","9","07","08","4","","0","0","0","0","1"
"POINT (7.081159437000050 50.727520632000100)","Unfall 42923 (2022) Kat:3, Licht: 0","42923","3","1","9","07","13","2","","0","0","1","0","0"
"POINT (7.103876507000050 50.737263882000001)","Unfall 42971 (2022) Kat:3, Licht: 0","42971","3","3","3","07","09","6","","0","1","0","0","0"
"POINT (7.184303662000050 50.732877307000102)","Unfall 42991 (2022) Kat:3, Licht: 0","42991","3","3","5","07","16","3","","0","1","1","0","0"
"POINT (7.115712778000050 50.739057349000099)","Unfall 43003 (2022) Kat:3, Licht: 0","43003","3","2","5","07","07","5","","0","1","1","0","0"
"POINT (7.197637959000080 50.653632705000099)","Unfall 43024 (2022) Kat:3, Licht: 0","43024","3","1","0","07","11","6","","0","1","0","0","0"
"POINT (7.130937673000060 50.735882572999998)","Unfall 43206 (2022) Kat:3, Licht: 1","43206","3","2","5","08","20","4","","1","1","1","0","0"
"POINT (7.186690388000050 50.739660067000003)","Unfall 43413 (2022) Kat:3, Licht: 2","43413","3","1","9","08","01","7","","2","0","1","0","0"
"POINT (7.117929090000080 50.739327989000103)","Unfall 43487 (2022) Kat:3, Licht: 0","43487","3","4","6","08","07","3","","0","0","1","1","0"
"POINT (7.122066457000070 50.743169222000098)","Unfall 43667 (2022) Kat:2, Licht: 0","43667","2","6","6","07","19","6","","0","1","0","1","0"
"POINT (7.113689345000070 50.761388609999997)","Unfall 43864 (2022) Kat:2, Licht: 1","43864","2","2","5","08","21","5","","1","1","1","0","0"
"POINT (7.091795184000030 50.730941487999999)","Unfall 44012 (2022) Kat:2, Licht: 2","44012","2","1","0","08","04","1","","2","1","0","0","0"
"POINT (7.164114992000070 50.714171030999999)","Unfall 44110 (2022) Kat:3, Licht: 2","44110","3","7","0","08","01","4","","2","0","0","0","0"
"POINT (7.089556985000060 50.743730837000001)","Unfall 44320 (2022) Kat:3, Licht: 0","44320","3","1","0","08","16","4","","0","1","0","0","0"
"POINT (7.090375471000070 50.743502128999999)","Unfall 44329 (2022) Kat:3, Licht: 0","44329","3","1","0","08","12","2","","0","0","0","0","1"
"POINT (7.153274670000030 50.686168866999999)","Unfall 44513 (2022) Kat:3, Licht: 0","44513","3","7","0","07","11","4","","0","0","1","0","0"
"POINT (7.146134061000050 50.742577093000101)","Unfall 44571 (2022) Kat:3, Licht: 0","44571","3","2","5","07","09","7","","0","0","1","0","0"
"POINT (7.074357731000020 50.733067939000101)","Unfall 44640 (2022) Kat:3, Licht: 0","44640","3","3","5","08","15","3","","0","0","1","0","0"
"POINT (7.092676835000020 50.742823531000099)","Unfall 44803 (2022) Kat:3, Licht: 0","44803","3","1","0","08","16","3","","0","1","0","0","0"
"POINT (7.114766686000050 50.760296758000003)","Unfall 44822 (2022) Kat:3, Licht: 2","44822","3","1","0","08","22","5","","2","1","0","0","0"
"POINT (7.098410826000080 50.737369164000000)","Unfall 44825 (2022) Kat:3, Licht: 0","44825","3","6","2","08","16","5","","0","0","1","0","1"
"POINT (7.185909371000040 50.653481829000000)","Unfall 44863 (2022) Kat:3, Licht: 0","44863","3","7","9","08","18","3","","0","0","1","0","0"
"POINT (7.078680357000050 50.749750043000098)","Unfall 44959 (2022) Kat:3, Licht: 0","44959","3","7","0","08","16","2","","0","0","0","1","0"
"POINT (7.171612408000040 50.733933943000103)","Unfall 44970 (2022) Kat:3, Licht: 0","44970","3","3","0","08","15","3","","0","0","1","0","1"
"POINT (7.105741317000020 50.737663374000100)","Unfall 45031 (2022) Kat:3, Licht: 2","45031","3","1","0","08","05","1","","2","0","0","0","0"
"POINT (7.125523303000020 50.742004705000099)","Unfall 45208 (2022) Kat:3, Licht: 0","45208","3","3","5","08","17","1","","0","1","1","0","0"
"POINT (7.140699461000050 50.754358433000000)","Unfall 45219 (2022) Kat:3, Licht: 0","45219","3","1","2","07","09","5","","0","0","1","0","0"
"POINT (7.148372152000040 50.691433578999998)","Unfall 45348 (2022) Kat:3, Licht: 0","45348","3","6","1","07","09","6","","0","0","1","0","0"
"POINT (7.171402938000030 50.733927164000100)","Unfall 45357 (2022) Kat:3, Licht: 0","45357","3","1","0","08","20","1","","0","0","0","0","1"
"POINT (7.133578807000050 50.742041096999998)","Unfall 45389 (2022) Kat:3, Licht: 0","45389","3","6","2","08","15","4","","0","0","1","0","0"
"POINT (7.073400700000040 50.680918679000101)","Unfall 45600 (2022) Kat:3, Licht: 0","45600","3","6","2","08","06","6","","0","0","1","0","0"
"POINT (7.155259089000030 50.738968769000103)","Unfall 45627 (2022) Kat:3, Licht: 0","45627","3","2","5","08","09","7","","0","0","1","0","0"
"POINT (7.094689648000040 50.736536078000000)","Unfall 45770 (2022) Kat:3, Licht: 0","45770","3","6","3","08","14","2","","0","0","0","0","0"
"POINT (7.075930529000060 50.740361489000101)","Unfall 45876 (2022) Kat:3, Licht: 0","45876","3","3","5","08","09","7","","0","0","1","0","0"
"POINT (7.043204564000060 50.647691754999997)","Unfall 45975 (2022) Kat:3, Licht: 0","45975","3","6","4","08","11","4","","0","0","1","0","0"
"POINT (7.152820867000060 50.750249446000097)","Unfall 45977 (2022) Kat:3, Licht: 0","45977","3","2","5","08","14","3","","0","0","1","0","0"