WKT,Name,OBJECTID,UKATEGORIE,UTYP1,UART,UMONAT,USTUNDE,UWOCHENTAG,STRZUSTAND,ULICHTVERH,ISTRAD,ISTPKW,ISTFUSS,ISTKRAD
"POINT (7.105587503000040 50.734742287000103)","Unfall 46030 (2022) Kat:3, Licht: 0","46030","3","2","5","08","16","6","","0","1","1","0","0"
"POINT (7.151647288000050 50.741162786000103)","Unfall 46061 (2022) Kat:3, Licht: 0","46061","3","5","1","08","18","5","","0","1","0","0","0"
"POINT (7.046830342000020 50.715795411999999)","Unfall 46196 (2022) Kat:3, Licht: 2","46196","3","7","0","08","22","7","","2","1","1","0","0"
"POINT (7.058395788000040 50.761695501000098)","Unfall 46314 (2022) Kat:3, Licht: 0","46314","3","3","5","08","17","4","","0","1","1","0","0"
"POINT (7.119697157000080 50.740456039999998)","Unfall 46376 (2022) Kat:3, Licht: 0","46376","3","7","0","08","19","5","","0","1","0","0","0"
"POINT (7.077188900000070 50.729603594000103)","Unfall 46439 (2022) Kat:3, Licht: 0","46439","3","6","0","08","15","7","","0","0","1","0","1"
"POINT (7.142955592000020 50.745649200000102)","Unfall 46471 (2022) Kat:3, Licht: 0","46471","3","6","4","08","14","1","","0","1","1","0","0"
"POINT (7.089929755000070 50.743619670000001)","Unfall 46561 (2022) Kat:3, Licht: 0","46561","3","3","5","08","13","3","","0","1","0","0","0"
"POINT (7.078963991000020 50.749145923000100)","Unfall 46673 (2022) Kat:3, Licht: 0","46673","3","6","2","09","07","5","","0","0","1","0","0"
"POINT (7.087262692000020 50.744604325000097)","Unfall 46862 (2022) Kat:3, Licht: 0","46862","3","6","3","09","13","6","","0","1","0","0","0"
"POINT (7.073006029000060 50.728006283000099)","Unfall 46864 (2022) Kat:3, Licht: 0","46864","3","2","0","09","12","5","","0","1","1","0","0"
"POINT (7.140916334000050 50.697170222000103)","Unfall 46898 (2022) Kat:3, Licht: 0","46898","3","3","5","09","16","3","","0","1","1","0","0"
"POINT (7.105038711000020 50.735739954000103)","Unfall 46948 (2022) Kat:3, Licht: 0","46948","3","3","6","08","16","3","","0","1","1","1","0"
"POINT (7.158336690000060 50.685015682000000)","Unfall 47022 (2022) Kat:3, Licht: 0","47022","3","3","5","08","14","3","","0","1","0","0","0"
"POINT (7.117110072000060 50.756571164000000)","Unfall 47054 (2022) Kat:3, Licht: 0","47054","3","6","2","09","14","5","","0","0","1","0","1"
"POINT (7.141551937000030 50.696888085000097)","Unfall 47088 (2022) Kat:3, Licht: 0","47088","3","3","5","09","07","5","","0","1","1","0","0"
"POINT (7.118337202000020 50.754234916000001)","Unfall 47161 (2022) Kat:3, Licht: 0","47161","3","6","4","08","17","4","","0","1","0","0","0"
"POINT (7.078482575000070 50.741430198000003)","Unfall 47201 (2022) Kat:2, Licht: 0","47201","2","2","5","09","16","6","","0","0","1","0","1"
"POINT (7.126180797000070 50.741450992000097)","Unfall 47330 (2022) Kat:3, Licht: 1","47330","3","3","5","08","20","2","","1","0","1","0","1"
"POINT (7.148320817000070 50.691467024000097)","Unfall 47340 (2022) Kat:2, Licht: 0","47340","2","2","5","09","16","4","","0","0","1","0","1"
"POINT (7.075940385000020 50.740353702999997)","Unfall 47341 (2022) Kat:3, Licht: 0","47341","3","2","5","08","18","3","","0","1","1","0","0"
"POINT (7.071268481000060 50.754107696000098)","Unfall 47363 (2022) Kat:3, Licht: 0","47363","3","6","6","08","14","3","","0","1","0","1","0"
"POINT (7.070068894000030 50.700073363999998)","Unfall 47404 (2022) Kat:2, Licht: 2","47404","2","7","0","08","00","1","","2","1","0","0","0"
"POINT (7.082378502000040 50.747566401000000)","Unfall 47535 (2022) Kat:3, Licht: 0","47535","3","3","5","09","16","3","","0","1","1","0","0"
"POINT (7.065460998000050 50.725444957000001)","Unfall 47537 (2022) Kat:3, Licht: 0","47537","3","2","6","08","11","4","","0","0","1","1","0"
"POINT (7.092363354000040 50.736271006000003)","Unfall 47869 (2022) Kat:3, Licht: 0","47869","3","6","3","09","13","6","","0","0","1","0","1"
"POINT (7.140933952000070 50.697147559000001)","Unfall 47942 (2022) Kat:2, Licht: 0","47942","2","3","5","08","15","2","","0","0","0","0","0"
"POINT (7.060253157000030 50.739355443000100)","Unfall 48072 (2022) Kat:2, Licht: 0","48072","2","3","5","08","10","4","","0","0","1","0","0"
"POINT (7.128272350000030 50.709860148000097)","Unfall 48122 (2022) Kat:3, Licht: 0","48122","3","3","0","08","14","1","","0","1","1","0","0"
"POINT (7.084776704000030 50.746073177000000)","Unfall 48245 (2022) Kat:3, Licht: 0","48245","3","6","2","09","14","6","","0","0","1","0","1"
"POINT (7.090395756000020 50.718271944000001)","Unfall 48272 (2022) Kat:3, Licht: 0","48272","3","5","1","09","16","4","","0","1","1","0","0"
"POINT (7.064020018000060 50.670529062000099)","Unfall 48370 (2022) Kat:2, Licht: 0","48370","2","3","5","09","15","1","","0","1","1","0","0"
"POINT (7.067424969000060 50.748372261999997)","Unfall 48409 (2022) Kat:3, Licht: 0","48409","3","6","2","09","17","5","","0","0","1","0","0"
"POINT (7.078429113000030 50.742007993000101)","Unfall 48434 (2022) Kat:3, Licht: 0","48434","3","3","5","09","17","5","","0","0","1","0","0"
"POINT (7.120786340000050 50.741295327000003)","Unfall 48707 (2022) Kat:2, Licht: 0","48707","2","7","0","09","11","5","","0","0","0","0","0"
"POINT (7.115901977000020 50.738946519000102)","Unfall 48740 (2022) Kat:3, Licht: 0","48740","3","3","5","09","17","5","","0","1","1","0","0"
"POINT (7.170112848000030 50.676494738000002)","Unfall 48773 (2022) Kat:3, Licht: 2","48773","3","6","2","09","23","4","","2","0","1","0","0"
"POINT (7.152802899000050 50.685666111000003)","Unfall 48802 (2022) Kat:3, Licht: 0","48802","3","6","2","09","16","2","","0","0","1","0","1"
"POINT (7.169948808000070 50.676429200000001)","Unfall 48970 (2022) Kat:3, Licht: 0","48970","3","2","6","09","14","2","","0","0","1","1","0"
"POINT (7.094765787000030 50.742237198000097)","Unfall 49013 (2022) Kat:3, Licht: 0","49013","3","1","0","10","11","7","","0","1","0","0","0"
"POINT (7.149450079000080 50.742159851000103)","Unfall 49051 (2022) Kat:2, Licht: 0","49051","2","2","4","09","13","2","","0","0","1","0","1"
"POINT (7.113325199000030 50.760105554000098)","Unfall 49094 (2022) Kat:3, Licht: 0","49094","3","6","1","09","14","7","","0","0","1","0","0"
"POINT (7.155327374000020 50.738947684999999)","Unfall 49095 (2022) Kat:3, Licht: 0","49095","3","3","0","09","14","1","","0","0","1","0","1"
"POINT (7.077820768000040 50.729386223000098)","Unfall 49182 (2022) Kat:3, Licht: 1","49182","3","7","0","09","18","5","","1","0","0","0","1"
"POINT (7.053475682000060 50.717551528000101)","Unfall 49207 (2022) Kat:3, Licht: 0","49207","3","2","5","09","17","3","","0","1","0","0","0"
"POINT (7.074811508000040 50.741418267000000)","Unfall 49284 (2022) Kat:3, Licht: 1","49284","3","2","5","09","06","4","","1","0","1","0","0"
"POINT (7.154237931000070 50.722208152000100)","Unfall 49296 (2022) Kat:3, Licht: 0","49296","3","2","2","09","11","5","","0","0","1","0","0"
"POINT (7.137673243000050 50.700803143000002)","Unfall 49329 (2022) Kat:3, Licht: 0","49329","3","3","5","09","17","2","","0","1","1","0","0"
"POINT (7.148236350000050 50.691332755000097)","Unfall 49349 (2022) Kat:3, Licht: 2","49349","3","6","1","09","22","5","","2","0","1","0","0"
"POINT (7.137840464000020 50.711404619000099)","Unfall 49430 (2022) Kat:3, Licht: 0","49430","3","6","2","09","08","3","","0","0","1","0","0"
"POINT (7.041373348000040 50.741476445000004)","Unfall 49509 (2022) Kat:3, Licht: 2","49509","3","6","2","10","00","7","","2","0","1","0","0"
"POINT (7.169964703000060 50.676535258000101)","Unfall 49560 (2022) Kat:3, Licht: 2","49560","3","6","2","09","06","7","","2","0","1","0","0"
"POINT (7.162603364000060 50.725383674000099)","Unfall 49603 (2022) Kat:2, Licht: 0","49603","2","7","2","09","10","2","","0","0","1","0","0"
"POINT (7.116923346000020 50.739213751000101)","Unfall 49637 (2022) Kat:2, Licht: 0","49637","2","1","0","09","17","4","","0","0","0","0","1"
"POINT (7.059390641000050 50.693014147000000)","Unfall 49678 (2022) Kat:3, Licht: 2","49678","3","7","9","09","00","3","","2","0","1","0","0"
"POINT (7.134309364000050 50.707394530999998)","Unfall 49752 (2022) Kat:3, Licht: 0","49752","3","6","3","09","08","4","","0","0","1","0","0"
"POINT (7.114623588000030 50.760408699999999)","Unfall 49765 (2022) Kat:3, Licht: 0","49765","3","1","2","09","16","3","","0","0","1","0","0"
"POINT (7.045172005000040 50.649871378999997)","Unfall 49851 (2022) Kat:3, Licht: 0","49851","3","1","8","09","14","5","","0","0","1","0","0"
"POINT (7.068450280000040 50.755802264000103)","Unfall 49859 (2022) Kat:3, Licht: 0","49859","3","2","5","09","15","6","","0","0","1","0","0"
"POINT (7.133292140000040 50.705870656000101)","Unfall 49863 (2022) Kat:3, Licht: 0","49863","3","1","8","09","10","4","","0","0","1","0","0"
"POINT (7.051895519000030 50.752529162000002)","Unfall 49864 (2022) Kat:2, Licht: 0","49864","2","1","6","09","10","2","","0","0","0","1","0"
"POINT (7.080182270000020 50.697335201999998)","Unfall 49871 (2022) Kat:3, Licht: 0","49871","3","3","0","09","15","5","","0","0","1","0","0"
"POINT (7.082354693000070 50.732346176000100)","Unfall 49960 (2022) Kat:3, Licht: 0","49960","3","3","5","09","08","4","","0","1","1","0","0"
"POINT (7.078128860000050 50.704075850000002)","Unfall 49965 (2022) Kat:2, Licht: 0","49965","2","6","2","09","17","6","","0","1","0","0","0"
"POINT (7.114827559000050 50.760460346000102)","Unfall 50028 (2022) Kat:3, Licht: 0","50028","3","3","5","09","15","3","","0","0","1","0","0"
"POINT (7.085916093000040 50.718295130000101)","Unfall 50069 (2022) Kat:3, Licht: 0","50069","3","3","5","09","08","3","","0","1","1","0","0"
"POINT (7.100838128000020 50.738640724000000)","Unfall 50102 (2022) Kat:3, Licht: 0","50102","3","4","0","09","14","6","","0","1","0","1","0"
"POINT (7.154868006000070 50.751419382000101)","Unfall 50267 (2022) Kat:3, Licht: 0","50267","3","3","5","09","09","2","","0","0","1","0","0"
"POINT (7.176013978000070 50.662288936000003)","Unfall 50284 (2022) Kat:3, Licht: 2","50284","3","1","0","09","01","7","","2","1","0","0","0"
"POINT (7.102504020000030 50.737567387000098)","Unfall 50361 (2022) Kat:3, Licht: 0","50361","3","6","3","09","14","6","","0","1","0","0","0"
"POINT (7.065544662000040 50.672201612000002)","Unfall 50569 (2022) Kat:3, Licht: 0","50569","3","3","5","09","07","3","","0","1","1","0","0"
"POINT (7.148515354000040 50.691351918000102)","Unfall 50614 (2022) Kat:3, Licht: 0","50614","3","2","5","09","12","7","","0","1","1","0","0"
"POINT (7.115917742000020 50.761708528000000)","Unfall 50702 (2022) Kat:3, Licht: 0","50702","3","6","3","10","12","3","","0","0","1","0","0"
"POINT (7.087925724000060 50.732469602999998)","Unfall 50772 (2022) Kat:3, Licht: 0","50772","3","6","2","10","17","5","","0","0","1","0","0"
"POINT (7.097732021000070 50.737462482000097)","Unfall 50795 (2022) Kat:3, Licht: 0","50795","3","2","2","10","16","6","","0","0","1","0","0"
"POINT (7.153186874000030 50.750471675000000)","Unfall 50797 (2022) Kat:3, Licht: 0","50797","3","7","0","10","17","1","","0","0","0","0","0"
"POINT (7.062553799000060 50.722123377000102)","Unfall 50841 (2022) Kat:3, Licht: 2","50841","3","6","2","10","18","3","","2","0","1","0","0"
"POINT (7.142830824000040 50.745632659000101)","Unfall 50908 (2022) Kat:3, Licht: 2","50908","3","2","5","10","05","6","","2","1","0","0","0"
"POINT (7.045565054000060 50.715136415000103)","Unfall 50968 (2022) Kat:3, Licht: 2","50968","3","1","0","10","00","1","","2","0","0","0","1"
"POINT (7.118246359000070 50.739727342000002)","Unfall 51030 (2022) Kat:3, Licht: 0","51030","3","7","0","10","10","6","","0","0","0","0","0"
"POINT (7.086755802000030 50.737247525000001)","Unfall 51041 (2022) Kat:2, Licht: 0","51041","2","2","5","10","15","4","","0","1","1","0","0"
"POINT (7.112301075000060 50.762331861000099)","Unfall 51055 (2022) Kat:3, Licht: 0","51055","3","6","2","10","13","6","","0","0","1","0","0"
"POINT (7.155521950000040 50.751671826000099)","Unfall 51069 (2022) Kat:3, Licht: 0","51069","3","3","5","10","14","4","","0","1","1","0","0"
"POINT (7.084355577000050 50.737505046000102)","Unfall 51178 (2022) Kat:3, Licht: 2","51178","3","7","0","10","22","5","","2","0","1","0","0"
"POINT (7.098016306000030 50.737510934000099)","Unfall 51436 (2022) Kat:2, Licht: 0","51436","2","1","0","10","13","3","","0","1","0","0","0"
"POINT (7.050992853000030 50.716454564000102)","Unfall 51451 (2022) Kat:3, Licht: 2","51451","3","7","0","10","23","6","","2","1","0","0","0"
"POINT (7.119856105000050 50.762728627999998)","Unfall 51462 (2022) Kat:3, Licht: 0","51462","3","6","3","10","16","3","","0","0","1","0","0"
"POINT (7.134947241000020 50.703129449000102)","Unfall 51477 (2022) Kat:3, Licht: 0","51477","3","6","2","10","14","4","","0","0","1","0","0"
"POINT (7.162047833000030 50.681100944000001)","Unfall 51507 (2022) Kat:3, Licht: 0","51507","3","3","5","10","14","5","","0","0","1","0","0"
"POINT (7.046267094000030 50.739947958000101)","Unfall 51526 (2022) Kat:3, Licht: 2","51526","3","3","5","10","19","3","","2","1","1","0","0"
"POINT (7.072430514000080 50.744516994999998)","Unfall 51587 (2022) Kat:3, Licht: 0","51587","3","6","2","10","17","4","","0","0","1","0","0"
"POINT (7.104674300000060 50.737544881000098)","Unfall 51686 (2022) Kat:3, Licht: 0","51686","3","4","0","10","16","4","","0","1","0","1","0"
"POINT (7.145369949000040 50.693281860000099)","Unfall 51703 (2022) Kat:3, Licht: 0","51703","3","6","2","10","14","6","","0","0","1","0","0"
"POINT (7.072923712000030 50.737409819000000)","Unfall 51778 (2022) Kat:3, Licht: 2","51778","3","7","8","10","23","2","","2","0","1","0","0"
"POINT (7.135098861000070 50.703361350000101)","Unfall 51779 (2022) Kat:3, Licht: 0","51779","3","3","5","10","09","2","","0","1","1","0","0"
"POINT (7.077605291000050 50.742526967000103)","Unfall 51781 (2022) Kat:3, Licht: 2","51781","3","4","6","10","20","3","","2","0","0","1","0"
"POINT (7.141585341000050 50.752113924000099)","Unfall 51835 (2022) Kat:3, Licht: 0","51835","3","6","4","10","14","5","","0","1","0","0","0"
"POINT (7.114800620000040 50.760453380999998)","Unfall 51857 (2022) Kat:3, Licht: 2","51857","3","2","2","10","06","2","","2","0","1","0","0"
"POINT (7.145830466000060 50.693112618999997)","Unfall 51924 (2022) Kat:3, Licht: 0","51924","3","2","5","10","12","5","","0","1","1","0","0"
"POINT (7.092239993000020 50.733758428999998)","Unfall 51958 (2022) Kat:3, Licht: 0","51958","3","1","9","10","08","7","","0","0","0","0","1"
"POINT (7.107299596000080 50.731778301000098)","Unfall 51975 (2022) Kat:3, Licht: 0","51975","3","6","3","10","10","2","","0","0","1","0","1"
"POINT (7.073439291000060 50.728155151000102)","Unfall 51977 (2022) Kat:3, Licht: 2","51977","3","3","5","10","22","7","","2","1","1","0","0"
"POINT (7.091772885000070 50.717739515000098)","Unfall 52021 (2022) Kat:3, Licht: 0","52021","3","7","0","10","13","6","","0","0","0","1","0"
"POINT (7.093708469000030 50.736146198000000)","Unfall 52036 (2022) Kat:3, Licht: 0","52036","3","6","2","10","16","2","","0","0","1","0","0"
"POINT (7.117729095000070 50.739244348000099)","Unfall 52155 (2022) Kat:3, Licht: 2","52155","3","2","5","10","18","7","","2","0","0","0","0"
"POINT (7.081858530000030 50.732093235000001)","Unfall 52276 (2022) Kat:3, Licht: 0","52276","3","4","6","10","11","5","","0","0","1","1","0"
"POINT (7.153184028000060 50.686015457000103)","Unfall 52313 (2022) Kat:3, Licht: 2","52313","3","6","2","10","19","3","","2","0","1","0","1"
"POINT (7.062152755000060 50.632992137000002)","Unfall 52355 (2022) Kat:3, Licht: 0","52355","3","6","2","10","13","5","","0","0","1","0","0"
"POINT (7.099183332000050 50.747202345000098)","Unfall 52364 (2022) Kat:3, Licht: 0","52364","3","1","0","10","11","7","","0","1","0","0","0"
"POINT (7.088155667000020 50.736950611000097)","Unfall 52414 (2022) Kat:3, Licht: 0","52414","3","2","0","10","17","5","","0","1","1","0","0"
"POINT (7.117564165000030 50.739357656000003)","Unfall 52452 (2022) Kat:2, Licht: 0","52452","2","1","8","10","15","6","","0","0","1","0","0"
"POINT (7.090203612000040 50.734699913000000)","Unfall 52527 (2022) Kat:3, Licht: 2","52527","3","3","0","10","18","5","","2","0","1","0","1"
"POINT (7.098008692000060 50.705824882000101)","Unfall 52797 (2022) Kat:3, Licht: 0","52797","3","1","0","10","09","3","","0","0","0","0","1"
"POINT (7.155498944000040 50.751663524999998)","Unfall 52803 (2022) Kat:3, Licht: 0","52803","3","3","5","10","16","4","","0","1","1","0","0"
"POINT (7.138843250000040 50.742422883000103)","Unfall 52858 (2022) Kat:3, Licht: 0","52858","3","2","5","10","17","3","","0","1","1","0","0"
"POINT (7.065521631000020 50.672176348999997)","Unfall 52866 (2022) Kat:3, Licht: 0","52866","3","3","5","10","14","2","","0","1","1","0","0"
"POINT (7.118221411000040 50.739501470000100)","Unfall 52987 (2022) Kat:3, Licht: 0","52987","3","7","0","10","15","3","","0","0","1","0","0"
"POINT (7.140565700000020 50.752068508000001)","Unfall 53030 (2022) Kat:3, Licht: 0","53030","3","6","2","10","17","7","","0","0","1","0","0"
"POINT (7.071190997000030 50.727464361000003)","Unfall 53040 (2022) Kat:3, Licht: 0","53040","3","3","5","10","10","6","","0","1","1","0","0"
"POINT (7.062161904000050 50.721606326000000)","Unfall 53153 (2022) Kat:3, Licht: 0","53153","3","6","3","10","17","4","","0","0","1","0","0"
"POINT (7.105087749000060 50.737470084000101)","Unfall 53175 (2022) Kat:3, Licht: 0","53175","3","6","4","10","15","7","","0","1","0","0","0"
"POINT (7.124490221000030 50.713421922000101)","Unfall 53181 (2022) Kat:3, Licht: 0","53181","3","1","0","10","16","5","","0","0","0","0","1"
"POINT (7.078963991000020 50.749145923000100)","Unfall 53187 (2022) Kat:2, Licht: 0","53187","2","4","6","10","10","4","","0","0","0","1","0"
"POINT (7.110395152000020 50.764006982000097)","Unfall 53249 (2022) Kat:2, Licht: 0","53249","2","1","8","10","17","4","","0","1","0","0","0"
"POINT (7.117944814000050 50.739334990000003)","Unfall 53250 (2022) Kat:3, Licht: 0","53250","3","4","6","10","08","2","","0","1","0","1","0"
"POINT (7.152165218000050 50.688204720999998)","Unfall 53320 (2022) Kat:3, Licht: 0","53320","3","7","1","10","18","3","","0","0","1","0","0"
"POINT (7.072824735000040 50.753228286000102)","Unfall 53529 (2022) Kat:3, Licht: 2","53529","3","6","0","10","21","4","","2","0","1","0","0"
"POINT (7.080495612000050 50.731132601000098)","Unfall 53567 (2022) Kat:3, Licht: 2","53567","3","1","0","11","21","5","","2","0","0","0","0"
"POINT (7.167177893000030 50.678101194000099)","Unfall 53568 (2022) Kat:3, Licht: 1","53568","3","6","3","11","06","4","","1","0","1","0","0"
"POINT (7.079332056000060 50.749364849000102)","Unfall 53656 (2022) Kat:3, Licht: 0","53656","3","1","0","11","09","2","","0","1","0","0","0"
"POINT (7.093346440000060 50.742617678000002)","Unfall 53974 (2022) Kat:3, Licht: 0","53974","3","2","5","11","08","2","","0","0","1","0","1"
"POINT (7.162276332000030 50.738297943000099)","Unfall 53990 (2022) Kat:3, Licht: 2","53990","3","7","0","11","23","4","","2","0","0","0","0"
"POINT (7.089977960000060 50.731361769000003)","Unfall 54036 (2022) Kat:3, Licht: 2","54036","3","2","5","11","20","3","","2","1","1","0","0"
"POINT (7.175732083000070 50.664577204000103)","Unfall 54044 (2022) Kat:3, Licht: 0","54044","3","2","5","10","13","2","","0","1","1","0","0"
"POINT (7.121547606000040 50.742382056000103)","Unfall 54139 (2022) Kat:3, Licht: 1","54139","3","1","0","11","16","6","","1","1","0","0","0"
"POINT (7.060492357000040 50.720773129000101)","Unfall 54221 (2022) Kat:3, Licht: 0","54221","3","2","5","11","08","5","","0","1","1","0","0"
"POINT (7.064022669000050 50.758359085000102)","Unfall 54314 (2022) Kat:3, Licht: 0","54314","3","3","5","11","11","6","","0","1","0","0","0"
"POINT (7.077116608000040 50.729567861000099)","Unfall 54541 (2022) Kat:3, Licht: 1","54541","3","6","0","11","16","1","","1","0","1","0","1"
"POINT (7.155110136000080 50.739022173000102)","Unfall 54655 (2022) Kat:3, Licht: 2","54655","3","2","6","11","19","6","","2","0","0","1","0"
"POINT (7.124912416000030 50.712909452000098)","Unfall 54782 (2022) Kat:3, Licht: 0","54782","3","1","8","11","09","6","","0","0","1","0","0"
"POINT (7.139593339000040 50.752012966000102)","Unfall 54900 (2022) Kat:3, Licht: 2","54900","3","2","2","11","00","7","","2","0","1","0","0"
"POINT (7.077204074000060 50.686582669000103)","Unfall 54911 (2022) Kat:3, Licht: 0","54911","3","6","1","11","07","6","","0","0","1","0","0"
"POINT (7.130064221000050 50.740749059999999)","Unfall 54912 (2022) Kat:2, Licht: 0","54912","2","2","4","11","10","3","","0","0","1","0","0"
"POINT (7.071829095000060 50.743703871000001)","Unfall 54927 (2022) Kat:3, Licht: 2","54927","3","6","3","11","21","3","","2","0","1","0","0"
"POINT (7.094997906000060 50.730332136000101)","Unfall 55002 (2022) Kat:3, Licht: 0","55002","3","2","4","11","11","5","","0","0","1","0","1"
"POINT (7.136770977000030 50.701391448000003)","Unfall 55120 (2022) Kat:3, Licht: 2","55120","3","6","2","11","20","5","","2","0","1","0","0"
"POINT (7.129868309000070 50.764792661999998)","Unfall 55256 (2022) Kat:3, Licht: 0","55256","3","6","3","11","13","4","","0","0","1","0","0"
"POINT (7.125811125000040 50.747739502999998)","Unfall 55321 (2022) Kat:3, Licht: 0","55321","3","6","2","11","09","2","","0","0","1","0","0"
"POINT (7.117681554000060 50.739398356999999)","Unfall 55378 (2022) Kat:3, Licht: 0","55378","3","1","0","11","12","5","","0","0","1","0","1"
"POINT (7.101162167000040 50.737685734000102)","Unfall 55437 (2022) Kat:3, Licht: 2","55437","3","2","1","11","21","6","","2","0","1","0","0"
"POINT (7.100525531000070 50.738943441000103)","Unfall 55471 (2022) Kat:3, Licht: 0","55471","3","2","5","10","10","2","","0","1","1","0","0"
"POINT (7.091381118000070 50.725489715999998)","Unfall 55473 (2022) Kat:3, Licht: 0","55473","3","7","0","11","08","5","","0","1","0","0","0"
"POINT (7.155820993000020 50.751771536000000)","Unfall 55486 (2022) Kat:3, Licht: 2","55486","3","3","5","11","17","4","","2","0","1","0","0"
"POINT (7.122589819000040 50.743899371000097)","Unfall 55566 (2022) Kat:3, Licht: 2","55566","3","6","2","11","19","1","","2","0","1","0","0"
"POINT (7.135198321000080 50.764954625000001)","Unfall 55583 (2022) Kat:3, Licht: 2","55583","3","1","9","11","02","4","","2","0","1","0","0"
"POINT (7.075866345000070 50.740412193000097)","Unfall 55669 (2022) Kat:3, Licht: 0","55669","3","6","2","11","16","1","","0","0","1","0","0"
"POINT (7.151996867000040 50.688399011000101)","Unfall 55731 (2022) Kat:3, Licht: 0","55731","3","6","6","11","10","3","","0","0","1","1","0"
"POINT (7.086488292000070 50.737185661000098)","Unfall 55765 (2022) Kat:3, Licht: 2","55765","3","2","5","11","06","5","","2","1","0","0","0"
"POINT (7.054053623000070 50.739592496000100)","Unfall 55831 (2022) Kat:3, Licht: 2","55831","3","4","6","11","07","4","","2","0","1","1","0"
"POINT (7.081852978000030 50.737531922000102)","Unfall 55862 (2022) Kat:3, Licht: 0","55862","3","3","5","11","13","6","","0","0","1","0","0"
"POINT (7.086958663000080 50.744764884000098)","Unfall 55904 (2022) Kat:3, Licht: 0","55904","3","2","2","11","07","4","","0","1","0","0","0"
"POINT (7.168989791000060 50.677061234000099)","Unfall 55958 (2022) Kat:3, Licht: 0","55958","3","6","2","11","14","3","","0","0","1","0","0"
"POINT (7.089740257000070 50.743676018000002)","Unfall 56016 (2022) Kat:3, Licht: 0","56016","3","2","2","11","12","3","","0","0","1","0","1"
"POINT (7.110416610000070 50.760456845000100)","Unfall 56102 (2022) Kat:3, Licht: 2","56102","3","6","3","11","06","2","","2","0","1","0","0"
"POINT (7.148218841000070 50.691533462000102)","Unfall 56132 (2022) Kat:3, Licht: 1","56132","3","2","5","11","07","3","","1","1","1","0","0"
"POINT (7.120721355000060 50.741182008000102)","Unfall 56200 (2022) Kat:3, Licht: 0","56200","3","2","5","12","14","5","","0","1","1","0","0"
"POINT (7.081211560000040 50.748221082999997)","Unfall 56315 (2022) Kat:3, Licht: 0","56315","3","2","5","11","13","7","","0","1","1","0","0"
"POINT (7.091650024000050 50.715501922000001)","Unfall 56444 (2022) Kat:2, Licht: 2","56444","2","4","6","11","18","6","","2","1","0","1","0"
"POINT (7.090687182000070 50.731168588999999)","Unfall 56470 (2022) Kat:3, Licht: 0","56470","3","7","0","11","18","5","","0","0","0","0","0"
"POINT (7.169062518000030 50.677020545000097)","Unfall 56509 (2022) Kat:3, Licht: 0","56509","3","6","2","11","10","5","","0","0","1","0","0"
"POINT (7.081046982000030 50.737864545000001)","Unfall 56610 (2022) Kat:3, Licht: 2","56610","3","3","5","11","17","4","","2","0","1","0","1"
"POINT (7.068558484000050 50.706510621000099)","Unfall 56638 (2022) Kat:3, Licht: 1","56638","3","6","2","11","14","5","","1","0","1","0","0"
"POINT (7.102296256000050 50.737570036000101)","Unfall 56669 (2022) Kat:3, Licht: 2","56669","3","1","3","11","19","3","","2","0","1","0","0"
"POINT (7.088785109000070 50.731851466000101)","Unfall 56795 (2022) Kat:3, Licht: 2","56795","3","5","4","11","18","7","","2","0","1","0","0"
"POINT (7.086488282000060 50.733998542999998)","Unfall 56821 (2022) Kat:3, Licht: 0","56821","3","6","2","11","08","4","","0","0","1","0","0"
"POINT (7.137202965000030 50.700945444000098)","Unfall 56825 (2022) Kat:3, Licht: 0","56825","3","1","0","11","10","5","","0","1","0","0","0"
"POINT (7.122589819000040 50.743899371000097)","Unfall 56874 (2022) Kat:2, Licht: 0","56874","2","2","3","11","11","4","","0","0","1","0","0"
"POINT (7.078134730000040 50.739054748999997)","Unfall 56887 (2022) Kat:3, Licht: 2","56887","3","3","5","11","05","1","","2","0","1","0","0"
"POINT (7.078138950000040 50.739042623000003)","Unfall 56900 (2022) Kat:3, Licht: 2","56900","3","2","6","11","07","3","","2","0","1","1","0"
"POINT (7.086718218000040 50.737254765000003)","Unfall 56911 (2022) Kat:2, Licht: 0","56911","2","2","5","12","15","1","","0","1","1","0","0"
"POINT (7.086349505000040 50.737318065000103)","Unfall 56929 (2022) Kat:3, Licht: 0","56929","3","2","5","12","12","7","","0","1","1","0","0"
"POINT (7.135755760000050 50.708493261999998)","Unfall 56933 (2022) Kat:3, Licht: 2","56933","3","6","2","12","16","6","","2","0","1","0","0"
"POINT (7.071911925000050 50.740158745000002)","Unfall 57071 (2022) Kat:2, Licht: 0","57071","2","6","3","12","10","5","","0","0","1","0","0"
"POINT (7.117799936000040 50.739270476000101)","Unfall 57081 (2022) Kat:3, Licht: 0","57081","3","4","6","12","14","6","","0","0","0","1","0"
"POINT (7.155770661000080 50.729358206000001)","Unfall 57137 (2022) Kat:2, Licht: 0","57137","2","6","2","12","17","2","","0","0","1","0","0"
"POINT (7.146273534000040 50.679284684000002)","Unfall 57205 (2022) Kat:2, Licht: 0","57205","2","7","8","12","15","5","","0","0","1","0","0"
"POINT (7.043003450000070 50.741151324999997)","Unfall 57232 (2022) Kat:3, Licht: 2","57232","3","6","2","12","20","3","","2","0","1","0","0"