WKT,Name,OBJECTID,UKATEGORIE,UTYP1,UART,UMONAT,USTUNDE,UWOCHENTAG,STRZUSTAND,ULICHTVERH,ISTRAD,ISTPKW,ISTFUSS,ISTKRAD
"POINT (7.078113241000040 50.750087893000099)","Unfall 57239 (2022) Kat:3, Licht: 0","57239","3","3","5","12","07","6","","0","1","1","0","0"
"POINT (7.137294686000080 50.701183431000103)","Unfall 57471 (2022) Kat:3, Licht: 2","57471","3","6","1","12","05","1","","2","0","1","0","0"
"POINT (7.048974437000030 50.716388187000099)","Unfall 57562 (2022) Kat:3, Licht: 0","57562","3","7","0","12","14","5","","0","0","0","0","0"
"POINT (7.078113984000030 50.742405482000002)","Unfall 57796 (2022) Kat:3, Licht: 2","57796","3","3","5","12","17","1","","2","0","1","0","0"
"POINT (7.045706706000030 50.715259230000100)","Unfall 57808 (2022) Kat:3, Licht: 0","57808","3","2","6","12","14","4","","0","0","1","1","0"
"POINT (7.086175100000050 50.735550512000003)","Unfall 57814 (2022) Kat:3, Licht: 2","57814","3","6","0","12","05","4","","2","0","1","0","0"
"POINT (7.082870576000060 50.732498077000102)","Unfall 57839 (2022) Kat:3, Licht: 0","57839","3","6","2","12","09","3","","0","0","1","0","0"
"POINT (7.085921681000060 50.745355648999997)","Unfall 57866 (2022) Kat:3, Licht: 2","57866","3","2","5","12","19","4","","2","1","1","0","0"
"POINT (7.143180865000030 50.694928226999998)","Unfall 57979 (2022) Kat:3, Licht: 2","57979","3","3","5","12","19","4","","2","0","1","0","0"
"POINT (7.123984936000060 50.713589666000097)","Unfall 58162 (2022) Kat:3, Licht: 0","58162","3","6","3","12","13","1","","0","0","1","0","0"
"POINT (7.127390423000070 50.740200514000001)","Unfall 58165 (2022) Kat:3, Licht: 2","58165","3","3","5","12","17","2","","2","1","1","0","0"
"POINT (7.097032038000070 50.737102227000001)","Unfall 58173 (2022) Kat:3, Licht: 2","58173","3","2","0","12","18","4","","2","0","1","0","1"
"POINT (7.093781331000060 50.733498048999998)","Unfall 58268 (2022) Kat:3, Licht: 1","58268","3","3","5","12","15","6","","1","0","1","0","0"
"POINT (7.091940986000050 50.736347057000003)","Unfall 58292 (2022) Kat:2, Licht: 2","58292","2","1","0","12","01","7","","2","0","0","0","0"
"POINT (7.140951164000060 50.697125417000102)","Unfall 58415 (2022) Kat:3, Licht: 0","58415","3","6","2","12","10","6","","0","0","1","0","0"
"POINT (7.094800172000020 50.728959465000102)","Unfall 58444 (2022) Kat:3, Licht: 2","58444","3","7","6","12","17","2","","2","1","0","1","0"
"POINT (7.161388090000060 50.747214114000002)","Unfall 58749 (2022) Kat:3, Licht: 0","58749","3","3","5","12","10","5","","0","1","1","0","0"
"POINT (7.141369447000050 50.697068223000002)","Unfall 58810 (2022) Kat:3, Licht: 0","58810","3","3","5","12","09","6","","0","1","1","0","0"
"POINT (7.145151764000050 50.693543499000000)","Unfall 59043 (2022) Kat:3, Licht: 0","59043","3","1","8","12","09","4","","0","0","1","0","0"
"POINT (7.192944635000060 50.657147001000098)","Unfall 59636 (2022) Kat:2, Licht: 2","59636","2","1","8","12","04","5","","2","0","1","0","0"
"POINT (7.090298573000040 50.736656621000101)","Unfall 59706 (2022) Kat:3, Licht: 2","59706","3","4","6","12","22","5","","2","1","0","1","0"
"POINT (7.064752717000030 50.719559672999999)","Unfall 59814 (2022) Kat:3, Licht: 2","59814","3","2","5","12","23","3","","2","0","1","0","0"
"POINT (7.061045001000020 50.708842662999999)","Unfall 59815 (2022) Kat:3, Licht: 0","59815","3","6","5","01","16","2","","0","0","1","0","0"
"POINT (7.080462175000040 50.731109059000097)","Unfall 59854 (2022) Kat:3, Licht: 2","59854","3","7","3","12","00","5","","2","0","1","0","0"
"POINT (7.133036464000040 50.733118493000099)","Unfall 60151 (2022) Kat:3, Licht: 2","60151","3","2","5","12","17","5","","2","1","1","0","0"
"POINT (7.116704484000020 50.719301391000002)","Unfall 166601 (2022) Kat:3, Licht: 2","166601","3","6","2","01","19","7","","2","0","1","0","0"
"POINT (7.134476062000030 50.724999787999998)","Unfall 166634 (2022) Kat:3, Licht: 0","166634","3","3","5","01","12","2","","0","1","1","0","0"
"POINT (7.116379136000030 50.738311859000099)","Unfall 166723 (2022) Kat:2, Licht: 2","166723","2","6","4","01","07","2","","2","1","1","0","0"
"POINT (7.047590185000050 50.758726173000099)","Unfall 166895 (2022) Kat:3, Licht: 0","166895","3","1","6","01","09","7","","0","0","1","1","0"
"POINT (7.161728755000070 50.674006587000100)","Unfall 166952 (2022) Kat:2, Licht: 0","166952","2","3","5","01","13","3","","0","0","1","0","1"
"POINT (7.158167223000020 50.680135643000000)","Unfall 167002 (2022) Kat:2, Licht: 2","167002","2","4","6","01","20","3","","2","0","1","1","0"
"POINT (7.137361541000080 50.763582288000102)","Unfall 167081 (2022) Kat:1, Licht: 0","167081","1","6","3","01","12","1","","0","0","1","0","1"
"POINT (7.139479914000050 50.696299925000098)","Unfall 167141 (2022) Kat:3, Licht: 2","167141","3","1","8","01","23","2","","2","0","1","0","0"
"POINT (7.145900165000060 50.690296592999999)","Unfall 167151 (2022) Kat:2, Licht: 0","167151","2","4","6","01","13","2","","0","0","1","1","0"
"POINT (7.121171446000060 50.713911832000100)","Unfall 167628 (2022) Kat:3, Licht: 0","167628","3","1","8","01","12","7","","0","0","0","0","0"
"POINT (7.057861248000050 50.742786967000001)","Unfall 167664 (2022) Kat:2, Licht: 0","167664","2","1","8","01","08","7","","0","0","1","0","0"
"POINT (7.039219756000020 50.713331813000103)","Unfall 167666 (2022) Kat:3, Licht: 0","167666","3","7","6","02","08","4","","0","1","0","1","0"
"POINT (7.163402104000060 50.682189710000003)","Unfall 167700 (2022) Kat:3, Licht: 0","167700","3","5","1","01","14","7","","0","1","1","0","0"
"POINT (7.110241994000030 50.716991422000000)","Unfall 167709 (2022) Kat:3, Licht: 0","167709","3","3","5","01","16","2","","0","1","1","0","0"
"POINT (7.115754898000030 50.708968857999999)","Unfall 167735 (2022) Kat:3, Licht: 0","167735","3","3","5","01","16","6","","0","1","1","0","0"
"POINT (7.156332756000040 50.679123886000099)","Unfall 167754 (2022) Kat:3, Licht: 1","167754","3","7","0","01","16","2","","1","0","0","0","0"
"POINT (7.109176363000070 50.710345635000103)","Unfall 167793 (2022) Kat:3, Licht: 2","167793","3","3","5","02","19","3","","2","1","1","0","0"
"POINT (7.081170215000040 50.722918065000002)","Unfall 167794 (2022) Kat:3, Licht: 0","167794","3","5","1","01","13","7","","0","1","1","0","0"
"POINT (7.131427937000070 50.699068066999999)","Unfall 167876 (2022) Kat:3, Licht: 0","167876","3","3","5","02","15","3","","0","0","1","0","0"
"POINT (7.151881827000070 50.695673887000098)","Unfall 167970 (2022) Kat:3, Licht: 2","167970","3","7","0","01","19","4","","2","1","0","1","0"
"POINT (7.042011815000020 50.711337319999998)","Unfall 167984 (2022) Kat:3, Licht: 0","167984","3","7","4","02","14","4","","0","0","1","0","0"
"POINT (7.136995807000060 50.695426419999997)","Unfall 167994 (2022) Kat:3, Licht: 0","167994","3","2","2","02","11","3","","0","0","1","0","0"
"POINT (7.059216069000060 50.703783070000000)","Unfall 168016 (2022) Kat:3, Licht: 0","168016","3","3","5","01","12","5","","0","0","1","0","0"
"POINT (7.153527912000070 50.682112248000102)","Unfall 168017 (2022) Kat:2, Licht: 1","168017","2","2","5","02","17","4","","1","1","1","0","0"
"POINT (7.099169681000030 50.732235754999998)","Unfall 168057 (2022) Kat:2, Licht: 0","168057","2","7","0","02","14","3","","0","0","0","1","0"
"POINT (7.086297747000060 50.756146038000097)","Unfall 168091 (2022) Kat:3, Licht: 0","168091","3","3","5","02","13","6","","0","1","1","0","0"
"POINT (7.068127421000040 50.724493705000000)","Unfall 168110 (2022) Kat:3, Licht: 0","168110","3","2","5","01","09","5","","0","1","1","0","0"
"POINT (7.072266319000050 50.748373569000101)","Unfall 168131 (2022) Kat:3, Licht: 0","168131","3","3","5","01","14","2","","0","0","1","0","0"
"POINT (7.097826507000040 50.732204951000000)","Unfall 168150 (2022) Kat:3, Licht: 0","168150","3","3","5","01","13","6","","0","0","1","0","0"
"POINT (7.122201713000040 50.742641849999998)","Unfall 168176 (2022) Kat:3, Licht: 0","168176","3","7","1","02","10","3","","0","0","1","0","0"
"POINT (7.093931021000060 50.719923976000103)","Unfall 168217 (2022) Kat:3, Licht: 2","168217","3","2","5","02","22","1","","2","1","1","0","0"
"POINT (7.096239792000060 50.722675308000099)","Unfall 168258 (2022) Kat:3, Licht: 0","168258","3","7","5","01","12","5","","0","0","1","0","0"
"POINT (7.100385145000080 50.733221272000002)","Unfall 168307 (2022) Kat:3, Licht: 0","168307","3","1","0","01","15","7","","0","1","0","0","0"
"POINT (7.093154481000060 50.733040062000001)","Unfall 168325 (2022) Kat:3, Licht: 2","168325","3","2","3","01","17","5","","2","1","0","0","0"
"POINT (7.125485216000070 50.727864919000098)","Unfall 168345 (2022) Kat:3, Licht: 0","168345","3","5","0","01","14","1","","0","1","1","0","0"
"POINT (7.145146923000030 50.692637918000102)","Unfall 168393 (2022) Kat:3, Licht: 0","168393","3","3","5","01","13","6","","0","1","1","0","0"
"POINT (7.066888869000020 50.742815602000100)","Unfall 168417 (2022) Kat:3, Licht: 2","168417","3","6","6","02","07","1","","2","0","1","1","0"
"POINT (7.135069353000060 50.694624772000097)","Unfall 168424 (2022) Kat:2, Licht: 2","168424","2","7","7","02","06","4","","2","1","0","0","0"
"POINT (7.150810369000060 50.686940329000002)","Unfall 168450 (2022) Kat:3, Licht: 0","168450","3","7","5","02","12","3","","0","0","1","0","0"
"POINT (7.055646539000070 50.712752394000098)","Unfall 168509 (2022) Kat:3, Licht: 2","168509","3","2","5","01","20","3","","2","1","1","0","0"
"POINT (7.181032469000060 50.668888883000101)","Unfall 168621 (2022) Kat:3, Licht: 2","168621","3","6","2","01","06","3","","2","0","1","0","0"
"POINT (7.146587899000050 50.683589654000102)","Unfall 168707 (2022) Kat:3, Licht: 0","168707","3","1","6","03","16","2","","0","0","1","1","0"
"POINT (7.103237767000050 50.730422693000001)","Unfall 168708 (2022) Kat:3, Licht: 0","168708","3","5","1","02","07","3","","0","1","1","0","0"
"POINT (7.071416532000060 50.714535327000100)","Unfall 168756 (2022) Kat:3, Licht: 2","168756","3","6","0","02","19","3","","2","1","1","0","0"
"POINT (7.089315946000060 50.725551795999998)","Unfall 168786 (2022) Kat:3, Licht: 0","168786","3","3","5","02","16","6","","0","0","1","0","1"
"POINT (7.072755444000050 50.737127938000100)","Unfall 168911 (2022) Kat:3, Licht: 0","168911","3","3","5","02","11","3","","0","1","0","0","0"
"POINT (7.141467272000060 50.694267092000104)","Unfall 168912 (2022) Kat:3, Licht: 0","168912","3","3","5","03","12","3","","0","0","1","0","1"
"POINT (7.157789713000060 50.682566564000098)","Unfall 168918 (2022) Kat:3, Licht: 2","168918","3","3","5","02","18","6","","2","1","1","0","0"
"POINT (7.100448243000070 50.731926655000102)","Unfall 168938 (2022) Kat:3, Licht: 2","168938","3","4","6","02","21","4","","2","0","0","1","0"
"POINT (7.095878891000040 50.744064170000101)","Unfall 168942 (2022) Kat:3, Licht: 0","168942","3","7","1","03","16","7","","0","0","1","0","0"
"POINT (7.130863332000050 50.691307020000103)","Unfall 169004 (2022) Kat:2, Licht: 0","169004","2","1","9","02","11","4","","0","0","1","0","0"
"POINT (7.133961209000060 50.725201675000100)","Unfall 169019 (2022) Kat:3, Licht: 0","169019","3","5","0","02","09","7","","0","1","1","0","0"
"POINT (7.154355839000060 50.682662856000000)","Unfall 169034 (2022) Kat:3, Licht: 2","169034","3","3","5","02","18","2","","2","1","1","0","0"
"POINT (7.072879606000070 50.748966784000103)","Unfall 169069 (2022) Kat:3, Licht: 0","169069","3","3","5","03","16","4","","0","0","1","0","0"
"POINT (7.100119692000020 50.703623638000103)","Unfall 169117 (2022) Kat:3, Licht: 0","169117","3","2","0","02","15","3","","0","0","0","0","1"
"POINT (7.126684916000040 50.739151818000003)","Unfall 169129 (2022) Kat:3, Licht: 0","169129","3","7","0","03","15","1","","0","0","0","1","0"
"POINT (7.163929907000070 50.671812109000001)","Unfall 169145 (2022) Kat:3, Licht: 0","169145","3","2","5","02","09","7","","0","1","1","0","0"
"POINT (7.126214526000070 50.742443123999998)","Unfall 169170 (2022) Kat:2, Licht: 0","169170","2","1","0","02","12","6","","0","1","0","0","0"
"POINT (7.154420312000070 50.743555153000003)","Unfall 169273 (2022) Kat:3, Licht: 2","169273","3","1","9","02","01","7","","2","0","1","0","0"
"POINT (7.160848534000020 50.681494664000098)","Unfall 169315 (2022) Kat:3, Licht: 0","169315","3","2","2","03","16","4","","0","0","1","0","0"
"POINT (7.041752412000050 50.711426652000100)","Unfall 169404 (2022) Kat:3, Licht: 0","169404","3","6","2","02","16","2","","0","0","1","0","0"
"POINT (7.072404300000070 50.725231134000097)","Unfall 169548 (2022) Kat:3, Licht: 0","169548","3","2","5","03","14","5","","0","1","1","0","0"
"POINT (7.107921707000060 50.722271971000097)","Unfall 169552 (2022) Kat:3, Licht: 2","169552","3","6","3","02","03","1","","2","0","1","0","0"
"POINT (7.075901707000070 50.728556836000102)","Unfall 169573 (2022) Kat:3, Licht: 2","169573","3","7","7","02","22","6","","2","1","0","0","0"
"POINT (7.035571588000040 50.710561964000100)","Unfall 169591 (2022) Kat:2, Licht: 0","169591","2","4","6","02","07","5","","0","0","1","1","0"
"POINT (7.080254060000070 50.743915395999998)","Unfall 169686 (2022) Kat:3, Licht: 0","169686","3","1","8","03","16","1","","0","1","1","0","0"
"POINT (7.123011748000070 50.739981598000000)","Unfall 169741 (2022) Kat:3, Licht: 0","169741","3","1","0","03","14","4","","0","1","0","0","0"
"POINT (7.186531450000070 50.667272721000103)","Unfall 169770 (2022) Kat:3, Licht: 0","169770","3","2","2","03","15","3","","0","0","1","0","0"
"POINT (7.121735881000060 50.718952801999997)","Unfall 169842 (2022) Kat:3, Licht: 2","169842","3","5","1","03","18","4","","2","1","1","0","0"
"POINT (7.095078407000070 50.734628104000102)","Unfall 169902 (2022) Kat:3, Licht: 0","169902","3","1","0","03","12","7","","0","1","0","0","0"
"POINT (7.107991652000070 50.716399232000100)","Unfall 169929 (2022) Kat:3, Licht: 0","169929","3","1","0","03","14","1","","0","1","0","0","0"
"POINT (7.116794436000020 50.716072547000103)","Unfall 169964 (2022) Kat:3, Licht: 1","169964","3","4","6","03","06","6","","1","0","0","1","0"
"POINT (7.105359907000040 50.738485081000100)","Unfall 170002 (2022) Kat:3, Licht: 0","170002","3","3","5","03","16","3","","0","0","1","0","0"
"POINT (7.116316915000030 50.749805222000099)","Unfall 170037 (2022) Kat:3, Licht: 0","170037","3","5","1","03","08","4","","0","0","1","0","0"
"POINT (7.103051603000040 50.704679048999999)","Unfall 170051 (2022) Kat:3, Licht: 2","170051","3","3","5","03","21","5","","2","0","1","0","0"
"POINT (7.048316168000040 50.745413621000097)","Unfall 170061 (2022) Kat:3, Licht: 2","170061","3","1","9","03","22","2","","2","0","1","0","0"
"POINT (7.155106088000030 50.694534362000098)","Unfall 170084 (2022) Kat:3, Licht: 0","170084","3","5","1","03","16","5","","0","1","1","0","0"
"POINT (7.104112528000030 50.721109473000098)","Unfall 170099 (2022) Kat:3, Licht: 0","170099","3","6","2","03","09","3","","0","0","1","0","0"
"POINT (7.139873272000050 50.695736469000103)","Unfall 170112 (2022) Kat:2, Licht: 0","170112","2","2","5","03","10","2","","0","1","1","0","0"
"POINT (7.072904699000050 50.737210398000101)","Unfall 170134 (2022) Kat:3, Licht: 0","170134","3","1","0","03","17","6","","0","1","0","0","0"
"POINT (7.144472004000020 50.691602183999997)","Unfall 170180 (2022) Kat:3, Licht: 2","170180","3","3","5","03","21","7","","2","0","1","0","0"
"POINT (7.052671986000060 50.704092598000003)","Unfall 170184 (2022) Kat:3, Licht: 0","170184","3","6","2","03","08","6","","0","0","1","0","1"
"POINT (7.149673756000030 50.671013819999999)","Unfall 170218 (2022) Kat:3, Licht: 0","170218","3","3","5","03","12","5","","0","1","1","0","0"
"POINT (7.140048504000050 50.696766607000001)","Unfall 170250 (2022) Kat:3, Licht: 1","170250","3","3","5","03","18","5","","1","1","1","0","0"
"POINT (7.159952393000030 50.721409420000001)","Unfall 170289 (2022) Kat:3, Licht: 0","170289","3","3","5","03","16","5","","0","1","1","0","0"
"POINT (7.096381907000020 50.728770482000101)","Unfall 170302 (2022) Kat:3, Licht: 0","170302","3","7","6","03","11","5","","0","0","1","1","0"
"POINT (7.088196255000070 50.741039908000097)","Unfall 170369 (2022) Kat:3, Licht: 0","170369","3","2","2","03","12","4","","0","0","1","0","0"
"POINT (7.193121844000070 50.739788908999998)","Unfall 170385 (2022) Kat:3, Licht: 0","170385","3","4","6","03","16","6","","0","0","1","1","0"
"POINT (7.186430565000020 50.667202545000102)","Unfall 170396 (2022) Kat:3, Licht: 0","170396","3","3","5","03","11","3","","0","1","1","0","0"
"POINT (7.134133582000060 50.694293356000102)","Unfall 170400 (2022) Kat:3, Licht: 0","170400","3","3","5","03","17","2","","0","1","1","0","0"
"POINT (7.115225986000040 50.751433245999998)","Unfall 170408 (2022) Kat:2, Licht: 0","170408","2","7","9","03","08","4","","0","0","1","0","0"
"POINT (7.090352971000070 50.721418632999999)","Unfall 170460 (2022) Kat:3, Licht: 0","170460","3","7","5","03","08","4","","0","1","1","0","0"
"POINT (7.160038344000040 50.696657845000097)","Unfall 170485 (2022) Kat:3, Licht: 1","170485","3","2","5","03","07","4","","1","1","1","0","0"
"POINT (7.114975188000070 50.738148729000002)","Unfall 170547 (2022) Kat:3, Licht: 2","170547","3","7","0","03","20","7","","2","1","0","0","0"
"POINT (7.162878182000040 50.727381278000102)","Unfall 170556 (2022) Kat:3, Licht: 0","170556","3","6","2","03","09","5","","0","0","1","0","0"
"POINT (7.168097903000050 50.745181887000101)","Unfall 170625 (2022) Kat:3, Licht: 0","170625","3","5","2","03","16","3","","0","0","1","0","0"
"POINT (7.110268695000060 50.712960066000100)","Unfall 170629 (2022) Kat:3, Licht: 0","170629","3","7","1","03","09","2","","0","1","1","0","0"
"POINT (7.074220353000040 50.726115181000097)","Unfall 170631 (2022) Kat:3, Licht: 0","170631","3","3","5","03","16","5","","0","1","1","0","0"
"POINT (7.059171604000030 50.703826821000099)","Unfall 170648 (2022) Kat:3, Licht: 0","170648","3","6","2","03","11","5","","0","0","1","0","0"
"POINT (7.134363264000060 50.689874752999998)","Unfall 170654 (2022) Kat:3, Licht: 0","170654","3","4","6","03","12","2","","0","1","0","1","0"
"POINT (7.093571834000040 50.726422940000099)","Unfall 170674 (2022) Kat:3, Licht: 0","170674","3","1","0","03","12","5","","0","1","0","0","0"
"POINT (7.116296252000040 50.738398357000101)","Unfall 170744 (2022) Kat:3, Licht: 0","170744","3","2","4","04","15","2","","0","1","1","0","0"
"POINT (7.161760732000060 50.673991635000000)","Unfall 170799 (2022) Kat:2, Licht: 0","170799","2","5","1","04","11","4","","0","1","1","0","0"
"POINT (7.148091460000050 50.691088327000003)","Unfall 170818 (2022) Kat:3, Licht: 0","170818","3","6","2","03","19","2","","0","0","1","0","0"
"POINT (7.169547484000020 50.684056802000001)","Unfall 170844 (2022) Kat:3, Licht: 2","170844","3","5","1","04","02","7","","2","0","1","0","0"
"POINT (7.180841763000050 50.661976160999998)","Unfall 170883 (2022) Kat:3, Licht: 0","170883","3","7","5","04","11","4","","0","0","1","0","1"
"POINT (7.069988209000030 50.731153739000000)","Unfall 170908 (2022) Kat:3, Licht: 0","170908","3","2","5","04","13","4","","0","1","1","0","0"
"POINT (7.057779297000020 50.699659134999997)","Unfall 170909 (2022) Kat:3, Licht: 0","170909","3","3","5","04","13","2","","0","0","1","0","0"
"POINT (7.146260440000050 50.690483966000002)","Unfall 170912 (2022) Kat:3, Licht: 0","170912","3","3","5","04","16","1","","0","0","1","0","0"
"POINT (7.125625863000040 50.719879418000097)","Unfall 170935 (2022) Kat:3, Licht: 0","170935","3","6","3","04","15","5","","0","1","0","0","0"
"POINT (7.110220602000030 50.717077169000000)","Unfall 171010 (2022) Kat:3, Licht: 0","171010","3","3","5","03","15","3","","0","1","1","0","0"
"POINT (7.162893502000030 50.697545849999997)","Unfall 171034 (2022) Kat:3, Licht: 0","171034","3","2","5","04","10","5","","0","1","1","0","0"
"POINT (7.088345375000070 50.740951102000103)","Unfall 171041 (2022) Kat:3, Licht: 2","171041","3","3","5","04","05","6","","2","0","1","0","1"
"POINT (7.061716615000020 50.704426620000000)","Unfall 171072 (2022) Kat:3, Licht: 0","171072","3","6","2","04","15","4","","0","0","1","0","0"
"POINT (7.155337738000070 50.694371487000097)","Unfall 171081 (2022) Kat:3, Licht: 0","171081","3","3","5","03","08","4","","0","0","1","0","0"
"POINT (7.116635068000050 50.740750849000101)","Unfall 171130 (2022) Kat:3, Licht: 0","171130","3","3","5","03","17","4","","0","1","1","0","0"
"POINT (7.139173406000050 50.696539037000001)","Unfall 171138 (2022) Kat:2, Licht: 0","171138","2","1","0","04","19","3","","0","0","0","0","1"
"POINT (7.131512045000020 50.729285735000097)","Unfall 171149 (2022) Kat:3, Licht: 2","171149","3","5","1","04","02","7","","2","0","1","0","0"
"POINT (7.144054169000070 50.732302417000000)","Unfall 171155 (2022) Kat:3, Licht: 0","171155","3","5","1","04","17","5","","0","0","1","0","1"
"POINT (7.155539455000050 50.663547144000098)","Unfall 171190 (2022) Kat:3, Licht: 0","171190","3","6","2","03","10","5","","0","0","1","0","0"
"POINT (7.151014981000060 50.692542361999998)","Unfall 171192 (2022) Kat:3, Licht: 0","171192","3","2","5","04","12","6","","0","0","1","0","1"
"POINT (7.192630940000070 50.660217768999999)","Unfall 171224 (2022) Kat:2, Licht: 0","171224","2","7","6","04","09","7","","0","0","1","1","0"
"POINT (7.111522068000060 50.715689677000100)","Unfall 171237 (2022) Kat:3, Licht: 2","171237","3","4","6","04","22","5","","2","0","1","1","0"
"POINT (7.052068354000030 50.748702393000002)","Unfall 171260 (2022) Kat:3, Licht: 0","171260","3","2","2","04","07","2","","0","1","1","0","0"
"POINT (7.095384238000070 50.745494968999999)","Unfall 171303 (2022) Kat:3, Licht: 0","171303","3","5","1","03","07","3","","0","1","1","0","0"
"POINT (7.059253556000040 50.706137665000000)","Unfall 171318 (2022) Kat:3, Licht: 0","171318","3","3","5","04","09","7","","0","1","1","0","0"
"POINT (7.133621372000050 50.693205708999997)","Unfall 171345 (2022) Kat:3, Licht: 2","171345","3","5","1","04","02","4","","2","0","1","0","0"
"POINT (7.112140559000070 50.716749933000102)","Unfall 171354 (2022) Kat:3, Licht: 0","171354","3","3","5","03","18","3","","0","1","1","0","0"
"POINT (7.090369711000050 50.755864322999997)","Unfall 171375 (2022) Kat:3, Licht: 0","171375","3","6","6","03","14","2","","0","0","0","1","0"
"POINT (7.161617624000030 50.695332042000103)","Unfall 171426 (2022) Kat:3, Licht: 0","171426","3","3","5","04","18","5","","0","1","1","0","0"
"POINT (7.154652660000070 50.680223764000097)","Unfall 171430 (2022) Kat:3, Licht: 0","171430","3","1","8","03","11","3","","0","0","1","0","0"
"POINT (7.145210709000030 50.692675041000001)","Unfall 171459 (2022) Kat:3, Licht: 0","171459","3","3","5","04","12","6","","0","0","1","0","0"
"POINT (7.127474597000060 50.735625728999999)","Unfall 171467 (2022) Kat:3, Licht: 1","171467","3","3","5","04","06","3","","1","0","1","0","0"
"POINT (7.119306293000020 50.739113664000101)","Unfall 171482 (2022) Kat:3, Licht: 0","171482","3","1","0","03","13","5","","0","1","0","0","0"
"POINT (7.122006308000040 50.734942569000097)","Unfall 171496 (2022) Kat:3, Licht: 0","171496","3","7","8","03","08","2","","0","0","1","0","0"
"POINT (7.171714239000040 50.732960406000103)","Unfall 171498 (2022) Kat:3, Licht: 0","171498","3","1","8","04","10","5","","0","0","1","0","0"
"POINT (7.102119473000070 50.732364068999999)","Unfall 171507 (2022) Kat:3, Licht: 0","171507","3","4","6","04","12","3","","0","0","1","1","0"
"POINT (7.140065146000040 50.745829130000097)","Unfall 171625 (2022) Kat:3, Licht: 0","171625","3","6","3","03","17","2","","0","1","1","0","0"
"POINT (7.176343997000060 50.749566167000097)","Unfall 171648 (2022) Kat:2, Licht: 0","171648","2","4","6","04","17","5","","0","0","1","1","0"
"POINT (7.150831961000050 50.676437626999999)","Unfall 171658 (2022) Kat:2, Licht: 0","171658","2","1","8","03","11","3","","0","1","0","0","0"
"POINT (7.105704215000060 50.727087104000098)","Unfall 171739 (2022) Kat:3, Licht: 2","171739","3","3","5","03","20","3","","2","0","1","0","0"
"POINT (7.055828184000060 50.700991881000000)","Unfall 171776 (2022) Kat:3, Licht: 0","171776","3","4","6","04","13","2","","0","0","1","1","0"
"POINT (7.142099619000020 50.684347496000001)","Unfall 171796 (2022) Kat:3, Licht: 0","171796","3","6","8","04","14","3","","0","0","1","0","0"
"POINT (7.097365507000060 50.733047675000101)","Unfall 171882 (2022) Kat:2, Licht: 2","171882","2","1","0","04","01","4","","2","0","0","0","0"
"POINT (7.161837256000070 50.750896126000001)","Unfall 171910 (2022) Kat:3, Licht: 0","171910","3","3","5","05","15","6","","0","0","1","0","0"
"POINT (7.050382328000070 50.745026467999999)","Unfall 171942 (2022) Kat:3, Licht: 0","171942","3","3","5","04","17","7","","0","0","1","0","0"
"POINT (7.058245274000060 50.704187245000099)","Unfall 171949 (2022) Kat:3, Licht: 0","171949","3","6","2","05","14","5","","0","0","1","0","1"
"POINT (7.186916273000070 50.657604237000001)","Unfall 172054 (2022) Kat:3, Licht: 0","172054","3","7","0","04","16","4","","0","0","0","1","0"
"POINT (7.046476250000070 50.739446933000103)","Unfall 172085 (2022) Kat:3, Licht: 0","172085","3","2","2","04","18","7","","0","1","1","0","0"
"POINT (7.084358208000030 50.694118639000102)","Unfall 172098 (2022) Kat:3, Licht: 0","172098","3","3","5","04","17","6","","0","0","1","0","0"
"POINT (7.095699400000060 50.732749691000002)","Unfall 172105 (2022) Kat:3, Licht: 1","172105","3","6","2","05","05","6","","1","1","0","0","0"
"POINT (7.145146716000060 50.692637797000003)","Unfall 172142 (2022) Kat:3, Licht: 0","172142","3","3","5","05","09","2","","0","1","1","0","0"
"POINT (7.105676958000060 50.727027731000099)","Unfall 172165 (2022) Kat:3, Licht: 2","172165","3","6","2","04","23","6","","2","1","1","0","0"
"POINT (7.092409686000050 50.739503445000103)","Unfall 172219 (2022) Kat:3, Licht: 0","172219","3","1","7","05","12","3","","0","1","0","0","0"
"POINT (7.163141602000050 50.688568547000003)","Unfall 172238 (2022) Kat:3, Licht: 0","172238","3","2","0","05","06","3","","0","0","1","0","1"
"POINT (7.158319429000070 50.685545864000098)","Unfall 172262 (2022) Kat:3, Licht: 0","172262","3","7","0","05","15","2","","0","0","0","1","0"
"POINT (7.100641634000060 50.730121652000001)","Unfall 172265 (2022) Kat:3, Licht: 0","172265","3","1","0","04","14","1","","0","1","0","0","0"
"POINT (7.158224676000030 50.747602691000097)","Unfall 172269 (2022) Kat:3, Licht: 0","172269","3","5","1","05","19","3","","0","1","1","0","0"
"POINT (7.046770471000060 50.711708542000103)","Unfall 172287 (2022) Kat:2, Licht: 0","172287","2","1","0","04","18","4","","0","1","0","0","0"