WKT,Name,OBJECTID,UKATEGORIE,UTYP1,UART,UMONAT,USTUNDE,UWOCHENTAG,STRZUSTAND,ULICHTVERH,ISTRAD,ISTPKW,ISTFUSS,ISTKRAD
"POINT (7.139552261000060 50.737314293000097)","Unfall 172295 (2022) Kat:2, Licht: 0","172295","2","2","5","05","09","2","","0","1","1","0","0"
"POINT (7.110465577000070 50.706233455000103)","Unfall 172297 (2022) Kat:2, Licht: 2","172297","2","1","0","05","23","3","","2","1","0","0","0"
"POINT (7.157577293000030 50.674552693000102)","Unfall 172304 (2022) Kat:3, Licht: 0","172304","3","7","1","04","19","2","","0","1","1","0","0"
"POINT (7.161289734000040 50.721519549000000)","Unfall 172309 (2022) Kat:3, Licht: 0","172309","3","7","0","04","14","6","","0","0","1","0","0"
"POINT (7.062600781000070 50.704600196999998)","Unfall 172325 (2022) Kat:2, Licht: 0","172325","2","3","4","05","08","2","","0","1","1","0","0"
"POINT (7.087890621000040 50.729635248000100)","Unfall 172333 (2022) Kat:3, Licht: 0","172333","3","1","0","04","16","6","","0","1","0","0","0"
"POINT (7.066464297000040 50.732859091000101)","Unfall 172342 (2022) Kat:3, Licht: 0","172342","3","3","0","05","06","5","","0","0","0","0","1"
"POINT (7.123514031000070 50.700463620999997)","Unfall 172415 (2022) Kat:3, Licht: 0","172415","3","7","0","04","19","1","","0","1","0","0","0"
"POINT (7.152239508000040 50.685668933999999)","Unfall 172423 (2022) Kat:3, Licht: 0","172423","3","6","2","04","19","6","","0","1","1","0","0"
"POINT (7.107600116000070 50.712606205000000)","Unfall 172490 (2022) Kat:2, Licht: 0","172490","2","1","0","05","06","6","","0","0","0","0","1"
"POINT (7.169314340000030 50.684549160000103)","Unfall 172494 (2022) Kat:3, Licht: 0","172494","3","2","5","04","16","4","","0","1","1","0","0"
"POINT (7.105847642000070 50.736623854000101)","Unfall 172546 (2022) Kat:3, Licht: 0","172546","3","3","5","04","15","5","","0","1","0","0","0"
"POINT (7.079487714000040 50.752042176000003)","Unfall 172548 (2022) Kat:3, Licht: 0","172548","3","3","5","04","15","6","","0","1","1","0","0"
"POINT (7.102968152000070 50.730307604000103)","Unfall 172571 (2022) Kat:3, Licht: 0","172571","3","6","4","04","16","5","","0","1","0","0","0"
"POINT (7.163643962000040 50.677384435000100)","Unfall 172573 (2022) Kat:3, Licht: 0","172573","3","3","5","04","14","6","","0","1","1","0","0"
"POINT (7.108010481000060 50.709658375000103)","Unfall 172671 (2022) Kat:3, Licht: 0","172671","3","1","4","05","20","2","","0","1","1","0","0"
"POINT (7.097677049000030 50.719118023000100)","Unfall 172701 (2022) Kat:2, Licht: 0","172701","2","5","1","04","14","5","","0","1","1","0","0"
"POINT (7.106764860000060 50.728329626000097)","Unfall 172738 (2022) Kat:3, Licht: 0","172738","3","6","3","04","09","6","","0","1","1","0","0"
"POINT (7.078107099000020 50.728355474000097)","Unfall 172747 (2022) Kat:3, Licht: 0","172747","3","7","4","05","07","5","","0","1","1","0","0"
"POINT (7.079096203000060 50.745644218999999)","Unfall 172748 (2022) Kat:3, Licht: 0","172748","3","6","6","05","07","2","","0","1","0","1","0"
"POINT (7.093530324000030 50.699655806000102)","Unfall 172844 (2022) Kat:3, Licht: 0","172844","3","5","0","05","15","3","","0","0","1","0","1"
"POINT (7.173898618000070 50.674047600000101)","Unfall 172907 (2022) Kat:3, Licht: 0","172907","3","2","5","05","11","3","","0","0","1","0","0"
"POINT (7.090982941000050 50.740082096999998)","Unfall 172928 (2022) Kat:3, Licht: 2","172928","3","1","0","05","03","2","","2","0","0","0","0"
"POINT (7.100018571000020 50.727644621000103)","Unfall 172967 (2022) Kat:3, Licht: 0","172967","3","1","0","05","09","3","","0","0","0","0","0"
"POINT (7.157355029000030 50.685167444999998)","Unfall 172974 (2022) Kat:2, Licht: 2","172974","2","1","0","05","23","7","","2","1","0","0","0"
"POINT (7.041449558000070 50.716091622000100)","Unfall 172991 (2022) Kat:3, Licht: 0","172991","3","7","5","05","16","6","","0","1","1","0","0"
"POINT (7.162726758000080 50.727339907999998)","Unfall 173024 (2022) Kat:2, Licht: 0","173024","2","1","0","05","20","4","","0","1","0","0","0"
"POINT (7.105829168000070 50.725694761000099)","Unfall 173028 (2022) Kat:3, Licht: 0","173028","3","6","4","05","10","3","","0","1","0","0","0"
"POINT (7.178120525000050 50.673063620000100)","Unfall 173067 (2022) Kat:3, Licht: 0","173067","3","2","2","05","09","2","","0","0","1","0","0"
"POINT (7.085430622000050 50.737181502000098)","Unfall 173137 (2022) Kat:3, Licht: 0","173137","3","7","0","05","11","4","","0","0","1","1","0"
"POINT (7.110726501000040 50.722058651000097)","Unfall 173191 (2022) Kat:3, Licht: 0","173191","3","6","3","05","14","6","","0","1","0","0","0"
"POINT (7.120483222000080 50.739399616000100)","Unfall 173198 (2022) Kat:3, Licht: 0","173198","3","2","5","05","13","7","","0","0","1","0","1"
"POINT (7.058177775000050 50.699642594000103)","Unfall 173222 (2022) Kat:3, Licht: 0","173222","3","3","5","05","18","5","","0","1","1","0","0"
"POINT (7.068793612000040 50.728231364000102)","Unfall 173243 (2022) Kat:3, Licht: 0","173243","3","7","0","05","18","7","","0","0","0","0","0"
"POINT (7.045174316000040 50.715877423000101)","Unfall 173264 (2022) Kat:3, Licht: 0","173264","3","6","0","05","15","4","","0","1","1","0","0"
"POINT (7.095707643000030 50.735917035000099)","Unfall 173291 (2022) Kat:3, Licht: 0","173291","3","1","0","05","10","6","","0","1","0","0","0"
"POINT (7.096148497000060 50.727965095000101)","Unfall 173297 (2022) Kat:3, Licht: 0","173297","3","4","6","05","16","5","","0","1","0","1","0"
"POINT (7.158371441000040 50.687681146000003)","Unfall 173322 (2022) Kat:3, Licht: 0","173322","3","5","1","05","11","3","","0","1","1","0","0"
"POINT (7.155243427000070 50.673099258999997)","Unfall 173344 (2022) Kat:3, Licht: 0","173344","3","6","6","05","09","7","","0","0","1","1","0"
"POINT (7.091720572000040 50.742116295000102)","Unfall 173397 (2022) Kat:3, Licht: 0","173397","3","3","5","05","19","5","","0","1","1","0","0"
"POINT (7.185779654000040 50.669978081000103)","Unfall 173414 (2022) Kat:3, Licht: 0","173414","3","5","1","05","16","3","","0","0","1","0","0"
"POINT (7.109332359000060 50.732383759000101)","Unfall 173426 (2022) Kat:3, Licht: 0","173426","3","1","0","05","07","4","","0","0","0","0","1"
"POINT (7.138695373000080 50.697234798000103)","Unfall 173455 (2022) Kat:3, Licht: 0","173455","3","6","4","05","07","6","","0","1","0","0","0"
"POINT (7.197289685000040 50.651226210000097)","Unfall 173476 (2022) Kat:3, Licht: 2","173476","3","3","5","05","23","3","","2","0","1","0","1"
"POINT (7.159930074000040 50.668141868000099)","Unfall 173495 (2022) Kat:3, Licht: 2","173495","3","7","0","05","23","2","","2","0","1","0","0"
"POINT (7.077215671000030 50.722644850000101)","Unfall 173520 (2022) Kat:3, Licht: 0","173520","3","3","5","05","09","4","","0","1","1","0","0"
"POINT (7.056510152000040 50.713345881000102)","Unfall 173607 (2022) Kat:3, Licht: 0","173607","3","2","3","05","18","6","","0","0","1","0","0"
"POINT (7.139126969000070 50.696326477000099)","Unfall 173639 (2022) Kat:3, Licht: 0","173639","3","6","3","05","15","5","","0","1","0","0","0"
"POINT (7.119298072000050 50.739111665000102)","Unfall 173654 (2022) Kat:3, Licht: 0","173654","3","5","1","05","13","6","","0","1","0","0","1"
"POINT (7.108302227000020 50.720549609999999)","Unfall 173708 (2022) Kat:3, Licht: 0","173708","3","3","5","05","20","6","","0","1","0","0","0"
"POINT (7.085307913000070 50.728595419000001)","Unfall 173721 (2022) Kat:3, Licht: 0","173721","3","2","5","05","16","4","","0","1","1","0","0"
"POINT (7.165685406000020 50.669425944000103)","Unfall 173734 (2022) Kat:2, Licht: 2","173734","2","3","5","05","21","2","","2","1","1","0","0"
"POINT (7.106952295000040 50.738253264000001)","Unfall 173838 (2022) Kat:3, Licht: 0","173838","3","1","0","05","17","4","","0","1","0","0","0"
"POINT (7.102154341000070 50.712723033000003)","Unfall 173839 (2022) Kat:3, Licht: 0","173839","3","6","4","05","08","5","","0","1","0","0","0"
"POINT (7.148252095000030 50.694443350000000)","Unfall 173855 (2022) Kat:3, Licht: 0","173855","3","3","5","05","12","3","","0","1","1","0","0"
"POINT (7.043028837000070 50.712027327999998)","Unfall 173857 (2022) Kat:3, Licht: 0","173857","3","2","2","05","08","6","","0","0","1","0","0"
"POINT (7.173370194000030 50.682737299999999)","Unfall 173873 (2022) Kat:3, Licht: 0","173873","3","5","1","06","11","1","","0","1","1","0","0"
"POINT (7.097035932000040 50.733717370000100)","Unfall 173882 (2022) Kat:3, Licht: 0","173882","3","3","5","06","14","4","","0","1","1","0","0"
"POINT (7.147793439000050 50.691197008000103)","Unfall 173932 (2022) Kat:3, Licht: 0","173932","3","2","5","06","13","2","","0","1","1","0","0"
"POINT (7.112532833000050 50.704330712000100)","Unfall 173951 (2022) Kat:3, Licht: 0","173951","3","2","5","05","08","2","","0","1","1","0","0"
"POINT (7.121457614000060 50.694049046000004)","Unfall 174019 (2022) Kat:3, Licht: 0","174019","3","6","2","06","11","4","","0","1","1","0","0"
"POINT (7.100250724000030 50.731978679000100)","Unfall 174029 (2022) Kat:3, Licht: 0","174029","3","4","6","06","13","6","","0","1","0","1","0"
"POINT (7.091823222000070 50.719763721000000)","Unfall 174067 (2022) Kat:3, Licht: 0","174067","3","6","4","06","06","2","","0","1","1","0","0"
"POINT (7.136638710000060 50.701026748000103)","Unfall 174109 (2022) Kat:3, Licht: 0","174109","3","7","0","06","08","5","","0","1","0","0","0"
"POINT (7.057844401000070 50.708423439000100)","Unfall 174194 (2022) Kat:3, Licht: 0","174194","3","7","0","06","18","4","","0","0","0","0","0"
"POINT (7.114935909000050 50.717873929000099)","Unfall 174209 (2022) Kat:2, Licht: 0","174209","2","3","5","06","17","5","","0","1","0","0","0"
"POINT (7.089153606000020 50.752967279000103)","Unfall 174265 (2022) Kat:2, Licht: 2","174265","2","3","5","05","03","6","","2","0","1","0","0"
"POINT (7.107527843000070 50.736228736000001)","Unfall 174299 (2022) Kat:3, Licht: 1","174299","3","2","5","06","21","7","","1","1","1","0","0"
"POINT (7.047584205000020 50.719503477000003)","Unfall 174342 (2022) Kat:3, Licht: 0","174342","3","3","5","06","16","7","","0","1","0","0","0"
"POINT (7.109609111000050 50.709091429000097)","Unfall 174401 (2022) Kat:3, Licht: 0","174401","3","3","0","06","17","2","","0","0","1","0","1"
"POINT (7.115925022000060 50.706992949000004)","Unfall 174408 (2022) Kat:3, Licht: 0","174408","3","5","1","06","10","5","","0","0","1","0","0"
"POINT (7.049757292000040 50.745259686000097)","Unfall 174415 (2022) Kat:2, Licht: 0","174415","2","7","9","06","16","5","","0","0","1","0","0"
"POINT (7.041888780000020 50.711233268999997)","Unfall 174419 (2022) Kat:3, Licht: 0","174419","3","2","5","06","13","3","","0","1","1","0","0"
"POINT (7.071257849000060 50.742485070000001)","Unfall 174444 (2022) Kat:3, Licht: 0","174444","3","6","2","05","15","3","","0","0","1","0","0"
"POINT (7.085155882000040 50.741877069000097)","Unfall 174536 (2022) Kat:3, Licht: 0","174536","3","6","2","06","16","5","","0","0","1","0","0"
"POINT (7.146346626000020 50.721674005000096)","Unfall 174585 (2022) Kat:3, Licht: 0","174585","3","1","0","05","16","6","","0","0","0","0","1"
"POINT (7.101158512000040 50.729801762000100)","Unfall 174599 (2022) Kat:3, Licht: 0","174599","3","1","0","06","10","6","","0","1","0","0","0"
"POINT (7.192247714000080 50.660695672000003)","Unfall 174628 (2022) Kat:3, Licht: 0","174628","3","7","6","05","16","5","","0","0","0","1","0"
"POINT (7.048894925000070 50.746799585000097)","Unfall 174657 (2022) Kat:2, Licht: 0","174657","2","5","0","06","08","5","","0","0","1","0","1"
"POINT (7.188321240000050 50.743561435000103)","Unfall 174661 (2022) Kat:2, Licht: 1","174661","2","1","0","05","20","5","","1","1","0","0","0"
"POINT (7.069980025000060 50.737456694000102)","Unfall 174671 (2022) Kat:3, Licht: 0","174671","3","5","1","05","15","7","","0","0","1","0","1"
"POINT (7.088248511000070 50.740953752999999)","Unfall 174756 (2022) Kat:3, Licht: 0","174756","3","2","5","05","17","2","","0","1","1","0","0"
"POINT (7.095079134000060 50.734633572000099)","Unfall 174760 (2022) Kat:3, Licht: 0","174760","3","1","0","05","10","6","","0","0","1","0","1"
"POINT (7.136694549000030 50.695300271000100)","Unfall 174763 (2022) Kat:2, Licht: 0","174763","2","2","0","06","10","7","","0","0","0","1","0"
"POINT (7.074363963000050 50.742724094000003)","Unfall 174773 (2022) Kat:3, Licht: 0","174773","3","6","3","06","07","6","","0","0","1","0","0"
"POINT (7.122977303000030 50.739974015000001)","Unfall 174794 (2022) Kat:3, Licht: 0","174794","3","1","0","06","08","5","","0","1","0","0","0"
"POINT (7.164755374000040 50.687016172000000)","Unfall 174795 (2022) Kat:2, Licht: 2","174795","2","1","0","06","01","1","","2","1","0","0","0"
"POINT (7.085380455000060 50.745167602999999)","Unfall 174800 (2022) Kat:3, Licht: 0","174800","3","7","0","06","14","3","","0","0","0","0","1"
"POINT (7.041266061000040 50.723936387999998)","Unfall 174825 (2022) Kat:3, Licht: 0","174825","3","5","1","06","16","2","","0","1","1","0","0"
"POINT (7.101514357000040 50.728179677000099)","Unfall 174826 (2022) Kat:3, Licht: 0","174826","3","1","0","06","15","4","","0","1","0","0","0"
"POINT (7.133822838000070 50.737349500000100)","Unfall 174848 (2022) Kat:3, Licht: 0","174848","3","3","5","06","17","6","","0","0","1","0","0"
"POINT (7.110509843000050 50.728578306000003)","Unfall 174856 (2022) Kat:3, Licht: 0","174856","3","7","0","05","14","1","","0","1","0","0","0"
"POINT (7.066920038000030 50.676539279000103)","Unfall 174858 (2022) Kat:3, Licht: 0","174858","3","1","0","06","15","1","","0","1","0","0","0"
"POINT (7.058957870000030 50.704172560000103)","Unfall 174935 (2022) Kat:3, Licht: 0","174935","3","6","2","06","17","4","","0","0","1","0","0"
"POINT (7.156271155000070 50.679096379000001)","Unfall 174938 (2022) Kat:3, Licht: 2","174938","3","3","5","06","00","6","","2","0","1","0","0"
"POINT (7.099076494000030 50.730225482999998)","Unfall 174941 (2022) Kat:3, Licht: 0","174941","3","1","0","06","15","2","","0","1","0","0","0"
"POINT (7.091750611000070 50.756007044000100)","Unfall 175015 (2022) Kat:3, Licht: 0","175015","3","1","0","06","20","4","","0","1","0","0","1"
"POINT (7.165034817000050 50.695211530000101)","Unfall 175031 (2022) Kat:3, Licht: 0","175031","3","7","1","06","10","7","","0","0","1","0","0"
"POINT (7.120763416000050 50.747567019000002)","Unfall 175086 (2022) Kat:3, Licht: 0","175086","3","7","0","06","18","4","","0","1","1","0","0"
"POINT (7.147177817000060 50.695280250000103)","Unfall 175093 (2022) Kat:3, Licht: 0","175093","3","6","6","06","18","1","","0","1","0","1","0"
"POINT (7.048866451000040 50.749993783000001)","Unfall 175100 (2022) Kat:3, Licht: 0","175100","3","2","6","06","13","6","","0","0","1","1","0"
"POINT (7.097573540000040 50.735867908000003)","Unfall 175140 (2022) Kat:3, Licht: 0","175140","3","5","1","06","10","5","","0","0","0","0","0"
"POINT (7.094736768000080 50.744400174000099)","Unfall 175145 (2022) Kat:3, Licht: 0","175145","3","3","5","06","16","5","","0","1","0","0","0"
"POINT (7.044083638000070 50.753192675000001)","Unfall 175148 (2022) Kat:3, Licht: 0","175148","3","3","5","06","06","3","","0","1","0","0","0"
"POINT (7.041704258000040 50.746894331000099)","Unfall 175153 (2022) Kat:3, Licht: 2","175153","3","3","5","06","03","2","","2","1","1","0","0"
"POINT (7.152268904000040 50.699358508000003)","Unfall 175204 (2022) Kat:3, Licht: 0","175204","3","5","1","06","08","3","","0","1","1","0","0"
"POINT (7.142597736000030 50.693801770999997)","Unfall 175215 (2022) Kat:3, Licht: 0","175215","3","6","3","06","11","5","","0","0","1","0","0"
"POINT (7.161760611000030 50.681103269000097)","Unfall 175225 (2022) Kat:3, Licht: 0","175225","3","2","0","06","10","3","","0","1","1","0","0"
"POINT (7.076030247000060 50.723527232999999)","Unfall 175227 (2022) Kat:3, Licht: 0","175227","3","3","5","06","13","4","","0","1","0","0","0"
"POINT (7.141001444000040 50.703040160000100)","Unfall 175308 (2022) Kat:3, Licht: 0","175308","3","1","8","06","15","5","","0","1","0","0","0"
"POINT (7.087111517000040 50.758543930000002)","Unfall 175309 (2022) Kat:3, Licht: 0","175309","3","1","0","06","12","6","","0","1","1","0","0"
"POINT (7.119022494000030 50.739043713999997)","Unfall 175319 (2022) Kat:3, Licht: 0","175319","3","1","0","06","14","3","","0","1","0","0","0"
"POINT (7.081025605000040 50.722937634000097)","Unfall 175347 (2022) Kat:3, Licht: 0","175347","3","4","6","06","17","2","","0","0","1","1","0"
"POINT (7.157839223000050 50.673665716000102)","Unfall 175354 (2022) Kat:3, Licht: 0","175354","3","3","5","06","07","5","","0","1","1","0","0"
"POINT (7.170828635000020 50.665139840999998)","Unfall 175390 (2022) Kat:2, Licht: 2","175390","2","1","0","06","01","7","","2","1","0","0","0"
"POINT (7.085436919000070 50.758712397000103)","Unfall 175404 (2022) Kat:3, Licht: 2","175404","3","7","0","06","01","2","","2","1","0","0","0"
"POINT (7.076481294000080 50.679665286000002)","Unfall 175415 (2022) Kat:2, Licht: 0","175415","2","1","0","06","11","6","","0","1","0","0","0"
"POINT (7.097856382000030 50.729924480000101)","Unfall 175423 (2022) Kat:3, Licht: 0","175423","3","7","0","06","16","5","","0","1","0","0","0"
"POINT (7.132649515000030 50.737334838000002)","Unfall 175497 (2022) Kat:3, Licht: 0","175497","3","7","1","06","13","2","","0","0","1","0","0"
"POINT (7.102119859000030 50.738743268000100)","Unfall 175538 (2022) Kat:3, Licht: 0","175538","3","2","5","06","09","4","","0","0","1","0","1"
"POINT (7.046906936000030 50.705391698000000)","Unfall 175551 (2022) Kat:3, Licht: 0","175551","3","3","5","06","17","3","","0","0","1","0","0"
"POINT (7.154315771000030 50.682597473999998)","Unfall 175556 (2022) Kat:3, Licht: 0","175556","3","3","5","06","17","2","","0","1","1","0","0"
"POINT (7.096870560000070 50.732506300000097)","Unfall 175589 (2022) Kat:3, Licht: 0","175589","3","6","3","06","18","5","","0","1","0","0","0"
"POINT (7.058318534000020 50.704093800000102)","Unfall 175608 (2022) Kat:3, Licht: 0","175608","3","3","5","06","13","4","","0","0","1","0","0"
"POINT (7.141054084000070 50.690757283000003)","Unfall 175645 (2022) Kat:3, Licht: 0","175645","3","3","5","06","17","2","","0","0","1","0","0"
"POINT (7.152866700000060 50.671583175000102)","Unfall 175747 (2022) Kat:3, Licht: 0","175747","3","6","2","06","16","3","","0","0","1","0","0"
"POINT (7.092335539000030 50.741855843000103)","Unfall 175759 (2022) Kat:3, Licht: 0","175759","3","1","0","06","18","2","","0","1","0","0","0"
"POINT (7.159613850000030 50.681938096000103)","Unfall 175817 (2022) Kat:3, Licht: 1","175817","3","7","0","06","21","3","","1","0","0","0","1"
"POINT (7.087732798000050 50.729774996000103)","Unfall 175818 (2022) Kat:3, Licht: 0","175818","3","7","5","06","19","4","","0","0","1","0","1"
"POINT (7.107641339000050 50.717689683000103)","Unfall 175860 (2022) Kat:3, Licht: 0","175860","3","1","0","06","15","4","","0","1","0","0","0"
"POINT (7.164151458000050 50.671871898000099)","Unfall 175879 (2022) Kat:3, Licht: 0","175879","3","1","0","06","14","7","","0","1","0","0","0"
"POINT (7.092422253000050 50.727158574999997)","Unfall 175907 (2022) Kat:3, Licht: 0","175907","3","3","1","06","16","3","","0","0","1","0","1"
"POINT (7.094751186000050 50.741037563000098)","Unfall 175908 (2022) Kat:3, Licht: 0","175908","3","5","1","06","10","5","","0","1","1","0","0"
"POINT (7.145304077000050 50.700003242999998)","Unfall 176034 (2022) Kat:3, Licht: 0","176034","3","3","5","07","17","5","","0","0","1","0","0"
"POINT (7.154309121000040 50.682593990999997)","Unfall 176092 (2022) Kat:3, Licht: 1","176092","3","3","0","07","20","6","","1","1","0","0","0"
"POINT (7.055209179000030 50.712467605000001)","Unfall 176121 (2022) Kat:3, Licht: 0","176121","3","1","0","07","10","2","","0","1","0","0","0"
"POINT (7.145197375000070 50.706552401000103)","Unfall 176128 (2022) Kat:3, Licht: 0","176128","3","6","2","07","09","5","","0","0","1","0","0"
"POINT (7.113978791000020 50.750983135000098)","Unfall 176167 (2022) Kat:2, Licht: 0","176167","2","1","0","07","21","6","","0","1","0","0","0"
"POINT (7.089518087000040 50.724495048999998)","Unfall 176187 (2022) Kat:3, Licht: 0","176187","3","5","1","07","10","3","","0","1","1","0","0"
"POINT (7.086684592000040 50.727872779999998)","Unfall 176205 (2022) Kat:3, Licht: 2","176205","3","1","0","07","02","7","","2","0","0","0","0"
"POINT (7.118100923000040 50.702996268000000)","Unfall 176270 (2022) Kat:3, Licht: 0","176270","3","7","0","07","18","3","","0","1","0","0","0"
"POINT (7.186408135000020 50.667219289999998)","Unfall 176290 (2022) Kat:3, Licht: 0","176290","3","6","3","07","15","2","","0","1","1","0","0"
"POINT (7.110117319000040 50.717487308999999)","Unfall 176351 (2022) Kat:3, Licht: 0","176351","3","5","0","07","11","5","","0","1","1","0","0"
"POINT (7.123332318000050 50.717077785000100)","Unfall 176372 (2022) Kat:3, Licht: 0","176372","3","1","0","07","10","5","","0","0","0","0","1"
"POINT (7.074695799000040 50.742745288000002)","Unfall 176392 (2022) Kat:3, Licht: 0","176392","3","6","2","07","11","7","","0","0","1","0","0"
"POINT (7.119415198000070 50.735536981000102)","Unfall 176394 (2022) Kat:3, Licht: 0","176394","3","7","6","07","12","4","","0","0","1","1","0"
"POINT (7.102361259000080 50.700303067999997)","Unfall 176450 (2022) Kat:3, Licht: 0","176450","3","7","0","07","06","2","","0","0","0","0","0"
"POINT (7.169013253000060 50.746818929000000)","Unfall 176457 (2022) Kat:3, Licht: 0","176457","3","3","5","07","19","6","","0","1","1","0","0"
"POINT (7.076419162000040 50.738403099999999)","Unfall 176514 (2022) Kat:3, Licht: 0","176514","3","3","0","07","08","3","","0","1","0","0","1"
"POINT (7.162716036000060 50.727336884000103)","Unfall 176568 (2022) Kat:2, Licht: 0","176568","2","1","0","07","17","7","","0","1","0","0","0"
"POINT (7.156225448000040 50.703349328000101)","Unfall 176595 (2022) Kat:3, Licht: 1","176595","3","3","5","07","06","5","","1","0","1","0","0"
"POINT (7.101688294000040 50.732257824000001)","Unfall 176604 (2022) Kat:3, Licht: 0","176604","3","4","6","07","10","5","","0","0","1","1","0"
"POINT (7.106489482000030 50.720853013000102)","Unfall 176605 (2022) Kat:3, Licht: 0","176605","3","6","2","07","16","4","","0","0","1","0","1"
"POINT (7.122453368000040 50.737334793000102)","Unfall 176619 (2022) Kat:3, Licht: 0","176619","3","6","3","07","19","7","","0","1","1","0","0"
"POINT (7.066245787000070 50.732882168000103)","Unfall 176643 (2022) Kat:3, Licht: 0","176643","3","3","5","07","21","3","","0","1","1","0","0"
"POINT (7.151821027000040 50.682038278999997)","Unfall 176652 (2022) Kat:3, Licht: 0","176652","3","6","2","07","16","4","","0","0","1","0","0"
"POINT (7.038399990000070 50.713479122000102)","Unfall 176659 (2022) Kat:3, Licht: 2","176659","3","6","4","07","00","7","","2","1","1","0","0"
"POINT (7.137036061000060 50.711584795000100)","Unfall 176676 (2022) Kat:2, Licht: 2","176676","2","7","9","07","23","6","","2","0","0","0","1"
"POINT (7.103033303000070 50.724407320000097)","Unfall 176715 (2022) Kat:3, Licht: 0","176715","3","5","1","07","14","6","","0","1","1","0","0"
"POINT (7.039686014000040 50.747159388000100)","Unfall 176742 (2022) Kat:3, Licht: 0","176742","3","5","1","07","19","2","","0","1","0","0","0"
"POINT (7.105124881000050 50.727734514000097)","Unfall 176757 (2022) Kat:3, Licht: 0","176757","3","6","3","07","09","2","","0","1","0","0","0"
"POINT (7.129294268000020 50.731419807000101)","Unfall 176774 (2022) Kat:3, Licht: 0","176774","3","3","5","07","15","5","","0","0","1","0","1"
"POINT (7.108432012000040 50.732252655000103)","Unfall 176810 (2022) Kat:3, Licht: 0","176810","3","5","1","07","18","3","","0","1","1","0","0"
"POINT (7.050491782000050 50.743953284000000)","Unfall 176817 (2022) Kat:3, Licht: 0","176817","3","1","0","07","13","1","","0","1","0","0","0"
"POINT (7.083545929000020 50.754739351000097)","Unfall 176820 (2022) Kat:3, Licht: 0","176820","3","6","4","07","10","4","","0","1","0","0","0"
"POINT (7.107477272000040 50.710906096000002)","Unfall 176826 (2022) Kat:3, Licht: 0","176826","3","3","5","07","13","7","","0","1","0","0","0"
"POINT (7.043278563000060 50.725191537999997)","Unfall 176832 (2022) Kat:3, Licht: 2","176832","3","1","1","07","22","6","","2","0","1","0","1"
"POINT (7.112140559000070 50.716749933000102)","Unfall 176842 (2022) Kat:3, Licht: 1","176842","3","1","0","07","05","1","","1","0","0","0","0"
"POINT (7.054782347000070 50.719526008000102)","Unfall 176891 (2022) Kat:2, Licht: 0","176891","2","5","1","07","08","4","","0","1","1","0","0"
"POINT (7.109360887000040 50.707455869999997)","Unfall 176914 (2022) Kat:2, Licht: 0","176914","2","1","0","07","17","4","","0","1","0","0","0"
"POINT (7.098400873000060 50.748662375000002)","Unfall 176981 (2022) Kat:3, Licht: 1","176981","3","3","0","08","10","4","","1","1","1","0","0"
"POINT (7.096749901000070 50.732539709000001)","Unfall 176992 (2022) Kat:3, Licht: 2","176992","3","1","0","08","23","7","","2","0","0","0","0"
"POINT (7.132199910000050 50.701719609000101)","Unfall 176995 (2022) Kat:2, Licht: 0","176995","2","6","2","08","08","3","","0","0","1","0","0"
"POINT (7.134155635000070 50.694312948000103)","Unfall 177012 (2022) Kat:2, Licht: 0","177012","2","3","5","08","09","3","","0","0","1","0","0"
"POINT (7.075197520000070 50.750023016999997)","Unfall 177042 (2022) Kat:3, Licht: 0","177042","3","6","4","07","13","5","","0","0","1","0","0"
"POINT (7.125965505000070 50.740019314999998)","Unfall 177138 (2022) Kat:3, Licht: 0","177138","3","1","0","08","15","4","","0","1","0","0","0"
"POINT (7.064060059000040 50.694613897000103)","Unfall 177185 (2022) Kat:3, Licht: 0","177185","3","6","2","08","13","2","","0","0","1","0","1"
"POINT (7.173212893000030 50.670923760000100)","Unfall 177187 (2022) Kat:3, Licht: 0","177187","3","1","0","08","19","4","","0","1","0","0","0"
"POINT (7.065387899000030 50.746597817000101)","Unfall 177193 (2022) Kat:3, Licht: 2","177193","3","1","0","07","01","1","","2","0","0","0","0"
"POINT (7.085297440000030 50.689850450999998)","Unfall 177232 (2022) Kat:3, Licht: 0","177232","3","7","0","07","16","1","","0","1","0","0","0"
"POINT (7.050496692000020 50.745124095999998)","Unfall 177239 (2022) Kat:3, Licht: 2","177239","3","4","6","08","22","2","","2","0","1","1","0"
"POINT (7.170979930000040 50.691681185000000)","Unfall 177244 (2022) Kat:2, Licht: 0","177244","2","6","4","08","09","3","","0","1","0","0","0"
"POINT (7.098160694000060 50.732360277000097)","Unfall 177255 (2022) Kat:3, Licht: 0","177255","3","1","0","08","09","3","","0","0","0","0","0"
"POINT (7.179720303000070 50.708758476000099)","Unfall 177299 (2022) Kat:3, Licht: 0","177299","3","6","4","08","13","6","","0","0","1","0","0"