WKT,Name,OBJECTID,UKATEGORIE,UTYP1,UART,UMONAT,USTUNDE,UWOCHENTAG,STRZUSTAND,ULICHTVERH,ISTRAD,ISTPKW,ISTFUSS,ISTKRAD
"POINT (7.158276264000050 50.695509811000100)","Unfall 177310 (2022) Kat:3, Licht: 0","177310","3","2","6","08","12","2","","0","0","1","1","0"
"POINT (7.120737433000040 50.739459695999997)","Unfall 177312 (2022) Kat:3, Licht: 0","177312","3","1","0","08","19","4","","0","1","0","0","0"
"POINT (7.102538602000040 50.739958956000102)","Unfall 177334 (2022) Kat:3, Licht: 0","177334","3","6","3","07","15","7","","0","0","1","0","0"
"POINT (7.047581622000050 50.733181600000101)","Unfall 177360 (2022) Kat:3, Licht: 0","177360","3","1","9","07","12","1","","0","0","1","0","0"
"POINT (7.152097740000040 50.666293983000102)","Unfall 177366 (2022) Kat:3, Licht: 0","177366","3","3","5","08","13","7","","0","0","1","0","0"
"POINT (7.074135679000050 50.749526500999998)","Unfall 177381 (2022) Kat:2, Licht: 2","177381","2","1","8","07","21","1","","2","0","1","0","0"
"POINT (7.191540407000050 50.661492442000103)","Unfall 177391 (2022) Kat:3, Licht: 0","177391","3","5","1","08","15","5","","0","0","1","0","1"
"POINT (7.156470673000060 50.685973173000001)","Unfall 177424 (2022) Kat:3, Licht: 0","177424","3","1","0","08","11","6","","0","1","1","0","0"
"POINT (7.052449979000070 50.748799777000002)","Unfall 177437 (2022) Kat:3, Licht: 0","177437","3","3","2","07","19","6","","0","0","1","0","0"
"POINT (7.089391297000020 50.730404890000003)","Unfall 177445 (2022) Kat:3, Licht: 0","177445","3","7","4","08","16","5","","0","0","1","0","1"
"POINT (7.146093170000030 50.690398072000100)","Unfall 177472 (2022) Kat:3, Licht: 0","177472","3","1","0","08","17","2","","0","0","0","0","1"
"POINT (7.145013151000060 50.706652734999999)","Unfall 177480 (2022) Kat:3, Licht: 2","177480","3","2","5","07","21","7","","2","0","1","0","0"
"POINT (7.074890593000020 50.742757729000097)","Unfall 177490 (2022) Kat:3, Licht: 0","177490","3","1","0","08","18","4","","0","1","0","0","0"
"POINT (7.094893591000070 50.733146889000103)","Unfall 177516 (2022) Kat:3, Licht: 0","177516","3","7","0","07","15","1","","0","0","1","0","1"
"POINT (7.130873689000050 50.727225205000103)","Unfall 177592 (2022) Kat:3, Licht: 0","177592","3","4","6","08","12","3","","0","0","1","1","0"
"POINT (7.111874847000020 50.710078059000097)","Unfall 177659 (2022) Kat:2, Licht: 2","177659","2","5","1","08","22","2","","2","0","1","0","0"
"POINT (7.088663167000050 50.741606134000101)","Unfall 177739 (2022) Kat:3, Licht: 2","177739","3","2","0","08","21","5","","2","1","0","0","1"
"POINT (7.068439484000070 50.768258529999997)","Unfall 177750 (2022) Kat:3, Licht: 0","177750","3","6","2","08","12","3","","0","1","0","0","0"
"POINT (7.101391440000040 50.729661184000101)","Unfall 177752 (2022) Kat:3, Licht: 0","177752","3","5","1","08","08","5","","0","1","1","0","0"
"POINT (7.135511478000070 50.700573350000099)","Unfall 177759 (2022) Kat:3, Licht: 0","177759","3","7","1","07","19","7","","0","1","1","0","0"
"POINT (7.151075825000020 50.681642028000098)","Unfall 177822 (2022) Kat:2, Licht: 0","177822","2","2","5","08","18","5","","0","1","1","0","0"
"POINT (7.145183453000070 50.692659178000000)","Unfall 177920 (2022) Kat:3, Licht: 0","177920","3","3","5","08","11","4","","0","1","1","0","0"
"POINT (7.042116360000020 50.719559564000100)","Unfall 177991 (2022) Kat:3, Licht: 1","177991","3","1","8","08","20","4","","1","0","0","0","1"
"POINT (7.057603871000030 50.735699666000102)","Unfall 178000 (2022) Kat:3, Licht: 0","178000","3","6","2","07","10","5","","0","0","1","0","0"
"POINT (7.116634192000050 50.719266767000100)","Unfall 178008 (2022) Kat:3, Licht: 0","178008","3","6","2","08","14","5","","0","0","1","0","0"
"POINT (7.104062960000020 50.722463195000003)","Unfall 178033 (2022) Kat:3, Licht: 0","178033","3","3","0","08","19","4","","0","1","1","0","0"
"POINT (7.098440776000070 50.732431611000003)","Unfall 178057 (2022) Kat:3, Licht: 0","178057","3","7","6","08","18","4","","0","0","0","1","0"
"POINT (7.163011521000040 50.713101088000002)","Unfall 178089 (2022) Kat:3, Licht: 0","178089","3","3","5","08","17","6","","0","1","0","0","0"
"POINT (7.102183808000060 50.731209740000097)","Unfall 178103 (2022) Kat:3, Licht: 0","178103","3","3","5","08","12","4","","0","1","0","0","0"
"POINT (7.153751404000050 50.695539385000103)","Unfall 178163 (2022) Kat:3, Licht: 0","178163","3","1","0","08","12","2","","0","0","1","0","1"
"POINT (7.104570039000070 50.719669369000002)","Unfall 178169 (2022) Kat:3, Licht: 0","178169","3","5","1","08","07","3","","0","0","1","0","0"
"POINT (7.121666495000060 50.694143557000103)","Unfall 178180 (2022) Kat:3, Licht: 0","178180","3","1","0","08","10","7","","0","1","0","0","0"
"POINT (7.054111191000060 50.748448318000001)","Unfall 178191 (2022) Kat:3, Licht: 0","178191","3","3","5","08","12","7","","0","1","1","0","0"
"POINT (7.107043643000050 50.719525402000002)","Unfall 178195 (2022) Kat:3, Licht: 0","178195","3","5","1","08","09","6","","0","1","1","0","0"
"POINT (7.098585299000040 50.732417917000099)","Unfall 178268 (2022) Kat:3, Licht: 0","178268","3","4","6","08","13","2","","0","1","0","1","0"
"POINT (7.099418787000050 50.730696064000000)","Unfall 178287 (2022) Kat:2, Licht: 0","178287","2","4","6","08","14","7","","0","0","0","1","0"
"POINT (7.097098961000030 50.735402487000002)","Unfall 178318 (2022) Kat:3, Licht: 0","178318","3","7","0","08","16","5","","0","1","0","0","0"
"POINT (7.074549179000030 50.727431654999997)","Unfall 178358 (2022) Kat:3, Licht: 2","178358","3","4","6","08","23","6","","2","1","0","1","0"
"POINT (7.161226798000030 50.721533692999998)","Unfall 178424 (2022) Kat:3, Licht: 0","178424","3","6","4","08","06","3","","0","1","0","0","0"
"POINT (7.061009310000030 50.699230183000097)","Unfall 178449 (2022) Kat:3, Licht: 0","178449","3","3","5","08","07","3","","0","1","0","0","0"
"POINT (7.114013558000070 50.748140727000099)","Unfall 178488 (2022) Kat:3, Licht: 0","178488","3","7","0","08","16","4","","0","1","0","1","0"
"POINT (7.145210709000030 50.692675041000001)","Unfall 178525 (2022) Kat:2, Licht: 0","178525","2","3","5","08","09","2","","0","1","1","0","0"
"POINT (7.096767908000060 50.732534723000100)","Unfall 178595 (2022) Kat:3, Licht: 0","178595","3","1","0","08","11","1","","0","1","0","0","0"
"POINT (7.052983158000070 50.744361187999999)","Unfall 178614 (2022) Kat:3, Licht: 0","178614","3","7","0","08","13","6","","0","0","0","0","0"
"POINT (7.091760019000050 50.727462918000100)","Unfall 178626 (2022) Kat:3, Licht: 0","178626","3","7","0","08","10","3","","0","1","0","0","0"
"POINT (7.097910876000070 50.721311389000000)","Unfall 178674 (2022) Kat:3, Licht: 0","178674","3","4","6","08","11","6","","0","0","1","1","0"
"POINT (7.044154853000070 50.750842544000101)","Unfall 178687 (2022) Kat:3, Licht: 0","178687","3","7","0","08","18","2","","0","0","0","0","0"
"POINT (7.106196019000040 50.738543759999999)","Unfall 178733 (2022) Kat:3, Licht: 0","178733","3","5","1","08","17","2","","0","1","1","0","0"
"POINT (7.080322846000060 50.723349290999998)","Unfall 178785 (2022) Kat:3, Licht: 0","178785","3","3","5","08","08","6","","0","1","1","0","0"
"POINT (7.104350798000040 50.721132802000099)","Unfall 178841 (2022) Kat:3, Licht: 0","178841","3","6","3","08","20","5","","0","0","1","0","0"
"POINT (7.125784004000020 50.700530911000001)","Unfall 178843 (2022) Kat:2, Licht: 0","178843","2","2","5","08","18","6","","0","1","1","0","0"
"POINT (7.066800623000060 50.743049155999998)","Unfall 178853 (2022) Kat:3, Licht: 0","178853","3","7","0","08","15","6","","0","1","0","0","0"
"POINT (7.134487762000050 50.700162190000100)","Unfall 178893 (2022) Kat:3, Licht: 0","178893","3","2","5","08","08","2","","0","1","1","0","0"
"POINT (7.059552813000040 50.735694033000101)","Unfall 178896 (2022) Kat:3, Licht: 0","178896","3","2","6","08","07","5","","0","0","1","1","0"
"POINT (7.051264266000030 50.710730163000100)","Unfall 178904 (2022) Kat:3, Licht: 0","178904","3","2","5","08","16","4","","0","1","1","0","0"
"POINT (7.081261332000050 50.734040651000001)","Unfall 178937 (2022) Kat:3, Licht: 0","178937","3","7","0","08","11","5","","0","0","0","0","0"
"POINT (7.139624795000030 50.737340964000097)","Unfall 178946 (2022) Kat:3, Licht: 2","178946","3","3","5","08","21","4","","2","0","1","0","1"
"POINT (7.062312056000050 50.747137651000102)","Unfall 178952 (2022) Kat:3, Licht: 0","178952","3","6","2","08","16","7","","0","0","1","0","0"
"POINT (7.099454138000060 50.730689576000003)","Unfall 178974 (2022) Kat:3, Licht: 0","178974","3","6","2","08","18","3","","0","0","1","0","0"
"POINT (7.150965895000070 50.665037749000099)","Unfall 179009 (2022) Kat:2, Licht: 0","179009","2","4","6","08","13","7","","0","0","1","1","0"
"POINT (7.128979402000030 50.697854107000097)","Unfall 179013 (2022) Kat:3, Licht: 0","179013","3","5","8","08","12","6","","0","0","1","0","0"
"POINT (7.158523753000050 50.683802656000097)","Unfall 179093 (2022) Kat:3, Licht: 0","179093","3","4","6","09","14","6","","0","1","0","1","0"
"POINT (7.097973228000060 50.732291467000003)","Unfall 179099 (2022) Kat:3, Licht: 1","179099","3","3","5","08","20","3","","1","1","0","0","0"
"POINT (7.052435294000080 50.748820395999999)","Unfall 179104 (2022) Kat:3, Licht: 0","179104","3","7","0","08","11","1","","0","1","0","0","0"
"POINT (7.148896215000040 50.690394669000099)","Unfall 179114 (2022) Kat:3, Licht: 0","179114","3","2","5","09","17","7","","0","0","1","0","1"
"POINT (7.061723567000060 50.698200642000103)","Unfall 179167 (2022) Kat:3, Licht: 0","179167","3","5","1","08","11","7","","0","1","1","0","0"
"POINT (7.103420287000060 50.729762168999997)","Unfall 179215 (2022) Kat:3, Licht: 2","179215","3","6","4","08","01","1","","2","0","0","0","0"
"POINT (7.052075034000040 50.748819091000001)","Unfall 179227 (2022) Kat:3, Licht: 0","179227","3","3","5","09","18","2","","0","0","1","0","1"
"POINT (7.157796878000060 50.684442083000100)","Unfall 179237 (2022) Kat:3, Licht: 0","179237","3","7","6","09","18","7","","0","0","1","1","0"
"POINT (7.128390145000030 50.719144996000097)","Unfall 179261 (2022) Kat:3, Licht: 0","179261","3","7","6","08","10","1","","0","1","0","1","0"
"POINT (7.093146022000040 50.748280124000097)","Unfall 179355 (2022) Kat:3, Licht: 0","179355","3","3","5","09","11","1","","0","1","0","0","0"
"POINT (7.128060641000050 50.757622623000003)","Unfall 179356 (2022) Kat:3, Licht: 0","179356","3","5","1","09","16","6","","0","1","1","0","0"
"POINT (7.111222710000050 50.728885825000098)","Unfall 179365 (2022) Kat:3, Licht: 0","179365","3","1","0","09","18","7","","0","0","0","0","1"
"POINT (7.095136732000070 50.735039378000103)","Unfall 179368 (2022) Kat:3, Licht: 1","179368","3","5","1","09","19","7","","1","1","1","0","0"
"POINT (7.122916808000070 50.739960695999997)","Unfall 179389 (2022) Kat:3, Licht: 0","179389","3","1","0","09","16","3","","0","1","0","0","0"
"POINT (7.139258332000050 50.696381830000099)","Unfall 179463 (2022) Kat:3, Licht: 0","179463","3","2","5","08","12","1","","0","1","1","0","0"
"POINT (7.087089343000060 50.758555548000103)","Unfall 179473 (2022) Kat:3, Licht: 1","179473","3","5","0","09","06","5","","1","1","1","0","0"
"POINT (7.057063597000020 50.753735286999998)","Unfall 179476 (2022) Kat:3, Licht: 0","179476","3","3","5","08","13","1","","0","0","1","0","1"
"POINT (7.161341730000060 50.681312716000001)","Unfall 179510 (2022) Kat:3, Licht: 0","179510","3","6","2","09","09","6","","0","1","0","0","0"
"POINT (7.058143812000030 50.737475103000101)","Unfall 179547 (2022) Kat:2, Licht: 0","179547","2","7","0","09","18","2","","0","1","0","0","0"
"POINT (7.045256583000030 50.757322844999997)","Unfall 179709 (2022) Kat:3, Licht: 0","179709","3","1","0","08","17","3","","0","1","0","0","0"
"POINT (7.088800694000040 50.752973754000003)","Unfall 179728 (2022) Kat:2, Licht: 0","179728","2","2","5","08","20","1","","0","0","1","0","0"
"POINT (7.101460367000070 50.726066619999997)","Unfall 179751 (2022) Kat:3, Licht: 0","179751","3","7","4","09","11","5","","0","0","1","0","0"
"POINT (7.113303829000070 50.715576967000104)","Unfall 179763 (2022) Kat:3, Licht: 0","179763","3","1","0","09","13","3","","0","1","0","0","0"
"POINT (7.030197658000080 50.712589707000099)","Unfall 179765 (2022) Kat:3, Licht: 0","179765","3","6","2","09","12","1","","0","0","1","0","0"
"POINT (7.098754477000060 50.722799603000098)","Unfall 179791 (2022) Kat:3, Licht: 0","179791","3","5","0","09","17","7","","0","1","1","0","0"
"POINT (7.055964801000070 50.748291457000100)","Unfall 179806 (2022) Kat:3, Licht: 0","179806","3","3","5","09","09","2","","0","1","1","0","0"
"POINT (7.109332359000060 50.732383759000101)","Unfall 179819 (2022) Kat:2, Licht: 0","179819","2","4","6","08","18","2","","0","1","0","1","0"
"POINT (7.043660258000050 50.753187432000097)","Unfall 179828 (2022) Kat:3, Licht: 0","179828","3","7","0","08","19","7","","0","1","0","0","0"
"POINT (7.073494801000040 50.738814908999998)","Unfall 179861 (2022) Kat:3, Licht: 0","179861","3","1","0","09","08","5","","0","1","0","0","0"
"POINT (7.105578468000030 50.723964990000098)","Unfall 179887 (2022) Kat:3, Licht: 0","179887","3","1","0","09","09","5","","0","1","0","0","0"
"POINT (7.046050417000060 50.714032457000002)","Unfall 179902 (2022) Kat:3, Licht: 1","179902","3","1","0","09","19","7","","1","0","0","0","0"
"POINT (7.122317220000070 50.739348493000101)","Unfall 179904 (2022) Kat:3, Licht: 0","179904","3","2","5","08","12","1","","0","1","1","0","0"
"POINT (7.140010296000070 50.695536161000099)","Unfall 179905 (2022) Kat:3, Licht: 0","179905","3","6","2","09","17","2","","0","0","1","0","0"
"POINT (7.168778942000070 50.672612306000097)","Unfall 179913 (2022) Kat:2, Licht: 0","179913","2","6","3","09","11","3","","0","1","0","0","0"
"POINT (7.145122021000020 50.692623425000100)","Unfall 179926 (2022) Kat:3, Licht: 0","179926","3","3","5","09","15","4","","0","0","1","0","0"
"POINT (7.081241878000070 50.753324661000100)","Unfall 179928 (2022) Kat:2, Licht: 0","179928","2","7","6","09","16","2","","0","0","0","1","0"
"POINT (7.112875624000030 50.725176881000003)","Unfall 179932 (2022) Kat:3, Licht: 0","179932","3","1","8","08","10","4","","0","0","0","0","0"
"POINT (7.161646617000030 50.695340998000098)","Unfall 179934 (2022) Kat:3, Licht: 0","179934","3","3","5","09","07","5","","0","1","0","0","0"
"POINT (7.095291481000060 50.736024902000104)","Unfall 179947 (2022) Kat:2, Licht: 0","179947","2","1","0","09","17","3","","0","1","0","0","0"
"POINT (7.054459121000040 50.713894174000103)","Unfall 179968 (2022) Kat:2, Licht: 0","179968","2","6","3","09","18","2","","0","1","0","0","0"
"POINT (7.109261284000070 50.732691420000002)","Unfall 180001 (2022) Kat:3, Licht: 0","180001","3","1","8","08","11","4","","0","0","0","0","1"
"POINT (7.104684642000050 50.721168575000000)","Unfall 180080 (2022) Kat:3, Licht: 0","180080","3","6","2","09","17","4","","0","0","1","0","0"
"POINT (7.068932886000030 50.707494075000099)","Unfall 180106 (2022) Kat:3, Licht: 0","180106","3","4","6","09","07","6","","0","1","0","1","0"
"POINT (7.147939434000020 50.693108150999997)","Unfall 180110 (2022) Kat:3, Licht: 0","180110","3","7","0","09","17","4","","0","1","1","1","0"
"POINT (7.116694110000030 50.719293870999998)","Unfall 180117 (2022) Kat:3, Licht: 0","180117","3","6","2","09","15","6","","0","0","1","0","0"
"POINT (7.134274028000050 50.694328343999999)","Unfall 180154 (2022) Kat:3, Licht: 0","180154","3","3","5","09","15","2","","0","1","1","0","0"
"POINT (7.099386933000060 50.731139303000099)","Unfall 180166 (2022) Kat:3, Licht: 0","180166","3","6","4","09","12","6","","0","1","0","0","0"
"POINT (7.121752707000040 50.698158164000098)","Unfall 180214 (2022) Kat:3, Licht: 0","180214","3","4","0","09","16","2","","0","0","0","1","0"
"POINT (7.160229532000070 50.696510762000102)","Unfall 180225 (2022) Kat:3, Licht: 0","180225","3","2","6","09","13","7","","0","0","1","1","0"
"POINT (7.054033705000050 50.714315738000003)","Unfall 180242 (2022) Kat:3, Licht: 1","180242","3","1","8","09","19","2","","1","0","0","0","0"
"POINT (7.123120468000020 50.740005533999998)","Unfall 180293 (2022) Kat:3, Licht: 1","180293","3","1","8","09","18","4","","1","1","0","0","0"
"POINT (7.139957439000060 50.691122041000000)","Unfall 180295 (2022) Kat:3, Licht: 0","180295","3","3","5","09","16","3","","0","0","1","0","0"
"POINT (7.167291989000030 50.698163784000002)","Unfall 180332 (2022) Kat:3, Licht: 0","180332","3","5","1","09","18","5","","0","1","1","0","0"
"POINT (7.149985457000070 50.703940662999997)","Unfall 180333 (2022) Kat:3, Licht: 2","180333","3","5","1","09","03","7","","2","0","1","0","0"
"POINT (7.149561789000070 50.671045200999998)","Unfall 180341 (2022) Kat:3, Licht: 0","180341","3","3","5","09","08","5","","0","1","1","0","0"
"POINT (7.104819327000030 50.718355025999998)","Unfall 180351 (2022) Kat:3, Licht: 0","180351","3","1","0","09","07","3","","0","1","0","0","0"
"POINT (7.100154717000070 50.727331909999997)","Unfall 180381 (2022) Kat:3, Licht: 0","180381","3","1","0","09","10","7","","0","1","0","0","0"
"POINT (7.179231197000040 50.670190914999999)","Unfall 180383 (2022) Kat:3, Licht: 0","180383","3","1","0","09","16","6","","0","0","0","0","1"
"POINT (7.094847707000040 50.733662645000003)","Unfall 180423 (2022) Kat:3, Licht: 0","180423","3","1","0","09","08","3","","0","1","0","0","0"
"POINT (7.153986710000030 50.685254759000003)","Unfall 180430 (2022) Kat:3, Licht: 2","180430","3","6","6","09","21","6","","2","1","0","1","0"
"POINT (7.167214924000060 50.674407240000100)","Unfall 180446 (2022) Kat:3, Licht: 0","180446","3","2","4","09","07","4","","0","1","1","0","0"
"POINT (7.106107035000040 50.736071952000003)","Unfall 180449 (2022) Kat:3, Licht: 0","180449","3","3","5","09","15","5","","0","1","0","0","0"
"POINT (7.152944983000050 50.688330178000101)","Unfall 180463 (2022) Kat:3, Licht: 0","180463","3","6","4","09","18","5","","0","1","0","0","0"
"POINT (7.171105441000070 50.664820077000101)","Unfall 180503 (2022) Kat:3, Licht: 0","180503","3","6","2","09","09","7","","0","0","1","0","0"
"POINT (7.094913635000070 50.722893431000003)","Unfall 180516 (2022) Kat:3, Licht: 0","180516","3","2","6","09","07","3","","0","0","1","1","0"
"POINT (7.137902910000040 50.691790654000002)","Unfall 180579 (2022) Kat:3, Licht: 0","180579","3","3","0","09","16","2","","0","0","0","0","1"
"POINT (7.161237753000020 50.695490054000103)","Unfall 180584 (2022) Kat:3, Licht: 0","180584","3","2","6","09","14","6","","0","0","1","1","0"
"POINT (7.138090150000040 50.711007304000098)","Unfall 180648 (2022) Kat:3, Licht: 0","180648","3","6","2","09","16","5","","0","0","1","0","0"
"POINT (7.108787848000080 50.716795591999997)","Unfall 180673 (2022) Kat:3, Licht: 0","180673","3","3","5","09","07","4","","0","1","1","0","0"
"POINT (7.041653150000060 50.749085094000101)","Unfall 180675 (2022) Kat:3, Licht: 0","180675","3","3","5","09","14","1","","0","1","1","0","0"
"POINT (7.106954078000060 50.725848392000003)","Unfall 180746 (2022) Kat:2, Licht: 0","180746","2","6","4","09","18","5","","0","1","0","0","0"
"POINT (7.149765130000050 50.732174857000103)","Unfall 180751 (2022) Kat:3, Licht: 0","180751","3","3","5","09","12","2","","0","1","0","0","0"
"POINT (7.141566377000060 50.738405319000002)","Unfall 180756 (2022) Kat:3, Licht: 1","180756","3","4","6","09","07","4","","1","0","1","1","0"
"POINT (7.158136916000050 50.682480781999999)","Unfall 180766 (2022) Kat:3, Licht: 0","180766","3","1","6","09","16","3","","0","0","1","1","0"
"POINT (7.100563501000070 50.733269358000001)","Unfall 180820 (2022) Kat:3, Licht: 0","180820","3","1","0","09","16","6","","0","1","0","0","0"
"POINT (7.146813825000040 50.683678493999999)","Unfall 180850 (2022) Kat:3, Licht: 0","180850","3","6","0","09","07","2","","0","1","1","0","0"
"POINT (7.092384362000080 50.735494281000101)","Unfall 180853 (2022) Kat:3, Licht: 0","180853","3","6","2","09","14","1","","0","0","1","0","0"
"POINT (7.114680514000040 50.715422156000002)","Unfall 180854 (2022) Kat:2, Licht: 0","180854","2","1","1","09","15","6","","0","1","1","0","0"
"POINT (7.065417110000060 50.746598974999998)","Unfall 180882 (2022) Kat:3, Licht: 2","180882","3","2","4","09","23","6","","2","0","1","0","0"
"POINT (7.057647032000030 50.706877783000003)","Unfall 180900 (2022) Kat:2, Licht: 0","180900","2","1","0","09","15","6","","0","1","0","0","0"
"POINT (7.132729105000070 50.725668386000102)","Unfall 180914 (2022) Kat:3, Licht: 0","180914","3","5","1","09","18","6","","0","1","1","0","0"
"POINT (7.031791100000020 50.694687064999997)","Unfall 181016 (2022) Kat:3, Licht: 0","181016","3","6","2","09","13","3","","0","0","1","0","0"
"POINT (7.090404838000040 50.733913461000000)","Unfall 181020 (2022) Kat:3, Licht: 0","181020","3","5","1","09","14","7","","0","1","1","0","0"
"POINT (7.084227919000060 50.760514095000097)","Unfall 181033 (2022) Kat:3, Licht: 0","181033","3","3","5","09","15","6","","0","1","0","0","0"
"POINT (7.094226335000030 50.726398297000102)","Unfall 181047 (2022) Kat:2, Licht: 0","181047","2","2","5","10","15","1","","0","1","0","0","0"
"POINT (7.051628196000020 50.746968842999998)","Unfall 181055 (2022) Kat:3, Licht: 0","181055","3","6","6","09","11","5","","0","0","1","1","0"
"POINT (7.098828065000020 50.731825049000101)","Unfall 181061 (2022) Kat:3, Licht: 0","181061","3","4","6","09","14","1","","0","1","0","1","0"
"POINT (7.155420556000020 50.684301290000100)","Unfall 181069 (2022) Kat:3, Licht: 0","181069","3","1","0","09","17","6","","0","1","0","0","0"
"POINT (7.132953305000060 50.714103627999997)","Unfall 181103 (2022) Kat:3, Licht: 0","181103","3","6","2","09","15","5","","0","0","1","0","0"
"POINT (7.116299343000040 50.738395131000097)","Unfall 181132 (2022) Kat:2, Licht: 1","181132","2","3","5","09","19","2","","1","1","1","0","0"
"POINT (7.081803047000050 50.742703826000103)","Unfall 181135 (2022) Kat:3, Licht: 0","181135","3","3","5","09","12","4","","0","0","1","0","0"
"POINT (7.142049958000030 50.694033662000002)","Unfall 181145 (2022) Kat:3, Licht: 0","181145","3","6","3","09","13","6","","0","1","1","0","0"
"POINT (7.071421351000030 50.714547004000103)","Unfall 181155 (2022) Kat:3, Licht: 1","181155","3","1","8","10","07","6","","1","0","1","0","0"
"POINT (7.087866986000050 50.757337616000001)","Unfall 181192 (2022) Kat:3, Licht: 0","181192","3","3","5","10","16","3","","0","1","1","0","0"
"POINT (7.054558627000060 50.711987938000000)","Unfall 181214 (2022) Kat:3, Licht: 0","181214","3","2","5","10","15","4","","0","1","1","0","0"
"POINT (7.156478616000070 50.690747238000000)","Unfall 181228 (2022) Kat:3, Licht: 0","181228","3","3","5","10","10","5","","0","1","1","0","0"
"POINT (7.054232508000040 50.748994908000000)","Unfall 181283 (2022) Kat:3, Licht: 0","181283","3","7","0","10","11","3","","0","1","0","0","0"
"POINT (7.106946289000060 50.720593717000000)","Unfall 181294 (2022) Kat:2, Licht: 0","181294","2","2","6","10","11","3","","0","0","1","1","0"
"POINT (7.156927393000050 50.681957812000100)","Unfall 181339 (2022) Kat:3, Licht: 0","181339","3","7","4","10","14","3","","0","1","0","0","0"
"POINT (7.099605838000060 50.730648334000101)","Unfall 181369 (2022) Kat:3, Licht: 0","181369","3","3","5","10","16","7","","0","1","0","0","0"
"POINT (7.174317673000080 50.666450470000001)","Unfall 181399 (2022) Kat:3, Licht: 0","181399","3","6","2","10","08","2","","0","0","1","0","0"
"POINT (7.116947652000020 50.716118981000101)","Unfall 181404 (2022) Kat:3, Licht: 0","181404","3","7","0","10","15","4","","0","1","0","0","0"
"POINT (7.049675198000050 50.735988505000101)","Unfall 181459 (2022) Kat:3, Licht: 1","181459","3","6","2","10","07","4","","1","1","0","0","0"
"POINT (7.119082368000020 50.739059220999998)","Unfall 181462 (2022) Kat:3, Licht: 0","181462","3","4","6","10","17","5","","0","0","0","1","0"
"POINT (7.091849945000040 50.737671222000102)","Unfall 181474 (2022) Kat:3, Licht: 0","181474","3","6","4","10","15","5","","0","1","0","0","0"
"POINT (7.046003649000060 50.749887640000097)","Unfall 181477 (2022) Kat:3, Licht: 1","181477","3","4","6","10","18","2","","1","0","1","1","0"
"POINT (7.056431252000040 50.743020936000100)","Unfall 181540 (2022) Kat:3, Licht: 2","181540","3","6","3","10","23","6","","2","1","1","0","0"
"POINT (7.121716111000070 50.732166334000098)","Unfall 181562 (2022) Kat:3, Licht: 0","181562","3","3","5","10","11","3","","0","1","1","0","0"
"POINT (7.088805504000050 50.752969203000099)","Unfall 181593 (2022) Kat:3, Licht: 0","181593","3","2","3","10","08","7","","0","0","1","0","0"
"POINT (7.167501807000060 50.689455373999998)","Unfall 181616 (2022) Kat:3, Licht: 0","181616","3","3","5","10","10","7","","0","0","1","0","0"
"POINT (7.064750378000040 50.722862798000101)","Unfall 181617 (2022) Kat:2, Licht: 0","181617","2","3","5","10","14","3","","0","0","1","0","1"
"POINT (7.093124346000020 50.723204746000100)","Unfall 181627 (2022) Kat:3, Licht: 2","181627","3","1","9","10","20","7","","2","0","1","0","0"
"POINT (7.120870744000060 50.738779198000003)","Unfall 181650 (2022) Kat:3, Licht: 1","181650","3","3","5","10","07","6","","1","1","1","0","0"
"POINT (7.064609744000050 50.710888264000097)","Unfall 181684 (2022) Kat:3, Licht: 0","181684","3","7","6","10","15","2","","0","0","0","1","1"
"POINT (7.095001513000060 50.734271151000002)","Unfall 181761 (2022) Kat:2, Licht: 0","181761","2","1","0","10","12","3","","0","1","0","0","0"
"POINT (7.157344076000070 50.684736284000103)","Unfall 181790 (2022) Kat:3, Licht: 0","181790","3","5","0","10","12","2","","0","1","1","0","0"
"POINT (7.047947974000070 50.736222382999998)","Unfall 181794 (2022) Kat:3, Licht: 0","181794","3","3","5","10","09","3","","0","1","1","0","0"
"POINT (7.051531086000070 50.702357808000002)","Unfall 181825 (2022) Kat:3, Licht: 0","181825","3","3","5","10","13","5","","0","1","1","0","0"
"POINT (7.098823109000020 50.723072104000003)","Unfall 181867 (2022) Kat:3, Licht: 0","181867","3","5","1","10","14","4","","0","1","1","0","0"
"POINT (7.098966183000070 50.730789901999998)","Unfall 181869 (2022) Kat:3, Licht: 0","181869","3","1","0","10","10","6","","0","1","0","0","0"
"POINT (7.158111834000070 50.684914173999999)","Unfall 181875 (2022) Kat:2, Licht: 0","181875","2","4","6","10","14","3","","0","0","1","1","0"
"POINT (7.100056205000040 50.727424063999997)","Unfall 181882 (2022) Kat:3, Licht: 2","181882","3","1","0","10","07","5","","2","1","0","0","0"
"POINT (7.158740017000070 50.683993043000001)","Unfall 181890 (2022) Kat:3, Licht: 0","181890","3","7","0","10","11","4","","0","1","0","0","1"