WKT,Name,OBJECTID,UKATEGORIE,UTYP1,UART,UMONAT,USTUNDE,UWOCHENTAG,STRZUSTAND,ULICHTVERH,ISTRAD,ISTPKW,ISTFUSS,ISTKRAD
"POINT (7.143355077000024 50.750717561000044)","Unfall 28577 (2023) Kat:2, Licht: 2","28577","2","1","9","03","06","1","","2","0","1","0","0"
"POINT (7.152732464000053 50.685329223000053)","Unfall 28737 (2023) Kat:3, Licht: 0","28737","3","3","5","03","13","5","","0","1","1","0","0"
"POINT (7.125105270000063 50.713016455000059)","Unfall 28738 (2023) Kat:3, Licht: 0","28738","3","6","2","03","12","5","","0","0","1","0","0"
"POINT (7.033650997000052 50.732209683000065)","Unfall 28739 (2023) Kat:3, Licht: 0","28739","3","7","4","03","11","5","","0","0","1","0","0"
"POINT (7.074823397000046 50.741397553000070)","Unfall 28741 (2023) Kat:3, Licht: 2","28741","3","2","5","03","09","5","","2","0","1","0","0"
"POINT (7.103840948000027 50.737297183000067)","Unfall 28742 (2023) Kat:3, Licht: 0","28742","3","2","3","03","14","5","","0","1","1","0","0"
"POINT (7.092115440000043 50.745352552000043)","Unfall 28743 (2023) Kat:3, Licht: 0","28743","3","7","0","03","09","5","","0","0","1","0","0"
"POINT (7.115981316000045 50.739095101000032)","Unfall 28825 (2023) Kat:3, Licht: 0","28825","3","6","2","03","15","4","","0","0","1","0","0"
"POINT (7.155247072000066 50.721095161000051)","Unfall 28902 (2023) Kat:3, Licht: 0","28902","3","3","5","02","16","3","","0","1","1","0","0"
"POINT (7.141735434000054 50.752117230000067)","Unfall 28904 (2023) Kat:3, Licht: 0","28904","3","6","2","02","14","3","","0","0","1","0","0"
"POINT (7.105006846000038 50.735790851000047)","Unfall 28905 (2023) Kat:3, Licht: 0","28905","3","6","2","02","14","3","","0","0","1","0","0"
"POINT (7.071857753000074 50.679192566000040)","Unfall 28989 (2023) Kat:3, Licht: 0","28989","3","2","5","02","16","2","","0","1","1","0","0"
"POINT (7.103132532000075 50.738113314000032)","Unfall 29043 (2023) Kat:3, Licht: 0","29043","3","7","0","02","15","1","","0","1","0","0","0"
"POINT (7.088138771000047 50.721435007000082)","Unfall 29052 (2023) Kat:3, Licht: 0","29052","3","7","0","03","14","2","","0","0","0","0","0"
"POINT (7.080180419000044 50.697359539000047)","Unfall 29087 (2023) Kat:3, Licht: 0","29087","3","2","5","02","17","7","","0","1","1","0","0"
"POINT (7.132014081000023 50.663414586000044)","Unfall 29169 (2023) Kat:3, Licht: 0","29169","3","6","4","02","15","6","","0","0","1","0","0"
"POINT (7.085915997000029 50.718290468000077)","Unfall 29170 (2023) Kat:3, Licht: 0","29170","3","3","5","02","09","6","","0","0","1","0","1"
"POINT (7.121915680000029 50.742969942000059)","Unfall 29251 (2023) Kat:2, Licht: 0","29251","2","3","5","02","15","5","","0","1","1","0","0"
"POINT (7.146076990000040 50.752070641000046)","Unfall 29258 (2023) Kat:3, Licht: 2","29258","3","6","2","02","07","5","","2","0","1","0","0"
"POINT (7.150986211000031 50.688479726000025)","Unfall 29347 (2023) Kat:3, Licht: 0","29347","3","5","1","02","09","4","","0","0","1","0","0"
"POINT (7.124385103000066 50.713794026000073)","Unfall 29348 (2023) Kat:3, Licht: 2","29348","3","6","3","02","21","4","","2","0","1","0","0"
"POINT (7.088509624000039 50.722037894000039)","Unfall 29430 (2023) Kat:3, Licht: 1","29430","3","2","0","02","17","3","","1","0","1","0","1"
"POINT (7.094983146000061 50.736648065000054)","Unfall 29490 (2023) Kat:2, Licht: 2","29490","2","4","6","02","19","2","","2","0","1","1","0"
"POINT (7.103079229000059 50.737350230000061)","Unfall 29593 (2023) Kat:3, Licht: 1","29593","3","5","1","02","16","7","","1","1","1","0","0"
"POINT (7.097551778000025 50.737424267000051)","Unfall 29594 (2023) Kat:3, Licht: 0","29594","3","7","0","02","14","7","","0","1","1","0","0"
"POINT (7.141937539000025 50.750111161000063)","Unfall 29651 (2023) Kat:3, Licht: 0","29651","3","6","0","02","14","6","","0","0","1","0","0"
"POINT (7.051080902000024 50.752891132000059)","Unfall 29652 (2023) Kat:3, Licht: 0","29652","3","6","9","02","09","6","","0","0","1","0","0"
"POINT (7.098326695000026 50.705638400000055)","Unfall 29664 (2023) Kat:3, Licht: 2","29664","3","3","0","02","05","6","","2","1","1","0","0"
"POINT (7.056484821000026 50.739500236000026)","Unfall 29666 (2023) Kat:3, Licht: 2","29666","3","7","0","02","17","6","","2","1","0","0","0"
"POINT (7.150441904000047 50.683730514000047)","Unfall 29755 (2023) Kat:2, Licht: 2","29755","2","2","6","02","18","5","","2","0","1","1","0"
"POINT (7.132141303000026 50.734200243000032)","Unfall 29757 (2023) Kat:3, Licht: 0","29757","3","3","5","02","08","5","","0","0","1","0","0"
"POINT (7.073562097000035 50.741199332000065)","Unfall 29866 (2023) Kat:3, Licht: 0","29866","3","3","5","02","10","4","","0","1","0","0","0"
"POINT (7.097112484000036 50.706996421000042)","Unfall 29882 (2023) Kat:2, Licht: 0","29882","2","1","4","02","08","4","","0","0","1","0","0"
"POINT (7.100619232000042 50.757201812000062)","Unfall 29970 (2023) Kat:3, Licht: 0","29970","3","6","2","02","16","3","","0","0","1","0","0"
"POINT (7.144655656000054 50.693760010000062)","Unfall 29983 (2023) Kat:3, Licht: 0","29983","3","6","3","02","15","3","","0","0","1","0","0"
"POINT (7.109935664000034 50.738191185000062)","Unfall 29984 (2023) Kat:3, Licht: 2","29984","3","6","2","02","19","3","","2","0","1","0","0"
"POINT (7.091476515000068 50.744948064000027)","Unfall 30113 (2023) Kat:3, Licht: 0","30113","3","1","0","02","08","2","","0","0","0","0","1"
"POINT (7.044924987000059 50.714652559000058)","Unfall 30267 (2023) Kat:3, Licht: 0","30267","3","7","8","02","11","3","","0","0","1","0","0"
"POINT (7.088422443000070 50.721887931000026)","Unfall 30298 (2023) Kat:3, Licht: 0","30298","3","2","2","02","15","2","","0","1","1","0","0"
"POINT (7.103320752000059 50.737556968000035)","Unfall 30385 (2023) Kat:3, Licht: 0","30385","3","2","0","02","12","6","","0","0","1","0","0"
"POINT (7.099842396000042 50.745216602000028)","Unfall 30386 (2023) Kat:3, Licht: 0","30386","3","6","0","02","17","6","","0","1","0","0","0"
"POINT (7.104341765000072 50.759091947000059)","Unfall 30492 (2023) Kat:2, Licht: 0","30492","2","1","8","02","14","5","","0","0","1","0","0"
"POINT (7.099627832000067 50.745816881000053)","Unfall 30503 (2023) Kat:1, Licht: 2","30503","1","7","0","02","01","5","","2","0","0","0","0"
"POINT (7.064919392000036 50.719603142000039)","Unfall 30535 (2023) Kat:2, Licht: 0","30535","2","6","3","02","16","4","","0","0","1","0","1"
"POINT (7.111560470000029 50.763213836000034)","Unfall 30571 (2023) Kat:3, Licht: 2","30571","3","6","4","02","06","4","","2","1","0","0","0"
"POINT (7.111916313000052 50.760832169000082)","Unfall 30591 (2023) Kat:3, Licht: 0","30591","3","7","2","02","17","4","","0","0","1","0","0"
"POINT (7.139655056000038 50.674391474000060)","Unfall 30595 (2023) Kat:3, Licht: 1","30595","3","3","5","02","07","4","","1","1","1","0","0"
"POINT (7.058296122000058 50.761755728000026)","Unfall 30703 (2023) Kat:3, Licht: 0","30703","3","2","5","02","17","3","","0","1","1","0","0"
"POINT (7.167953435000072 50.744985653000072)","Unfall 30774 (2023) Kat:3, Licht: 0","30774","3","3","5","03","16","2","","0","0","1","0","1"
"POINT (7.114849121000020 50.760465921000048)","Unfall 30874 (2023) Kat:3, Licht: 0","30874","3","3","5","03","13","2","","0","1","1","0","0"
"POINT (7.079954422000071 50.749765259000071)","Unfall 31000 (2023) Kat:3, Licht: 0","31000","3","6","2","03","13","7","","0","0","1","0","0"
"POINT (7.097409760000062 50.737390395000034)","Unfall 31251 (2023) Kat:3, Licht: 0","31251","3","6","3","03","17","4","","0","1","1","0","0"
"POINT (7.082324174000064 50.747600025000054)","Unfall 31252 (2023) Kat:3, Licht: 1","31252","3","3","5","03","05","4","","1","1","1","0","0"
"POINT (7.117658913000071 50.739218462000053)","Unfall 31334 (2023) Kat:3, Licht: 2","31334","3","2","5","03","06","3","","2","1","1","0","0"
"POINT (7.116001435000044 50.739097635000064)","Unfall 31335 (2023) Kat:3, Licht: 0","31335","3","6","3","03","09","3","","0","0","1","0","0"
"POINT (7.047603103000029 50.716091026000072)","Unfall 31421 (2023) Kat:3, Licht: 0","31421","3","5","1","03","08","2","","0","0","1","0","0"
"POINT (7.140146186000038 50.698282039000048)","Unfall 31477 (2023) Kat:3, Licht: 2","31477","3","7","8","03","20","4","","2","0","0","0","0"
"POINT (7.152266507000036 50.740833708000082)","Unfall 31551 (2023) Kat:3, Licht: 0","31551","3","7","8","03","14","7","","0","0","1","0","0"
"POINT (7.103153899000063 50.737349000000052)","Unfall 31635 (2023) Kat:3, Licht: 0","31635","3","7","0","03","15","3","","0","0","0","0","0"
"POINT (7.148724661000074 50.691233391000026)","Unfall 31745 (2023) Kat:3, Licht: 0","31745","3","6","2","03","15","5","","0","0","1","0","0"
"POINT (7.071317953000062 50.693559715000049)","Unfall 31746 (2023) Kat:3, Licht: 1","31746","3","3","5","03","17","5","","1","1","1","0","0"
"POINT (7.135269189000041 50.703195438000080)","Unfall 31849 (2023) Kat:3, Licht: 0","31849","3","2","5","03","07","4","","0","1","1","0","0"
"POINT (7.056296667000026 50.762978099000065)","Unfall 31850 (2023) Kat:3, Licht: 0","31850","3","4","6","03","14","4","","0","0","1","1","0"
"POINT (7.096982920000073 50.707017260000043)","Unfall 31851 (2023) Kat:3, Licht: 0","31851","3","1","8","03","08","4","","0","0","1","0","0"
"POINT (7.147710891000031 50.691864389000045)","Unfall 32045 (2023) Kat:3, Licht: 0","32045","3","6","0","04","09","1","","0","0","1","0","1"
"POINT (7.144112705000055 50.740837102000057)","Unfall 32096 (2023) Kat:3, Licht: 0","32096","3","6","8","04","18","7","","0","0","1","0","0"
"POINT (7.045938287000070 50.715392451000071)","Unfall 32191 (2023) Kat:3, Licht: 0","32191","3","4","6","04","12","5","","0","0","1","1","0"
"POINT (7.074830510000027 50.741385159000060)","Unfall 32279 (2023) Kat:3, Licht: 0","32279","3","3","5","04","18","4","","0","0","1","0","0"
"POINT (7.132607049000057 50.705125393000060)","Unfall 32366 (2023) Kat:3, Licht: 0","32366","3","6","0","04","09","3","","0","0","0","0","1"
"POINT (7.183008555000072 50.668857957000057)","Unfall 32367 (2023) Kat:3, Licht: 2","32367","3","2","5","04","21","3","","2","0","1","0","0"
"POINT (7.147385452000037 50.691926624000075)","Unfall 32591 (2023) Kat:3, Licht: 0","32591","3","1","0","04","16","7","","0","0","0","0","1"
"POINT (7.132068229000026 50.734299388000068)","Unfall 32669 (2023) Kat:3, Licht: 2","32669","3","1","0","03","23","6","","2","1","0","0","0"
"POINT (7.135580939000022 50.702888320000056)","Unfall 32795 (2023) Kat:3, Licht: 0","32795","3","1","8","03","07","5","","0","1","0","0","0"
"POINT (7.152754628000025 50.722778462000065)","Unfall 32876 (2023) Kat:3, Licht: 0","32876","3","6","3","03","10","4","","0","0","1","0","0"
"POINT (7.103221924000025 50.737731566000036)","Unfall 32884 (2023) Kat:3, Licht: 0","32884","3","6","0","03","08","4","","0","0","0","0","0"
"POINT (7.071271978000027 50.747201371000074)","Unfall 32962 (2023) Kat:3, Licht: 0","32962","3","6","2","03","16","6","","0","0","1","0","0"
"POINT (7.105262051000068 50.759275590000072)","Unfall 32977 (2023) Kat:3, Licht: 0","32977","3","6","2","03","07","3","","0","0","1","0","0"
"POINT (7.074811508000039 50.741418267000029)","Unfall 32986 (2023) Kat:2, Licht: 0","32986","2","3","5","03","09","3","","0","0","1","0","0"
"POINT (7.140990531000057 50.697074163000082)","Unfall 33100 (2023) Kat:3, Licht: 0","33100","3","2","5","03","18","2","","0","0","1","0","0"
"POINT (7.134456977000070 50.742467361000081)","Unfall 33101 (2023) Kat:3, Licht: 0","33101","3","2","5","03","15","2","","0","1","1","0","0"
"POINT (7.136968155000034 50.701187916000038)","Unfall 33198 (2023) Kat:3, Licht: 0","33198","3","2","5","03","11","1","","0","0","1","0","0"
"POINT (7.155138359000034 50.721374678000075)","Unfall 33199 (2023) Kat:3, Licht: 1","33199","3","7","2","03","18","1","","1","0","1","0","0"
"POINT (7.114571796000064 50.761382598000068)","Unfall 33250 (2023) Kat:2, Licht: 0","33250","2","7","8","03","12","7","","0","0","1","0","0"
"POINT (7.159576112000025 50.684255444000030)","Unfall 33356 (2023) Kat:3, Licht: 0","33356","3","6","2","03","15","6","","0","0","1","0","0"
"POINT (7.067379595000034 50.740073938000080)","Unfall 33358 (2023) Kat:3, Licht: 2","33358","3","1","0","03","00","6","","2","0","0","0","0"
"POINT (7.094997906000060 50.730332136000072)","Unfall 33367 (2023) Kat:3, Licht: 0","33367","3","3","5","04","10","6","","0","0","1","0","0"
"POINT (7.146058268000047 50.742575247000048)","Unfall 33545 (2023) Kat:3, Licht: 2","33545","3","3","5","04","00","1","","2","0","1","0","0"
"POINT (7.127344635000043 50.740239213000052)","Unfall 33654 (2023) Kat:3, Licht: 0","33654","3","3","5","03","08","3","","0","1","1","0","0"
"POINT (7.105038711000020 50.735739954000053)","Unfall 33655 (2023) Kat:3, Licht: 0","33655","3","6","2","03","12","3","","0","0","1","0","0"
"POINT (7.069970177000073 50.710619865000069)","Unfall 33698 (2023) Kat:3, Licht: 0","33698","3","1","0","05","10","5","","0","1","0","0","0"
"POINT (7.167487183000048 50.711939145000031)","Unfall 33699 (2023) Kat:3, Licht: 0","33699","3","6","2","05","16","5","","0","1","1","0","0"
"POINT (7.147089340000036 50.746365454000056)","Unfall 33798 (2023) Kat:2, Licht: 0","33798","2","6","4","05","14","5","","0","0","1","0","0"
"POINT (7.136977884000032 50.701177874000052)","Unfall 33800 (2023) Kat:3, Licht: 0","33800","3","2","5","05","10","4","","0","0","1","0","0"
"POINT (7.123588869000059 50.714027626000075)","Unfall 33801 (2023) Kat:3, Licht: 0","33801","3","6","3","05","15","4","","0","0","1","0","0"
"POINT (7.124332440000046 50.658138063000081)","Unfall 33802 (2023) Kat:3, Licht: 0","33802","3","2","2","05","17","4","","0","0","1","0","0"
"POINT (7.154051466000055 50.739561343000048)","Unfall 33803 (2023) Kat:3, Licht: 0","33803","3","6","4","05","15","4","","0","0","1","0","0"
"POINT (7.111382758000047 50.725879376000080)","Unfall 33804 (2023) Kat:2, Licht: 0","33804","2","7","9","05","09","4","","0","0","1","0","0"
"POINT (7.180418771000063 50.734065109000028)","Unfall 33901 (2023) Kat:3, Licht: 0","33901","3","6","2","05","08","3","","0","1","1","0","0"
"POINT (7.090259956000068 50.743532621000043)","Unfall 33903 (2023) Kat:2, Licht: 0","33903","2","7","0","05","17","3","","0","0","0","0","0"
"POINT (7.198715582000034 50.735388794000073)","Unfall 33968 (2023) Kat:2, Licht: 0","33968","2","2","5","05","13","2","","0","1","1","0","0"
"POINT (7.152998807000074 50.686696125000026)","Unfall 34202 (2023) Kat:3, Licht: 0","34202","3","7","0","04","15","6","","0","1","0","0","0"
"POINT (7.121671462000052 50.742625007000072)","Unfall 34206 (2023) Kat:3, Licht: 0","34206","3","6","3","04","19","6","","0","0","1","0","0"
"POINT (7.155538532000037 50.721254300000055)","Unfall 34207 (2023) Kat:3, Licht: 0","34207","3","7","0","04","10","6","","0","1","0","0","0"
"POINT (7.068366232000074 50.634548456000061)","Unfall 34567 (2023) Kat:3, Licht: 0","34567","3","6","2","04","17","2","","0","0","1","0","0"
"POINT (7.133036464000043 50.733118493000063)","Unfall 34667 (2023) Kat:3, Licht: 0","34667","3","2","5","04","15","1","","0","1","1","0","0"
"POINT (7.153716562000056 50.686487880000072)","Unfall 34744 (2023) Kat:3, Licht: 0","34744","3","6","2","04","18","7","","0","0","1","0","0"
"POINT (7.104593675000046 50.737399748000030)","Unfall 34748 (2023) Kat:3, Licht: 0","34748","3","6","4","04","15","7","","0","1","0","0","0"
"POINT (7.115685326000062 50.739052450000031)","Unfall 34799 (2023) Kat:3, Licht: 0","34799","3","3","5","04","12","3","","0","1","1","0","0"
"POINT (7.138154566000026 50.760755179000057)","Unfall 34839 (2023) Kat:3, Licht: 0","34839","3","6","1","04","13","6","","0","0","1","0","0"
"POINT (7.149861275000035 50.689490899000077)","Unfall 34967 (2023) Kat:3, Licht: 0","34967","3","6","2","04","14","5","","0","0","1","0","0"
"POINT (7.055330896000044 50.763571499000079)","Unfall 34978 (2023) Kat:3, Licht: 0","34978","3","3","5","04","18","1","","0","1","1","0","0"
"POINT (7.178542123000057 50.667102825000029)","Unfall 35087 (2023) Kat:3, Licht: 0","35087","3","4","6","04","15","4","","0","0","1","1","0"
"POINT (7.174491254000031 50.705408394000074)","Unfall 35088 (2023) Kat:3, Licht: 0","35088","3","1","8","04","16","4","","0","1","0","0","0"
"POINT (7.102180247000035 50.757832484000062)","Unfall 35121 (2023) Kat:2, Licht: 0","35121","2","6","2","04","17","4","","0","0","1","0","0"
"POINT (7.147799557000042 50.727163959000052)","Unfall 35215 (2023) Kat:2, Licht: 2","35215","2","5","1","05","02","2","","2","0","1","0","1"
"POINT (7.050396176000049 50.716474926000046)","Unfall 35230 (2023) Kat:3, Licht: 0","35230","3","1","0","04","12","3","","0","1","0","0","0"
"POINT (7.114949991000060 50.738888023000072)","Unfall 35494 (2023) Kat:3, Licht: 0","35494","3","6","3","04","12","7","","0","1","0","0","0"
"POINT (7.105773402000068 50.734139378000066)","Unfall 35495 (2023) Kat:3, Licht: 0","35495","3","5","1","04","19","7","","0","1","1","0","0"
"POINT (7.114778228000034 50.760282864000033)","Unfall 35539 (2023) Kat:3, Licht: 0","35539","3","6","2","04","12","3","","0","0","1","0","0"
"POINT (7.139041106000036 50.699069488000077)","Unfall 35579 (2023) Kat:3, Licht: 0","35579","3","6","2","04","14","6","","0","0","1","0","0"
"POINT (7.090491019000069 50.736617738000064)","Unfall 35687 (2023) Kat:3, Licht: 0","35687","3","4","6","04","20","6","","0","0","1","1","0"
"POINT (7.101151622000032 50.737817798000037)","Unfall 35698 (2023) Kat:3, Licht: 1","35698","3","7","6","04","06","5","","1","0","1","1","0"
"POINT (7.078060917000073 50.742440043000045)","Unfall 35751 (2023) Kat:3, Licht: 0","35751","3","2","5","04","09","3","","0","1","1","0","0"
"POINT (7.156797615000073 50.752668040000060)","Unfall 35783 (2023) Kat:3, Licht: 0","35783","3","6","2","04","15","4","","0","0","1","0","0"
"POINT (7.093630365000024 50.736151433000032)","Unfall 35910 (2023) Kat:3, Licht: 0","35910","3","7","0","05","11","5","","0","0","0","0","1"
"POINT (7.126350397000067 50.764512861000071)","Unfall 35995 (2023) Kat:3, Licht: 0","35995","3","6","2","05","13","2","","0","0","0","0","0"
"POINT (7.192916433000050 50.657177176000062)","Unfall 36194 (2023) Kat:3, Licht: 0","36194","3","6","2","05","12","7","","0","0","1","0","0"
"POINT (7.082660016000034 50.747392260000026)","Unfall 36196 (2023) Kat:3, Licht: 0","36196","3","3","0","05","13","7","","0","1","1","0","0"
"POINT (7.076420105000068 50.686075132000042)","Unfall 36309 (2023) Kat:3, Licht: 1","36309","3","1","0","05","20","6","","1","0","0","0","1"
"POINT (7.049367001000064 50.753427744000078)","Unfall 36525 (2023) Kat:3, Licht: 2","36525","3","1","9","05","00","4","","2","0","1","0","0"
"POINT (7.139280292000024 50.698826744000030)","Unfall 36536 (2023) Kat:3, Licht: 0","36536","3","6","2","05","11","4","","0","0","1","0","0"
"POINT (7.103887354000051 50.737253725000073)","Unfall 36649 (2023) Kat:3, Licht: 0","36649","3","2","0","05","17","3","","0","0","1","0","0"
"POINT (7.063250964000076 50.749123740000073)","Unfall 36733 (2023) Kat:3, Licht: 0","36733","3","6","2","05","16","2","","0","0","1","0","0"
"POINT (7.103689114000076 50.737413755000034)","Unfall 36741 (2023) Kat:3, Licht: 0","36741","3","2","5","05","09","2","","0","1","1","0","0"
"POINT (7.133482721000064 50.704877772000032)","Unfall 36929 (2023) Kat:3, Licht: 0","36929","3","6","2","05","18","7","","0","0","1","0","0"
"POINT (7.038500935000059 50.714602988000081)","Unfall 36931 (2023) Kat:3, Licht: 0","36931","3","2","5","05","17","7","","0","1","1","0","0"
"POINT (7.090031143000033 50.731368861000078)","Unfall 36932 (2023) Kat:3, Licht: 0","36932","3","2","5","05","09","7","","0","1","1","0","0"
"POINT (7.135017202000029 50.703441192000071)","Unfall 37181 (2023) Kat:2, Licht: 2","37181","2","4","6","05","23","7","","2","0","1","1","0"
"POINT (7.079028671000060 50.749539720000030)","Unfall 37253 (2023) Kat:3, Licht: 0","37253","3","2","2","05","16","2","","0","0","1","0","1"
"POINT (7.130212047000043 50.707776657000068)","Unfall 37335 (2023) Kat:3, Licht: 0","37335","3","6","2","05","18","1","","0","0","1","0","0"
"POINT (7.107834422000053 50.730991994000078)","Unfall 37337 (2023) Kat:3, Licht: 0","37337","3","7","2","05","13","1","","0","0","1","0","1"
"POINT (7.118555179000055 50.762316955000074)","Unfall 37424 (2023) Kat:3, Licht: 0","37424","3","6","2","05","09","7","","0","0","1","0","0"
"POINT (7.127191794000055 50.710957591000067)","Unfall 37431 (2023) Kat:3, Licht: 2","37431","3","6","2","05","22","7","","2","0","1","0","0"
"POINT (7.139849329000072 50.698249233000070)","Unfall 37557 (2023) Kat:3, Licht: 0","37557","3","6","2","05","12","6","","0","0","1","0","0"
"POINT (7.136380270000075 50.751716534000082)","Unfall 37561 (2023) Kat:3, Licht: 0","37561","3","6","2","05","15","6","","0","0","1","0","0"
"POINT (7.100613776000046 50.757198944000038)","Unfall 37667 (2023) Kat:2, Licht: 0","37667","2","6","2","05","17","5","","0","0","1","0","1"
"POINT (7.071065981000061 50.754216375000055)","Unfall 37675 (2023) Kat:2, Licht: 0","37675","2","4","0","05","12","5","","0","1","0","1","0"
"POINT (7.085938070000054 50.752203332000079)","Unfall 37850 (2023) Kat:3, Licht: 0","37850","3","6","2","05","17","3","","0","0","1","0","0"
"POINT (7.154250027000046 50.751110214000050)","Unfall 37860 (2023) Kat:3, Licht: 0","37860","3","3","5","05","16","3","","0","1","1","0","0"
"POINT (7.082111135000048 50.747727563000069)","Unfall 38027 (2023) Kat:3, Licht: 0","38027","3","7","6","05","20","7","","0","0","0","1","0"
"POINT (7.139767980000045 50.756405425000025)","Unfall 38051 (2023) Kat:2, Licht: 0","38051","2","1","8","05","16","1","","0","0","1","0","0"
"POINT (7.194058512000026 50.656170184000075)","Unfall 38056 (2023) Kat:3, Licht: 2","38056","3","1","5","05","03","1","","2","0","1","0","0"
"POINT (7.098002804000032 50.737509200000034)","Unfall 38058 (2023) Kat:3, Licht: 0","38058","3","2","5","05","17","1","","0","1","1","0","0"
"POINT (7.062710766000066 50.721885876000044)","Unfall 38060 (2023) Kat:3, Licht: 0","38060","3","6","2","05","08","5","","0","0","1","0","0"
"POINT (7.167211825000038 50.745250337000073)","Unfall 38232 (2023) Kat:3, Licht: 0","38232","3","2","5","05","18","6","","0","1","0","0","0"
"POINT (7.072754264000025 50.753271397000049)","Unfall 38238 (2023) Kat:3, Licht: 0","38238","3","3","5","05","16","6","","0","0","1","0","0"
"POINT (7.131797000000063 50.734672096000054)","Unfall 38347 (2023) Kat:3, Licht: 2","38347","3","2","5","05","23","5","","2","0","1","0","0"
"POINT (7.108625943000050 50.738009023000075)","Unfall 38486 (2023) Kat:2, Licht: 0","38486","2","6","4","05","16","4","","0","1","0","0","0"
"POINT (7.098313777000044 50.741088195000032)","Unfall 38648 (2023) Kat:3, Licht: 0","38648","3","6","2","05","17","3","","0","0","1","0","0"
"POINT (7.086589399000047 50.744967689000077)","Unfall 38649 (2023) Kat:3, Licht: 0","38649","3","3","5","05","17","3","","0","1","1","0","0"
"POINT (7.107294297000067 50.731786795000062)","Unfall 38688 (2023) Kat:3, Licht: 0","38688","3","6","3","05","14","1","","0","1","0","0","1"
"POINT (7.085191284000075 50.733375316000036)","Unfall 38882 (2023) Kat:3, Licht: 0","38882","3","6","0","06","16","4","","0","0","0","0","0"
"POINT (7.098834085000021 50.737528849000057)","Unfall 39008 (2023) Kat:3, Licht: 0","39008","3","6","2","06","11","3","","0","0","1","0","0"
"POINT (7.175759006000021 50.743680224000059)","Unfall 39136 (2023) Kat:3, Licht: 0","39136","3","6","2","06","07","2","","0","0","1","0","0"
"POINT (7.058916520000025 50.633055711000054)","Unfall 39324 (2023) Kat:3, Licht: 0","39324","3","2","5","06","17","7","","0","1","1","0","0"
"POINT (7.155521950000036 50.751671826000063)","Unfall 39325 (2023) Kat:2, Licht: 2","39325","2","1","0","06","00","7","","2","0","0","0","0"
"POINT (7.105347486000028 50.737624395000068)","Unfall 39326 (2023) Kat:3, Licht: 2","39326","3","6","4","06","23","7","","2","1","0","0","0"
"POINT (7.033121104000031 50.733721821000074)","Unfall 39327 (2023) Kat:3, Licht: 0","39327","3","3","5","06","11","7","","0","0","1","0","1"
"POINT (7.088769071000058 50.753404489000047)","Unfall 39413 (2023) Kat:3, Licht: 0","39413","3","6","1","06","07","6","","0","0","1","0","0"
"POINT (7.136814794000031 50.701346219000072)","Unfall 39424 (2023) Kat:3, Licht: 0","39424","3","6","2","06","11","6","","0","0","1","0","1"
"POINT (7.137057614000071 50.701419055000031)","Unfall 39425 (2023) Kat:3, Licht: 0","39425","3","6","2","06","12","6","","0","0","1","0","0"
"POINT (7.138150202000077 50.760777537000081)","Unfall 39639 (2023) Kat:3, Licht: 0","39639","3","7","2","06","17","4","","0","0","1","0","0"
"POINT (7.090147008000031 50.734617355000069)","Unfall 39652 (2023) Kat:2, Licht: 0","39652","2","3","5","06","16","4","","0","1","0","0","0"
"POINT (7.068219188000057 50.726715513000045)","Unfall 39653 (2023) Kat:3, Licht: 0","39653","3","6","2","06","20","4","","0","0","1","0","0"
"POINT (7.147591816000045 50.691783652000026)","Unfall 39775 (2023) Kat:3, Licht: 0","39775","3","6","1","06","16","3","","0","0","1","0","0"
"POINT (7.169895585000063 50.710336137000070)","Unfall 39776 (2023) Kat:3, Licht: 0","39776","3","6","2","06","12","3","","0","1","1","0","0"
"POINT (7.056695429000058 50.686883082000065)","Unfall 40042 (2023) Kat:3, Licht: 0","40042","3","1","8","06","17","1","","0","0","1","0","0"
"POINT (7.147569616000055 50.727287938000075)","Unfall 40052 (2023) Kat:3, Licht: 0","40052","3","6","2","06","15","1","","0","1","0","0","0"
"POINT (7.110902186000033 50.763667267000073)","Unfall 40086 (2023) Kat:3, Licht: 0","40086","3","1","0","06","09","3","","0","1","0","0","0"
"POINT (7.066738157000032 50.717346718000044)","Unfall 40173 (2023) Kat:3, Licht: 0","40173","3","1","0","06","13","7","","0","0","0","0","1"
"POINT (7.071313566000072 50.693637486000057)","Unfall 40174 (2023) Kat:2, Licht: 0","40174","2","3","5","06","17","7","","0","0","1","0","1"
"POINT (7.129600760000073 50.750627839000060)","Unfall 40175 (2023) Kat:3, Licht: 0","40175","3","2","5","06","08","7","","0","0","1","0","0"
"POINT (7.145279936000065 50.742556293000064)","Unfall 40176 (2023) Kat:3, Licht: 0","40176","3","7","5","06","09","7","","0","0","1","0","0"
"POINT (7.050507478000043 50.752918091000026)","Unfall 40326 (2023) Kat:3, Licht: 0","40326","3","6","2","06","16","6","","0","0","1","0","0"
"POINT (7.130602530000033 50.764938710000081)","Unfall 40329 (2023) Kat:3, Licht: 0","40329","3","6","3","06","19","6","","0","0","1","0","0"
"POINT (7.140936826000029 50.697143861000029)","Unfall 40345 (2023) Kat:3, Licht: 0","40345","3","2","2","06","18","6","","0","0","1","0","0"