WKT,Name,OBJECTID,UKATEGORIE,UTYP1,UART,UMONAT,USTUNDE,UWOCHENTAG,STRZUSTAND,ULICHTVERH,ISTRAD,ISTPKW,ISTFUSS,ISTKRAD
"POINT (7.077257208000049 50.729632108000033)","Unfall 40347 (2023) Kat:3, Licht: 0","40347","3","1","0","06","18","6","","0","1","0","0","0"
"POINT (7.170405423000034 50.676336280000044)","Unfall 40488 (2023) Kat:3, Licht: 0","40488","3","7","5","06","13","5","","0","0","1","0","0"
"POINT (7.127586552000025 50.764218166000035)","Unfall 40490 (2023) Kat:3, Licht: 0","40490","3","2","5","06","08","5","","0","1","1","0","0"
"POINT (7.078469375000054 50.729961483000068)","Unfall 40661 (2023) Kat:3, Licht: 0","40661","3","2","5","05","17","4","","0","0","1","0","0"
"POINT (7.076026794000029 50.740282528000080)","Unfall 40663 (2023) Kat:3, Licht: 0","40663","3","7","0","05","17","4","","0","0","1","0","1"
"POINT (7.090035878000037 50.743724103000034)","Unfall 40664 (2023) Kat:3, Licht: 0","40664","3","2","5","05","06","4","","0","1","1","0","0"
"POINT (7.092096552000044 50.717946282000071)","Unfall 40834 (2023) Kat:3, Licht: 0","40834","3","2","2","05","16","3","","0","0","1","0","0"
"POINT (7.068463185000041 50.740303488000052)","Unfall 41020 (2023) Kat:3, Licht: 0","41020","3","6","6","06","17","6","","0","1","0","1","0"
"POINT (7.076932515000067 50.729307780000056)","Unfall 41138 (2023) Kat:3, Licht: 0","41138","3","3","5","06","13","5","","0","0","1","0","0"
"POINT (7.115595224000060 50.759342490000051)","Unfall 41139 (2023) Kat:3, Licht: 0","41139","3","6","3","06","18","5","","0","0","0","0","1"
"POINT (7.091812388000051 50.745170408000035)","Unfall 41140 (2023) Kat:2, Licht: 0","41140","2","5","1","06","10","5","","0","1","1","0","0"
"POINT (7.092728453000063 50.726681052000060)","Unfall 41141 (2023) Kat:3, Licht: 1","41141","3","3","5","06","17","5","","1","1","0","0","0"
"POINT (7.072021308000046 50.747144435000052)","Unfall 41242 (2023) Kat:3, Licht: 0","41242","3","1","0","06","05","4","","0","0","1","1","0"
"POINT (7.116957457000069 50.719429744000081)","Unfall 41255 (2023) Kat:3, Licht: 0","41255","3","3","5","06","08","4","","0","1","1","0","0"
"POINT (7.137703815000066 50.711397154000053)","Unfall 41389 (2023) Kat:3, Licht: 0","41389","3","6","1","06","08","3","","0","0","1","0","0"
"POINT (7.088995493000027 50.752675967000073)","Unfall 41517 (2023) Kat:3, Licht: 0","41517","3","2","2","06","08","2","","0","0","1","0","0"
"POINT (7.064890538000043 50.719426786000042)","Unfall 41537 (2023) Kat:3, Licht: 0","41537","3","3","5","06","13","2","","0","0","1","0","0"
"POINT (7.071123882000052 50.696309767000059)","Unfall 41641 (2023) Kat:3, Licht: 0","41641","3","6","4","06","11","1","","0","1","0","0","0"
"POINT (7.106800234000048 50.737818636000043)","Unfall 41643 (2023) Kat:3, Licht: 2","41643","3","1","0","06","23","1","","2","1","0","0","0"
"POINT (7.155494681000050 50.751661987000034)","Unfall 41742 (2023) Kat:3, Licht: 0","41742","3","3","5","06","18","7","","0","1","1","0","0"
"POINT (7.043863806000047 50.740735497000060)","Unfall 41744 (2023) Kat:2, Licht: 0","41744","2","3","5","06","10","7","","0","1","1","0","0"
"POINT (7.064802575000044 50.719706558000041)","Unfall 41904 (2023) Kat:3, Licht: 0","41904","3","2","5","06","07","6","","0","1","1","0","0"
"POINT (7.047558488000050 50.716078105000065)","Unfall 41905 (2023) Kat:3, Licht: 0","41905","3","7","1","06","10","6","","0","0","1","0","0"
"POINT (7.167293548000032 50.745221167000068)","Unfall 41906 (2023) Kat:3, Licht: 0","41906","3","4","6","06","16","6","","0","0","1","1","0"
"POINT (7.080487063000021 50.731126582000059)","Unfall 42077 (2023) Kat:3, Licht: 0","42077","3","1","0","06","11","5","","0","1","0","0","0"
"POINT (7.089754618000029 50.743671730000074)","Unfall 42078 (2023) Kat:3, Licht: 0","42078","3","3","0","06","08","5","","0","1","1","0","0"
"POINT (7.102468039000030 50.757986530000039)","Unfall 42089 (2023) Kat:2, Licht: 0","42089","2","6","3","07","18","4","","0","0","1","0","0"
"POINT (7.105642406000072 50.737551968000048)","Unfall 42099 (2023) Kat:3, Licht: 0","42099","3","2","5","07","18","4","","0","1","1","0","0"
"POINT (7.126414500000067 50.764522930000055)","Unfall 42278 (2023) Kat:3, Licht: 0","42278","3","6","2","07","16","2","","0","0","1","0","0"
"POINT (7.174779581000053 50.665776344000051)","Unfall 42368 (2023) Kat:2, Licht: 0","42368","2","1","0","07","14","1","","0","0","0","0","1"
"POINT (7.070513416000040 50.677662819000034)","Unfall 42369 (2023) Kat:3, Licht: 0","42369","3","7","0","07","10","1","","0","1","0","0","0"
"POINT (7.117491322000035 50.755571927000062)","Unfall 42370 (2023) Kat:3, Licht: 0","42370","3","6","2","07","15","1","","0","0","1","0","0"
"POINT (7.119758639000054 50.762696979000054)","Unfall 42434 (2023) Kat:3, Licht: 0","42434","3","6","1","07","14","7","","0","0","1","0","0"
"POINT (7.180133675000036 50.667703829000061)","Unfall 42438 (2023) Kat:3, Licht: 0","42438","3","1","0","07","19","7","","0","1","0","0","0"
"POINT (7.132260199000029 50.664275933000056)","Unfall 42764 (2023) Kat:3, Licht: 0","42764","3","3","2","07","11","4","","0","0","1","0","0"
"POINT (7.182722833000071 50.740764750000039)","Unfall 43006 (2023) Kat:3, Licht: 0","43006","3","1","0","07","15","1","","0","1","0","0","0"
"POINT (7.158159501000057 50.685310775000062)","Unfall 43100 (2023) Kat:3, Licht: 0","43100","3","4","6","07","21","7","","0","0","1","1","0"
"POINT (7.076736670000059 50.686027292000063)","Unfall 43209 (2023) Kat:3, Licht: 0","43209","3","6","2","06","08","6","","0","0","1","0","1"
"POINT (7.115708690000076 50.738923144000069)","Unfall 43210 (2023) Kat:3, Licht: 0","43210","3","6","4","06","20","6","","0","1","0","0","0"
"POINT (7.079447883000057 50.730463799000063)","Unfall 43213 (2023) Kat:2, Licht: 0","43213","2","1","0","06","17","6","","0","1","0","0","0"
"POINT (7.111958714000025 50.760719926000036)","Unfall 43279 (2023) Kat:3, Licht: 0","43279","3","6","2","07","15","4","","0","0","1","0","0"
"POINT (7.123623558000077 50.745419454000057)","Unfall 43295 (2023) Kat:3, Licht: 0","43295","3","2","5","06","19","5","","0","1","1","0","0"
"POINT (7.128319648000058 50.739369862000046)","Unfall 43296 (2023) Kat:3, Licht: 0","43296","3","3","5","06","17","5","","0","0","1","0","0"
"POINT (7.046531509000033 50.739776645000063)","Unfall 43386 (2023) Kat:2, Licht: 0","43386","2","4","6","06","14","4","","0","0","1","1","0"
"POINT (7.081699650000076 50.731983406000040)","Unfall 43387 (2023) Kat:3, Licht: 0","43387","3","2","5","06","16","4","","0","1","1","0","0"
"POINT (7.071452395000051 50.747137903000066)","Unfall 43577 (2023) Kat:3, Licht: 0","43577","3","6","1","06","08","2","","0","0","1","0","0"
"POINT (7.033082325000066 50.730000493000034)","Unfall 43589 (2023) Kat:3, Licht: 0","43589","3","1","4","06","15","2","","0","0","1","0","0"
"POINT (7.087012717000050 50.733428517000050)","Unfall 43590 (2023) Kat:3, Licht: 0","43590","3","6","3","06","16","2","","0","1","1","0","0"
"POINT (7.069461407000063 50.740478772000074)","Unfall 43790 (2023) Kat:3, Licht: 0","43790","3","7","7","08","14","5","","0","1","0","0","0"
"POINT (7.061622768000063 50.710853326000063)","Unfall 43859 (2023) Kat:3, Licht: 0","43859","3","1","8","08","20","4","","0","0","0","0","0"
"POINT (7.175610086000063 50.663761771000054)","Unfall 43866 (2023) Kat:3, Licht: 0","43866","3","3","5","08","06","4","","0","1","1","0","0"
"POINT (7.129707820000021 50.750671001000057)","Unfall 43867 (2023) Kat:3, Licht: 0","43867","3","2","5","08","07","4","","0","1","1","0","0"
"POINT (7.101123391000044 50.741117793000058)","Unfall 43869 (2023) Kat:3, Licht: 0","43869","3","1","8","08","06","4","","0","0","1","0","0"
"POINT (7.073336594000068 50.718423120000068)","Unfall 43872 (2023) Kat:3, Licht: 0","43872","3","6","2","08","16","5","","0","0","1","0","0"
"POINT (7.117447068000047 50.755671400000040)","Unfall 43959 (2023) Kat:3, Licht: 0","43959","3","3","5","08","17","3","","0","1","1","0","0"
"POINT (7.199048915000049 50.736097700000073)","Unfall 43960 (2023) Kat:3, Licht: 0","43960","3","1","0","08","14","3","","0","0","0","0","1"
"POINT (7.173044855000057 50.660358938000059)","Unfall 44021 (2023) Kat:3, Licht: 0","44021","3","7","8","07","17","2","","0","0","1","0","0"
"POINT (7.102080317000059 50.739670307000040)","Unfall 44023 (2023) Kat:3, Licht: 0","44023","3","6","2","07","19","2","","0","0","1","0","0"
"POINT (7.139533384000060 50.766468732000078)","Unfall 44092 (2023) Kat:3, Licht: 0","44092","3","6","3","07","17","1","","0","0","1","0","0"
"POINT (7.105861761000028 50.734253207000052)","Unfall 44168 (2023) Kat:3, Licht: 0","44168","3","6","1","07","13","7","","0","0","1","0","0"
"POINT (7.062715563000040 50.721861274000048)","Unfall 44246 (2023) Kat:3, Licht: 0","44246","3","6","3","07","14","6","","0","1","0","0","1"
"POINT (7.085536465000075 50.745592025000064)","Unfall 44247 (2023) Kat:3, Licht: 0","44247","3","7","0","07","17","6","","0","1","0","0","0"
"POINT (7.079353227000070 50.728642619000027)","Unfall 44348 (2023) Kat:3, Licht: 0","44348","3","6","2","07","15","5","","0","0","1","0","0"
"POINT (7.121177709000051 50.741747490000080)","Unfall 44353 (2023) Kat:3, Licht: 0","44353","3","6","2","07","16","5","","0","0","1","0","0"
"POINT (7.099888577000058 50.739510405000033)","Unfall 44354 (2023) Kat:3, Licht: 0","44354","3","3","5","07","16","5","","0","0","1","0","0"
"POINT (7.106633644000055 50.759709246000057)","Unfall 44458 (2023) Kat:3, Licht: 0","44458","3","6","3","07","16","4","","0","0","1","0","0"
"POINT (7.091253616000074 50.743248929000060)","Unfall 44466 (2023) Kat:2, Licht: 0","44466","2","1","3","07","13","4","","0","1","1","0","0"
"POINT (7.106967698000062 50.732328550000034)","Unfall 44468 (2023) Kat:3, Licht: 0","44468","3","3","5","07","12","4","","0","0","1","0","0"
"POINT (7.102990921000071 50.758266410000033)","Unfall 44607 (2023) Kat:3, Licht: 0","44607","3","6","2","08","18","4","","0","0","1","0","0"
"POINT (7.085926720000032 50.745352810000043)","Unfall 44786 (2023) Kat:3, Licht: 0","44786","3","6","2","07","14","1","","0","0","1","0","0"
"POINT (7.115561368000044 50.720761143000061)","Unfall 44839 (2023) Kat:3, Licht: 0","44839","3","7","3","07","18","7","","0","0","1","0","0"
"POINT (7.190792104000025 50.739693511000041)","Unfall 44842 (2023) Kat:2, Licht: 0","44842","2","4","6","07","13","7","","0","0","1","1","0"
"POINT (7.143624529000022 50.752121523000028)","Unfall 44843 (2023) Kat:3, Licht: 2","44843","3","6","2","07","23","7","","2","0","1","0","0"
"POINT (7.156323554000039 50.751941005000049)","Unfall 44928 (2023) Kat:3, Licht: 0","44928","3","6","4","07","08","6","","0","1","0","0","0"
"POINT (7.112811554000075 50.762194672000078)","Unfall 45015 (2023) Kat:3, Licht: 0","45015","3","3","5","07","14","5","","0","0","1","0","1"
"POINT (7.143497086000025 50.676684439000041)","Unfall 45118 (2023) Kat:3, Licht: 0","45118","3","1","9","08","07","5","","0","0","1","0","0"
"POINT (7.119728753000061 50.751455488000033)","Unfall 45135 (2023) Kat:3, Licht: 2","45135","3","2","5","07","21","4","","2","0","1","0","0"
"POINT (7.190776105000054 50.711070652000046)","Unfall 45137 (2023) Kat:3, Licht: 0","45137","3","1","9","07","09","4","","0","0","1","0","0"
"POINT (7.073505156000067 50.728177781000056)","Unfall 45204 (2023) Kat:3, Licht: 0","45204","3","2","5","07","13","3","","0","1","1","0","0"
"POINT (7.067914039000073 50.716576164000060)","Unfall 45230 (2023) Kat:2, Licht: 0","45230","2","7","3","07","12","3","","0","0","1","0","0"
"POINT (7.097971180000059 50.737505139000064)","Unfall 45241 (2023) Kat:3, Licht: 0","45241","3","1","0","07","19","3","","0","1","0","0","0"
"POINT (7.091345061000027 50.725461619000043)","Unfall 45327 (2023) Kat:3, Licht: 0","45327","3","2","5","08","07","3","","0","1","1","0","0"
"POINT (7.122437622000064 50.743720922000080)","Unfall 45357 (2023) Kat:3, Licht: 0","45357","3","7","0","07","17","2","","0","1","0","0","0"
"POINT (7.112614612000073 50.724083096000072)","Unfall 45358 (2023) Kat:3, Licht: 0","45358","3","7","0","07","09","2","","0","0","0","0","1"
"POINT (7.093431420000059 50.735895423000045)","Unfall 45470 (2023) Kat:3, Licht: 0","45470","3","6","2","07","14","1","","0","0","1","0","0"
"POINT (7.117402440000035 50.719071086000042)","Unfall 45479 (2023) Kat:2, Licht: 0","45479","2","1","9","08","06","3","","0","0","1","0","0"
"POINT (7.150261792000038 50.752101893000031)","Unfall 45558 (2023) Kat:3, Licht: 0","45558","3","6","2","07","13","7","","0","0","1","0","0"
"POINT (7.166407426000035 50.721122997000066)","Unfall 45663 (2023) Kat:3, Licht: 0","45663","3","1","8","07","16","6","","0","0","1","0","0"
"POINT (7.069440794000059 50.698975372000064)","Unfall 45676 (2023) Kat:3, Licht: 0","45676","3","7","5","07","20","6","","0","0","1","0","1"
"POINT (7.136372294000068 50.730726554000057)","Unfall 45679 (2023) Kat:3, Licht: 0","45679","3","2","5","07","15","6","","0","1","1","0","0"
"POINT (7.115831486000047 50.761686572000031)","Unfall 45936 (2023) Kat:3, Licht: 0","45936","3","6","0","08","18","2","","0","0","1","0","0"
"POINT (7.114725678000070 50.738857922000079)","Unfall 45944 (2023) Kat:3, Licht: 0","45944","3","1","0","08","13","2","","0","1","0","0","0"
"POINT (7.048121854000044 50.739807075000044)","Unfall 46040 (2023) Kat:3, Licht: 0","46040","3","3","5","08","13","1","","0","1","1","0","0"
"POINT (7.082544598000027 50.747463647000075)","Unfall 46135 (2023) Kat:3, Licht: 0","46135","3","1","0","08","17","7","","0","0","0","0","0"
"POINT (7.111514541000076 50.725693414000034)","Unfall 46136 (2023) Kat:3, Licht: 0","46136","3","1","0","08","19","7","","0","0","0","0","0"
"POINT (7.161862639000049 50.681312854000055)","Unfall 46244 (2023) Kat:3, Licht: 0","46244","3","3","5","08","14","6","","0","1","1","0","0"
"POINT (7.150826619000043 50.688624957000059)","Unfall 46245 (2023) Kat:2, Licht: 0","46245","2","7","6","08","14","6","","0","1","0","1","0"
"POINT (7.100124875000063 50.739297782000051)","Unfall 46247 (2023) Kat:2, Licht: 0","46247","2","6","3","08","12","6","","0","1","1","0","0"
"POINT (7.114705390000040 50.738855115000035)","Unfall 46372 (2023) Kat:2, Licht: 0","46372","2","6","4","08","08","2","","0","1","0","0","0"
"POINT (7.141408434000027 50.697029740000062)","Unfall 46405 (2023) Kat:3, Licht: 0","46405","3","6","2","08","08","5","","0","0","1","0","0"
"POINT (7.094267297000044 50.736153060000049)","Unfall 46408 (2023) Kat:3, Licht: 0","46408","3","2","3","08","16","5","","0","0","1","0","1"
"POINT (7.139848172000029 50.698586036000052)","Unfall 46533 (2023) Kat:2, Licht: 2","46533","2","3","5","08","05","4","","2","0","0","0","0"
"POINT (7.123872947000052 50.714079218000052)","Unfall 46534 (2023) Kat:3, Licht: 0","46534","3","3","5","08","20","4","","0","1","1","0","0"
"POINT (7.075865084000043 50.730418859000054)","Unfall 46652 (2023) Kat:3, Licht: 0","46652","3","6","2","08","07","3","","0","0","1","0","0"
"POINT (7.071539619000021 50.717898502000025)","Unfall 46653 (2023) Kat:3, Licht: 0","46653","3","6","3","08","07","3","","0","0","1","0","0"
"POINT (7.167857815000048 50.745019761000037)","Unfall 46661 (2023) Kat:3, Licht: 0","46661","3","3","5","08","14","3","","0","0","1","0","0"
"POINT (7.118463104000057 50.739862296000069)","Unfall 46775 (2023) Kat:3, Licht: 0","46775","3","7","0","08","06","2","","0","0","0","0","0"
"POINT (7.117658913000071 50.739218462000053)","Unfall 47068 (2023) Kat:3, Licht: 0","47068","3","2","6","08","16","6","","0","0","1","1","0"
"POINT (7.095812846000058 50.741957484000068)","Unfall 47264 (2023) Kat:3, Licht: 0","47264","3","2","6","08","13","7","","0","0","1","1","0"
"POINT (7.154084170000033 50.722449001000030)","Unfall 47378 (2023) Kat:3, Licht: 0","47378","3","3","5","08","15","6","","0","0","1","0","0"
"POINT (7.167664460000026 50.677801927000075)","Unfall 47648 (2023) Kat:3, Licht: 0","47648","3","6","2","08","15","4","","0","0","1","0","0"
"POINT (7.101131807000058 50.738066067000034)","Unfall 47651 (2023) Kat:3, Licht: 0","47651","3","7","0","08","11","4","","0","1","0","0","0"
"POINT (7.175145558000054 50.712821554000072)","Unfall 47655 (2023) Kat:3, Licht: 0","47655","3","1","2","08","17","4","","0","0","1","0","0"
"POINT (7.134314696000047 50.742407279000076)","Unfall 47768 (2023) Kat:1, Licht: 0","47768","1","2","5","08","09","3","","0","1","0","0","0"
"POINT (7.075562970000021 50.740651407000030)","Unfall 47769 (2023) Kat:3, Licht: 0","47769","3","6","2","08","13","3","","0","0","1","0","1"
"POINT (7.092852756000070 50.742768002000048)","Unfall 47770 (2023) Kat:2, Licht: 0","47770","2","1","0","08","11","3","","0","1","0","0","0"
"POINT (7.061671151000041 50.721358101000078)","Unfall 47843 (2023) Kat:2, Licht: 0","47843","2","1","0","08","08","5","","0","1","0","0","0"
"POINT (7.176821093000058 50.672990385000048)","Unfall 47887 (2023) Kat:3, Licht: 0","47887","3","6","2","08","17","2","","0","0","1","0","0"
"POINT (7.140241352000032 50.742448660000036)","Unfall 47888 (2023) Kat:3, Licht: 0","47888","3","6","2","08","16","2","","0","1","0","0","0"
"POINT (7.140996895000058 50.742463307000037)","Unfall 47889 (2023) Kat:3, Licht: 0","47889","3","5","4","08","10","2","","0","0","1","0","1"
"POINT (7.111636216000022 50.763159568000049)","Unfall 47992 (2023) Kat:3, Licht: 0","47992","3","3","5","08","11","1","","0","1","1","0","0"
"POINT (7.091219336000051 50.717552890000036)","Unfall 48088 (2023) Kat:3, Licht: 0","48088","3","1","8","08","07","7","","0","0","1","0","0"
"POINT (7.145015991000037 50.693637657000068)","Unfall 48226 (2023) Kat:3, Licht: 0","48226","3","1","7","08","08","6","","0","1","0","0","0"
"POINT (7.119734726000047 50.751430534000065)","Unfall 48339 (2023) Kat:2, Licht: 0","48339","2","3","5","08","09","7","","0","0","1","0","0"
"POINT (7.046263532000069 50.715539050000075)","Unfall 48361 (2023) Kat:3, Licht: 0","48361","3","3","5","08","16","5","","0","1","1","0","0"
"POINT (7.074625285000025 50.731675502000030)","Unfall 48468 (2023) Kat:3, Licht: 0","48468","3","6","2","08","15","4","","0","0","1","0","0"
"POINT (7.117227455000034 50.739275965000047)","Unfall 48481 (2023) Kat:3, Licht: 0","48481","3","4","6","08","10","4","","0","0","1","1","0"
"POINT (7.070747363000066 50.727362386000038)","Unfall 48626 (2023) Kat:3, Licht: 0","48626","3","7","9","08","09","3","","0","0","1","0","0"
"POINT (7.075313385000072 50.728648503000045)","Unfall 48627 (2023) Kat:3, Licht: 0","48627","3","6","4","08","20","3","","0","1","0","0","0"
"POINT (7.085977278000030 50.735341549000054)","Unfall 48629 (2023) Kat:3, Licht: 2","48629","3","1","0","08","22","3","","2","1","0","0","0"
"POINT (7.085932781000054 50.745349395000062)","Unfall 48630 (2023) Kat:3, Licht: 0","48630","3","3","5","08","07","3","","0","1","0","0","0"
"POINT (7.157173366000052 50.752734121000060)","Unfall 48800 (2023) Kat:3, Licht: 2","48800","3","4","6","09","21","3","","2","0","1","1","0"
"POINT (7.078378466000061 50.729915446000064)","Unfall 48801 (2023) Kat:3, Licht: 1","48801","3","4","6","09","06","3","","1","1","0","1","0"
"POINT (7.084324320000064 50.735959476000062)","Unfall 48925 (2023) Kat:3, Licht: 0","48925","3","1","0","09","18","2","","0","1","0","0","0"
"POINT (7.108674395000037 50.729714681000075)","Unfall 48926 (2023) Kat:3, Licht: 0","48926","3","3","5","09","17","2","","0","1","0","0","0"
"POINT (7.150103462000061 50.748013576000062)","Unfall 49024 (2023) Kat:2, Licht: 1","49024","2","1","0","09","19","1","","1","1","0","0","0"
"POINT (7.107818560000055 50.737896720000037)","Unfall 49026 (2023) Kat:3, Licht: 0","49026","3","6","2","09","18","1","","0","0","1","0","0"
"POINT (7.155492094000067 50.751661054000067)","Unfall 49125 (2023) Kat:3, Licht: 2","49125","3","4","6","09","20","7","","2","0","1","1","0"
"POINT (7.141372155000056 50.697065550000048)","Unfall 49257 (2023) Kat:3, Licht: 0","49257","3","2","5","09","09","6","","0","1","1","0","0"
"POINT (7.192485406000060 50.728782839000075)","Unfall 49259 (2023) Kat:3, Licht: 2","49259","3","1","0","09","20","6","","2","1","0","0","0"
"POINT (7.171367165000049 50.675822629000038)","Unfall 49398 (2023) Kat:3, Licht: 0","49398","3","1","0","09","15","5","","0","1","0","0","0"
"POINT (7.079411403000051 50.730443844000035)","Unfall 49403 (2023) Kat:3, Licht: 0","49403","3","2","5","09","07","2","","0","1","1","0","0"
"POINT (7.065936600000043 50.757246807000058)","Unfall 49561 (2023) Kat:3, Licht: 0","49561","3","1","0","09","18","4","","0","0","0","0","1"
"POINT (7.071406442000068 50.747065334000069)","Unfall 49711 (2023) Kat:3, Licht: 0","49711","3","6","2","09","15","3","","0","0","1","0","0"
"POINT (7.127186015000063 50.710591277000049)","Unfall 49719 (2023) Kat:2, Licht: 0","49719","2","6","2","09","19","3","","0","0","1","0","1"
"POINT (7.050410785000054 50.716475036000077)","Unfall 49721 (2023) Kat:3, Licht: 0","49721","3","1","0","09","08","3","","0","1","1","0","0"
"POINT (7.082390972000042 50.736420323000061)","Unfall 49723 (2023) Kat:3, Licht: 0","49723","3","6","2","09","13","3","","0","0","1","0","1"
"POINT (7.046888207000052 50.715821741000070)","Unfall 49856 (2023) Kat:3, Licht: 0","49856","3","7","8","09","08","6","","0","0","1","0","0"
"POINT (7.063821236000024 50.724228335000078)","Unfall 49952 (2023) Kat:3, Licht: 0","49952","3","2","5","09","15","5","","0","1","1","0","0"
"POINT (7.148012356000038 50.691667986000027)","Unfall 50031 (2023) Kat:3, Licht: 0","50031","3","6","2","09","16","1","","0","0","1","0","0"
"POINT (7.085323562000042 50.733443210000075)","Unfall 50034 (2023) Kat:3, Licht: 0","50034","3","6","4","09","18","1","","0","1","0","0","0"
"POINT (7.071311740000056 50.693801550000046)","Unfall 50150 (2023) Kat:3, Licht: 0","50150","3","3","5","09","16","7","","0","1","0","0","0"
"POINT (7.151842688000045 50.687702308000041)","Unfall 50394 (2023) Kat:3, Licht: 0","50394","3","6","2","08","16","5","","0","0","1","0","0"
"POINT (7.095359884000061 50.742080064000049)","Unfall 50548 (2023) Kat:3, Licht: 0","50548","3","6","2","08","16","4","","0","0","1","0","0"
"POINT (7.114760288000070 50.760304450000035)","Unfall 50623 (2023) Kat:3, Licht: 0","50623","3","3","5","09","15","2","","0","1","1","0","0"
"POINT (7.087043416000029 50.719937197000036)","Unfall 50702 (2023) Kat:3, Licht: 0","50702","3","2","5","08","16","3","","0","1","1","0","0"
"POINT (7.105875428000047 50.737683038000057)","Unfall 50846 (2023) Kat:3, Licht: 0","50846","3","1","0","08","07","2","","0","1","0","0","0"
"POINT (7.082189897000035 50.747680924000065)","Unfall 50847 (2023) Kat:2, Licht: 0","50847","2","4","6","08","14","2","","0","0","1","1","0"
"POINT (7.065945873000032 50.757241451000027)","Unfall 50848 (2023) Kat:3, Licht: 2","50848","3","5","0","08","05","2","","2","0","1","0","0"
"POINT (7.113689347000047 50.761388607000072)","Unfall 50938 (2023) Kat:3, Licht: 0","50938","3","3","5","09","11","6","","0","1","1","0","0"
"POINT (7.085275314000057 50.751966013000072)","Unfall 51044 (2023) Kat:3, Licht: 0","51044","3","6","0","09","07","5","","0","0","1","0","0"
"POINT (7.131031485000051 50.740948196000033)","Unfall 51049 (2023) Kat:3, Licht: 0","51049","3","7","0","09","11","5","","0","0","0","0","0"
"POINT (7.082675095000070 50.747382936000065)","Unfall 51158 (2023) Kat:3, Licht: 0","51158","3","3","5","09","18","4","","0","1","1","0","0"
"POINT (7.153070362000051 50.686099379000041)","Unfall 51380 (2023) Kat:3, Licht: 0","51380","3","6","2","09","10","2","","0","0","1","0","0"
"POINT (7.139681293000024 50.674408066000069)","Unfall 51381 (2023) Kat:3, Licht: 2","51381","3","3","5","09","20","2","","2","1","1","0","0"
"POINT (7.133688597000059 50.704303970000069)","Unfall 51382 (2023) Kat:3, Licht: 0","51382","3","6","2","09","14","2","","0","0","1","0","0"
"POINT (7.115241971000046 50.759754286000032)","Unfall 51385 (2023) Kat:3, Licht: 2","51385","3","1","8","09","20","2","","2","0","1","0","0"
"POINT (7.093398789000048 50.742604289000042)","Unfall 51386 (2023) Kat:3, Licht: 0","51386","3","1","0","09","16","2","","0","1","0","0","0"
"POINT (7.076940461000049 50.729329989000064)","Unfall 51387 (2023) Kat:3, Licht: 2","51387","3","3","5","09","20","2","","2","0","1","0","0"
"POINT (7.105811186000039 50.734095068000045)","Unfall 51388 (2023) Kat:3, Licht: 0","51388","3","3","5","09","13","2","","0","1","0","0","1"
"POINT (7.070420093000052 50.677556621000065)","Unfall 51489 (2023) Kat:2, Licht: 0","51489","2","2","0","09","09","1","","0","0","1","0","1"
"POINT (7.076770892000070 50.750888772000053)","Unfall 51490 (2023) Kat:2, Licht: 0","51490","2","2","5","09","17","1","","0","0","1","0","0"
"POINT (7.090019047000055 50.724225360000048)","Unfall 51491 (2023) Kat:3, Licht: 0","51491","3","6","2","09","16","1","","0","1","1","0","0"
"POINT (7.148263675000067 50.691504251000026)","Unfall 51597 (2023) Kat:3, Licht: 0","51597","3","2","5","09","12","7","","0","0","1","0","0"
"POINT (7.165286500000036 50.713507563000064)","Unfall 51749 (2023) Kat:3, Licht: 2","51749","3","3","0","09","21","6","","2","0","1","0","1"
"POINT (7.077263833000075 50.742649678000078)","Unfall 51750 (2023) Kat:3, Licht: 0","51750","3","2","5","09","10","6","","0","1","1","0","0"
"POINT (7.059822241000063 50.720467208000059)","Unfall 51886 (2023) Kat:3, Licht: 0","51886","3","6","2","09","15","5","","0","1","1","0","0"
"POINT (7.080727758000023 50.748522296000033)","Unfall 51887 (2023) Kat:3, Licht: 0","51887","3","6","0","09","07","5","","0","1","0","0","1"
"POINT (7.099014206000049 50.747244956000031)","Unfall 51888 (2023) Kat:3, Licht: 0","51888","3","2","5","09","19","5","","0","1","1","0","0"
"POINT (7.046904834000031 50.739866568000082)","Unfall 52023 (2023) Kat:3, Licht: 2","52023","3","3","0","09","03","4","","2","1","1","0","0"
"POINT (7.127738218000047 50.764312168000060)","Unfall 52207 (2023) Kat:3, Licht: 0","52207","3","3","5","10","08","7","","0","1","1","0","0"
"POINT (7.119925206000062 50.746655272000055)","Unfall 52208 (2023) Kat:3, Licht: 0","52208","3","7","0","10","10","7","","0","1","0","0","0"
"POINT (7.108482778000052 50.730008349000059)","Unfall 52210 (2023) Kat:3, Licht: 0","52210","3","7","0","10","20","7","","0","0","0","0","0"
"POINT (7.079847824000069 50.749051511000062)","Unfall 52211 (2023) Kat:3, Licht: 0","52211","3","3","5","10","15","7","","0","1","1","0","0"
"POINT (7.061949659000049 50.706354065000028)","Unfall 52298 (2023) Kat:3, Licht: 0","52298","3","1","2","10","14","6","","0","0","1","0","1"
"POINT (7.143146578000028 50.745676241000069)","Unfall 52593 (2023) Kat:3, Licht: 0","52593","3","7","0","10","18","2","","0","1","0","0","0"
"POINT (7.103864801000043 50.737274846000048)","Unfall 52679 (2023) Kat:3, Licht: 0","52679","3","2","5","10","11","1","","0","1","1","0","0"