WKT,Name,OBJECTID,UKATEGORIE,UTYP1,UART,UMONAT,USTUNDE,UWOCHENTAG,STRZUSTAND,ULICHTVERH,ISTRAD,ISTPKW,ISTFUSS,ISTKRAD
"POINT (7.101354284000024 50.737520584000038)","Unfall 52723 (2023) Kat:2, Licht: 1","52723","2","7","6","10","07","7","","1","0","1","1","0"
"POINT (7.152212712000050 50.687368880000065)","Unfall 52769 (2023) Kat:3, Licht: 0","52769","3","2","5","09","12","7","","0","1","1","0","0"
"POINT (7.097892530000024 50.737492329000077)","Unfall 52868 (2023) Kat:3, Licht: 1","52868","3","1","0","09","18","6","","1","1","0","0","0"
"POINT (7.115390622000064 50.759585977000029)","Unfall 52993 (2023) Kat:2, Licht: 1","52993","2","1","0","09","19","5","","1","1","0","0","0"
"POINT (7.172623599000076 50.710212028000058)","Unfall 52994 (2023) Kat:3, Licht: 2","52994","3","1","0","09","21","5","","2","0","0","0","1"
"POINT (7.073487151000052 50.728171594000059)","Unfall 52995 (2023) Kat:3, Licht: 0","52995","3","2","5","09","07","5","","0","1","1","0","0"
"POINT (7.124661984000056 50.713547441000060)","Unfall 53264 (2023) Kat:3, Licht: 0","53264","3","2","5","09","18","3","","0","1","1","0","0"
"POINT (7.167871097000045 50.745015021000029)","Unfall 53266 (2023) Kat:3, Licht: 0","53266","3","3","5","09","10","3","","0","0","1","0","1"
"POINT (7.105644075000043 50.737552215000051)","Unfall 53269 (2023) Kat:3, Licht: 0","53269","3","2","5","09","08","3","","0","1","1","0","0"
"POINT (7.102366358000040 50.737569143000030)","Unfall 53416 (2023) Kat:2, Licht: 2","53416","2","4","6","09","06","2","","2","0","0","1","0"
"POINT (7.085745874000054 50.745459687000050)","Unfall 53537 (2023) Kat:3, Licht: 0","53537","3","6","0","09","13","1","","0","1","0","0","0"
"POINT (7.076207045000046 50.740151089000051)","Unfall 53672 (2023) Kat:3, Licht: 0","53672","3","7","6","09","11","7","","0","0","1","1","0"
"POINT (7.083332227000028 50.736182954000071)","Unfall 53781 (2023) Kat:3, Licht: 0","53781","3","1","0","10","11","6","","0","0","0","0","0"
"POINT (7.059385626000051 50.749978625000040)","Unfall 53889 (2023) Kat:2, Licht: 0","53889","2","6","2","10","14","5","","0","0","1","0","0"
"POINT (7.037887199000068 50.741974369000047)","Unfall 53989 (2023) Kat:3, Licht: 2","53989","3","7","8","10","00","4","","2","0","1","0","0"
"POINT (7.117479163000041 50.719313414000055)","Unfall 54085 (2023) Kat:3, Licht: 0","54085","3","1","0","10","18","3","","0","0","0","0","1"
"POINT (7.094940903000065 50.730387319000044)","Unfall 54088 (2023) Kat:3, Licht: 2","54088","3","7","0","10","19","3","","2","0","1","0","1"
"POINT (7.106792738000024 50.737690449000070)","Unfall 54089 (2023) Kat:3, Licht: 1","54089","3","6","0","10","07","3","","1","1","0","0","0"
"POINT (7.075679374000060 50.683432978000042)","Unfall 54379 (2023) Kat:2, Licht: 0","54379","2","4","6","10","12","7","","0","0","1","1","0"
"POINT (7.121547606000036 50.742382056000054)","Unfall 54380 (2023) Kat:3, Licht: 0","54380","3","6","2","10","16","7","","0","1","1","0","0"
"POINT (7.084479508000072 50.733024923000073)","Unfall 54503 (2023) Kat:3, Licht: 0","54503","3","1","0","10","11","6","","0","0","0","0","1"
"POINT (7.116356635000045 50.739142374000039)","Unfall 54650 (2023) Kat:3, Licht: 0","54650","3","6","2","10","16","5","","0","0","1","0","1"
"POINT (7.115885751000064 50.738944556000035)","Unfall 54651 (2023) Kat:3, Licht: 0","54651","3","2","2","10","17","5","","0","1","0","0","0"
"POINT (7.093458717000033 50.735884365000061)","Unfall 54654 (2023) Kat:2, Licht: 0","54654","2","7","5","10","14","5","","0","0","1","0","0"
"POINT (7.097971180000059 50.737505139000064)","Unfall 54765 (2023) Kat:3, Licht: 2","54765","3","1","0","10","20","4","","2","1","0","0","0"
"POINT (7.078805453000030 50.703389429000026)","Unfall 54766 (2023) Kat:3, Licht: 1","54766","3","3","5","10","07","4","","1","1","1","0","0"
"POINT (7.150516370000048 50.688907287000063)","Unfall 54876 (2023) Kat:3, Licht: 0","54876","3","3","5","10","14","3","","0","1","1","0","0"
"POINT (7.121586916000069 50.742461595000066)","Unfall 54877 (2023) Kat:2, Licht: 0","54877","2","1","0","10","13","3","","0","0","0","0","0"
"POINT (7.086397567000063 50.734102033000056)","Unfall 54878 (2023) Kat:3, Licht: 1","54878","3","6","2","10","07","3","","1","0","1","0","0"
"POINT (7.124082907000059 50.713422175000062)","Unfall 54880 (2023) Kat:3, Licht: 2","54880","3","3","0","10","03","5","","2","1","1","0","0"
"POINT (7.075476955000056 50.730573273000061)","Unfall 55005 (2023) Kat:3, Licht: 1","55005","3","6","2","10","07","2","","1","0","1","0","0"
"POINT (7.086599359000047 50.733821207000062)","Unfall 55110 (2023) Kat:3, Licht: 1","55110","3","2","2","10","18","1","","1","0","1","0","0"
"POINT (7.124814540000045 50.713006482000026)","Unfall 55185 (2023) Kat:3, Licht: 2","55185","3","1","0","10","00","7","","2","0","1","0","0"
"POINT (7.152446522000048 50.752242678000073)","Unfall 55188 (2023) Kat:3, Licht: 2","55188","3","1","9","10","00","7","","2","0","1","0","0"
"POINT (7.095939170000065 50.741923298000074)","Unfall 55291 (2023) Kat:3, Licht: 0","55291","3","2","2","10","14","6","","0","1","1","0","0"
"POINT (7.046774349000032 50.739966460000062)","Unfall 55431 (2023) Kat:3, Licht: 0","55431","3","1","0","10","17","5","","0","0","0","0","1"
"POINT (7.091791125000043 50.743086040000037)","Unfall 55432 (2023) Kat:3, Licht: 0","55432","3","6","6","10","13","5","","0","0","0","1","0"
"POINT (7.099822728000049 50.745271629000058)","Unfall 55461 (2023) Kat:3, Licht: 1","55461","3","6","3","10","18","3","","1","0","1","0","1"
"POINT (7.091345061000027 50.725461619000043)","Unfall 55561 (2023) Kat:3, Licht: 0","55561","3","2","2","10","16","5","","0","0","1","0","0"
"POINT (7.080017359000067 50.700040854000065)","Unfall 55565 (2023) Kat:3, Licht: 2","55565","3","3","5","10","20","4","","2","0","1","0","1"
"POINT (7.085725296000021 50.723973621000027)","Unfall 55572 (2023) Kat:3, Licht: 2","55572","3","6","2","10","22","4","","2","0","1","0","0"
"POINT (7.085723711000071 50.723974005000059)","Unfall 55573 (2023) Kat:3, Licht: 2","55573","3","7","0","10","22","4","","2","0","1","0","0"
"POINT (7.134263354000041 50.742383066000059)","Unfall 55582 (2023) Kat:3, Licht: 2","55582","3","2","5","10","21","4","","2","1","1","0","0"
"POINT (7.076568272000031 50.686451970000064)","Unfall 55655 (2023) Kat:3, Licht: 2","55655","3","6","6","10","20","3","","2","1","0","1","0"
"POINT (7.151479357000028 50.732368939000025)","Unfall 55694 (2023) Kat:3, Licht: 2","55694","3","7","9","10","05","4","","2","0","1","0","0"
"POINT (7.152850160000071 50.750267232000056)","Unfall 55732 (2023) Kat:3, Licht: 0","55732","3","2","5","10","15","3","","0","0","1","0","0"
"POINT (7.077308932000051 50.742621308000082)","Unfall 55733 (2023) Kat:3, Licht: 0","55733","3","2","5","10","09","3","","0","1","1","0","0"
"POINT (7.080462175000036 50.731109059000062)","Unfall 55755 (2023) Kat:3, Licht: 0","55755","3","2","5","10","09","2","","0","1","1","0","0"
"POINT (7.158427292000056 50.753017323000051)","Unfall 55899 (2023) Kat:3, Licht: 0","55899","3","1","0","11","09","5","","0","0","0","0","1"
"POINT (7.070912608000071 50.727399642000080)","Unfall 56086 (2023) Kat:3, Licht: 0","56086","3","2","0","11","11","3","","0","0","1","0","0"
"POINT (7.144022301000064 50.742530294000062)","Unfall 56087 (2023) Kat:2, Licht: 2","56087","2","2","2","11","17","3","","2","0","1","0","0"
"POINT (7.155139491000057 50.721172817000081)","Unfall 56196 (2023) Kat:3, Licht: 0","56196","3","2","5","11","16","2","","0","1","1","0","0"
"POINT (7.073496224000053 50.741187789000037)","Unfall 56198 (2023) Kat:3, Licht: 0","56198","3","3","5","11","09","2","","0","1","1","0","0"
"POINT (7.127052345000038 50.710726334000071)","Unfall 56280 (2023) Kat:3, Licht: 2","56280","3","1","0","11","21","1","","2","0","0","0","0"
"POINT (7.099204713000063 50.737503143000026)","Unfall 56434 (2023) Kat:3, Licht: 2","56434","3","6","2","11","18","6","","2","0","1","0","0"
"POINT (7.107854961000044 50.760148358000038)","Unfall 56527 (2023) Kat:3, Licht: 2","56527","3","6","2","11","17","5","","2","0","1","0","0"
"POINT (7.171610593000025 50.659592939000049)","Unfall 56538 (2023) Kat:3, Licht: 0","56538","3","6","4","11","15","5","","0","0","1","0","0"
"POINT (7.145782887000053 50.746051888000068)","Unfall 56541 (2023) Kat:2, Licht: 0","56541","2","4","6","11","15","5","","0","0","1","1","0"
"POINT (7.078274007000061 50.742490451000037)","Unfall 56542 (2023) Kat:3, Licht: 0","56542","3","3","5","11","09","5","","0","0","1","0","0"
"POINT (7.133450367000023 50.704524374000073)","Unfall 56627 (2023) Kat:3, Licht: 2","56627","3","1","9","11","00","4","","2","0","1","0","0"
"POINT (7.043445444000042 50.647885076000080)","Unfall 56724 (2023) Kat:3, Licht: 0","56724","3","6","3","10","14","3","","0","0","1","0","0"
"POINT (7.078491802000030 50.741448221000041)","Unfall 56725 (2023) Kat:3, Licht: 0","56725","3","6","3","10","13","3","","0","0","0","0","1"
"POINT (7.071657002000052 50.747063018000063)","Unfall 56793 (2023) Kat:3, Licht: 2","56793","3","6","2","11","18","4","","2","0","1","0","0"
"POINT (7.091882705000046 50.743058898000072)","Unfall 56874 (2023) Kat:3, Licht: 0","56874","3","4","6","10","13","2","","0","0","1","1","0"
"POINT (7.177890521000052 50.708183252000026)","Unfall 56989 (2023) Kat:3, Licht: 2","56989","3","1","9","10","02","1","","2","0","1","0","0"
"POINT (7.122640485000034 50.715153392000047)","Unfall 57078 (2023) Kat:3, Licht: 1","57078","3","6","2","10","07","2","","1","0","1","0","0"
"POINT (7.045762982000042 50.715307629000051)","Unfall 57162 (2023) Kat:3, Licht: 2","57162","3","2","5","11","22","7","","2","0","1","0","0"
"POINT (7.112917072000073 50.723668816000043)","Unfall 57163 (2023) Kat:3, Licht: 0","57163","3","6","3","11","11","7","","0","0","1","0","1"
"POINT (7.078356401000065 50.738971655000057)","Unfall 57472 (2023) Kat:2, Licht: 0","57472","2","2","5","11","10","4","","0","1","1","0","0"
"POINT (7.089929755000071 50.743619670000044)","Unfall 57473 (2023) Kat:3, Licht: 2","57473","3","6","2","11","18","4","","2","1","1","0","0"
"POINT (7.077715178000062 50.739230327000030)","Unfall 57563 (2023) Kat:3, Licht: 0","57563","3","2","5","11","08","3","","0","1","1","0","0"
"POINT (7.076876726000023 50.750824502000057)","Unfall 57663 (2023) Kat:2, Licht: 0","57663","2","2","5","11","14","2","","0","0","1","0","0"
"POINT (7.143310823000036 50.742917928000054)","Unfall 57758 (2023) Kat:3, Licht: 2","57758","3","7","3","11","17","1","","2","0","1","0","0"
"POINT (7.154244184000049 50.722199862000082)","Unfall 57765 (2023) Kat:3, Licht: 0","57765","3","1","0","11","10","1","","0","1","0","0","0"
"POINT (7.082127338000021 50.726992547000066)","Unfall 57828 (2023) Kat:3, Licht: 2","57828","3","6","2","11","16","7","","2","0","1","0","0"
"POINT (7.097851871000046 50.737305102000050)","Unfall 57843 (2023) Kat:3, Licht: 2","57843","3","3","5","11","00","7","","2","0","1","0","0"
"POINT (7.133415956000022 50.704937666000035)","Unfall 57958 (2023) Kat:3, Licht: 2","57958","3","6","2","11","21","6","","2","0","1","0","0"
"POINT (7.060664248000023 50.720853716000079)","Unfall 57961 (2023) Kat:3, Licht: 0","57961","3","3","0","11","14","6","","0","1","1","0","0"
"POINT (7.140758095000024 50.754221470000061)","Unfall 58160 (2023) Kat:3, Licht: 2","58160","3","6","2","11","05","4","","2","0","1","0","0"
"POINT (7.155128791000038 50.721218662000069)","Unfall 58169 (2023) Kat:3, Licht: 0","58169","3","1","0","11","09","4","","0","0","0","0","1"
"POINT (7.085944694000034 50.718306066000082)","Unfall 58170 (2023) Kat:2, Licht: 0","58170","2","3","5","11","12","4","","0","1","0","0","0"
"POINT (7.066644981000024 50.717461106000030)","Unfall 58233 (2023) Kat:3, Licht: 0","58233","3","3","5","11","11","4","","0","0","1","0","0"
"POINT (7.133193072000040 50.705768392000039)","Unfall 58297 (2023) Kat:3, Licht: 0","58297","3","1","0","11","12","3","","0","0","0","0","1"
"POINT (7.153147645000047 50.686581864000061)","Unfall 58305 (2023) Kat:3, Licht: 0","58305","3","1","0","11","11","3","","0","1","0","0","0"
"POINT (7.125804362000054 50.741761635000046)","Unfall 58308 (2023) Kat:3, Licht: 0","58308","3","6","2","11","15","3","","0","0","1","0","0"
"POINT (7.156819400000074 50.752671474000067)","Unfall 58309 (2023) Kat:3, Licht: 2","58309","3","2","6","11","18","3","","2","0","1","1","0"
"POINT (7.081856353000035 50.732091749000062)","Unfall 58310 (2023) Kat:3, Licht: 0","58310","3","7","0","11","09","3","","0","1","0","0","0"
"POINT (7.094336473000055 50.736175793000029)","Unfall 58372 (2023) Kat:3, Licht: 0","58372","3","6","2","11","13","4","","0","0","1","0","0"
"POINT (7.123883641000020 50.713754866000045)","Unfall 58456 (2023) Kat:3, Licht: 0","58456","3","6","2","11","10","2","","0","0","1","0","0"
"POINT (7.125120715000037 50.747159545000045)","Unfall 58461 (2023) Kat:3, Licht: 0","58461","3","2","5","11","07","2","","0","0","1","0","0"
"POINT (7.079277380000065 50.730370531000062)","Unfall 58465 (2023) Kat:3, Licht: 0","58465","3","6","2","11","11","2","","0","0","1","0","0"
"POINT (7.078840880000030 50.690373296000075)","Unfall 58503 (2023) Kat:3, Licht: 2","58503","3","7","9","11","03","1","","2","0","1","0","0"
"POINT (7.086679795000066 50.744914375000064)","Unfall 58538 (2023) Kat:3, Licht: 2","58538","3","2","0","11","17","5","","2","1","1","0","0"
"POINT (7.140890995000063 50.767503296000029)","Unfall 58559 (2023) Kat:3, Licht: 0","58559","3","6","2","11","14","1","","0","0","1","0","0"
"POINT (7.131352764000042 50.741014337000081)","Unfall 58636 (2023) Kat:3, Licht: 1","58636","3","2","2","11","19","7","","1","0","1","0","0"
"POINT (7.167349284000068 50.677998815000080)","Unfall 58732 (2023) Kat:3, Licht: 0","58732","3","2","2","11","12","6","","0","0","1","0","0"
"POINT (7.090194329000042 50.731359841000028)","Unfall 58734 (2023) Kat:3, Licht: 2","58734","3","3","5","11","17","6","","2","0","1","0","0"
"POINT (7.062927059000060 50.759000388000061)","Unfall 58735 (2023) Kat:1, Licht: 2","58735","1","4","6","11","22","6","","2","0","0","1","1"
"POINT (7.176266538000050 50.664028899000073)","Unfall 58906 (2023) Kat:3, Licht: 0","58906","3","2","6","12","16","3","","0","0","1","1","0"
"POINT (7.060905004000062 50.720971735000035)","Unfall 58909 (2023) Kat:2, Licht: 2","58909","2","1","8","12","16","3","","2","0","1","0","0"
"POINT (7.125017892000074 50.747074487000077)","Unfall 58910 (2023) Kat:3, Licht: 0","58910","3","3","5","12","10","3","","0","0","0","0","0"
"POINT (7.068960142000037 50.710620347000031)","Unfall 59010 (2023) Kat:2, Licht: 2","59010","2","4","6","12","07","2","","2","0","1","1","0"
"POINT (7.062375480000071 50.721714770000062)","Unfall 59011 (2023) Kat:3, Licht: 0","59011","3","6","3","12","08","2","","0","0","1","0","0"
"POINT (7.087634670000057 50.735283944000059)","Unfall 59012 (2023) Kat:2, Licht: 0","59012","2","6","2","12","15","2","","0","0","1","0","1"
"POINT (7.088637793000032 50.752770740000074)","Unfall 59063 (2023) Kat:3, Licht: 0","59063","3","6","2","12","20","1","","0","0","1","0","0"
"POINT (7.140359184000033 50.713020305000043)","Unfall 59064 (2023) Kat:3, Licht: 0","59064","3","6","2","12","14","1","","0","0","1","0","0"
"POINT (7.171346564000032 50.733950357000026)","Unfall 59249 (2023) Kat:3, Licht: 2","59249","3","1","0","12","17","5","","2","0","0","0","1"
"POINT (7.090019047000055 50.724225360000048)","Unfall 59361 (2023) Kat:3, Licht: 0","59361","3","3","5","12","19","4","","0","1","1","0","0"
"POINT (7.095016751000060 50.742170821000059)","Unfall 59362 (2023) Kat:3, Licht: 0","59362","3","1","8","12","08","4","","0","0","0","0","0"
"POINT (7.139131573000043 50.742427923000037)","Unfall 59435 (2023) Kat:3, Licht: 2","59435","3","4","6","12","07","5","","2","0","1","1","0"
"POINT (7.130362270000035 50.736727023000071)","Unfall 59472 (2023) Kat:3, Licht: 0","59472","3","2","5","12","14","3","","0","1","1","0","0"
"POINT (7.094473796000045 50.728577438000059)","Unfall 59473 (2023) Kat:3, Licht: 0","59473","3","2","3","12","12","3","","0","1","0","0","0"
"POINT (7.076793117000022 50.686176882000041)","Unfall 59566 (2023) Kat:3, Licht: 2","59566","3","3","5","12","19","2","","2","0","1","0","0"
"POINT (7.051862675000052 50.716740383000058)","Unfall 59567 (2023) Kat:2, Licht: 0","59567","2","3","6","12","10","2","","0","0","1","1","0"
"POINT (7.084891220000031 50.735836812000059)","Unfall 59568 (2023) Kat:3, Licht: 0","59568","3","6","2","12","11","2","","0","0","1","0","0"
"POINT (7.096483886000044 50.741779791000056)","Unfall 59590 (2023) Kat:3, Licht: 0","59590","3","6","2","12","18","3","","0","0","1","0","0"
"POINT (7.139981233000071 50.744729583000037)","Unfall 59647 (2023) Kat:3, Licht: 0","59647","3","3","5","12","12","1","","0","0","1","0","0"
"POINT (7.197618514000055 50.652440882000064)","Unfall 59698 (2023) Kat:3, Licht: 0","59698","3","7","8","12","14","7","","0","0","1","0","0"
"POINT (7.178499677000048 50.667084611000064)","Unfall 59699 (2023) Kat:3, Licht: 2","59699","3","4","6","12","20","7","","2","0","1","1","0"
"POINT (7.081903777000036 50.727046664000056)","Unfall 59804 (2023) Kat:3, Licht: 0","59804","3","6","2","12","14","6","","0","0","1","0","0"
"POINT (7.121780986000033 50.715552530000082)","Unfall 59940 (2023) Kat:3, Licht: 2","59940","3","6","2","12","17","5","","2","0","1","0","0"
"POINT (7.090415140000061 50.717131465000080)","Unfall 59944 (2023) Kat:3, Licht: 0","59944","3","7","0","12","08","5","","0","0","1","0","0"
"POINT (7.121812514000055 50.715525256000035)","Unfall 60046 (2023) Kat:3, Licht: 2","60046","3","6","2","12","17","4","","2","0","1","0","0"
"POINT (7.110644461000049 50.738291361000051)","Unfall 60174 (2023) Kat:3, Licht: 2","60174","3","6","2","12","17","3","","2","0","1","0","0"
"POINT (7.121205830000065 50.716050083000027)","Unfall 60307 (2023) Kat:3, Licht: 0","60307","3","1","0","12","08","2","","0","0","0","0","0"
"POINT (7.132428259000051 50.705304579000028)","Unfall 60309 (2023) Kat:3, Licht: 2","60309","3","6","2","12","18","2","","2","0","1","0","0"
"POINT (7.078111757000045 50.750088777000030)","Unfall 60312 (2023) Kat:3, Licht: 0","60312","3","7","0","12","12","2","","0","0","0","1","0"
"POINT (7.150103462000061 50.748013576000062)","Unfall 60411 (2023) Kat:3, Licht: 2","60411","3","7","9","12","16","1","","2","0","1","0","0"
"POINT (7.100452470000050 50.756916865000051)","Unfall 60483 (2023) Kat:3, Licht: 1","60483","3","6","2","12","16","3","","1","0","1","0","0"
"POINT (7.134862404000046 50.742627721000076)","Unfall 60558 (2023) Kat:2, Licht: 0","60558","2","4","6","12","07","6","","0","0","1","1","0"
"POINT (7.064792745000034 50.719715212000040)","Unfall 60563 (2023) Kat:3, Licht: 2","60563","3","4","6","12","19","4","","2","0","1","1","0"
"POINT (7.180493121000040 50.667833987000051)","Unfall 60664 (2023) Kat:3, Licht: 0","60664","3","1","0","11","12","5","","0","0","0","0","1"
"POINT (7.105823361000034 50.737675404000072)","Unfall 60666 (2023) Kat:3, Licht: 1","60666","3","2","0","11","16","5","","1","1","0","0","0"
"POINT (7.153434745000027 50.740018873000054)","Unfall 60799 (2023) Kat:2, Licht: 2","60799","2","7","9","11","19","4","","2","0","1","0","0"
"POINT (7.089755022000077 50.731425089000027)","Unfall 60951 (2023) Kat:3, Licht: 0","60951","3","6","2","11","14","3","","0","0","1","0","0"
"POINT (7.073286451000058 50.728102638000053)","Unfall 61119 (2023) Kat:3, Licht: 0","61119","3","2","5","11","10","2","","0","1","1","0","0"
"POINT (7.113856453000039 50.722527654000032)","Unfall 61318 (2023) Kat:3, Licht: 2","61318","3","6","2","11","04","1","","2","0","1","0","0"
"POINT (7.132024555000044 50.734358646000032)","Unfall 61602 (2023) Kat:3, Licht: 2","61602","3","1","0","12","17","1","","2","1","0","0","0"
"POINT (7.078812262000042 50.749217254000030)","Unfall 61750 (2023) Kat:3, Licht: 0","61750","3","6","3","12","13","5","","0","0","1","0","0"
"POINT (7.095288220000043 50.742099019000079)","Unfall 61814 (2023) Kat:3, Licht: 1","61814","3","1","0","12","16","4","","1","1","0","0","0"
"POINT (7.114739131000022 50.760437483000032)","Unfall 61953 (2023) Kat:3, Licht: 0","61953","3","3","5","12","13","1","","0","0","1","0","0"
"POINT (7.124797587000046 50.713022905000059)","Unfall 62011 (2023) Kat:3, Licht: 2","62011","3","1","9","12","01","7","","2","0","1","0","0"
"POINT (7.068346962000021 50.675285259000077)","Unfall 62012 (2023) Kat:3, Licht: 0","62012","3","7","0","12","14","7","","0","0","0","0","1"
"POINT (7.097383614000023 50.741526343000032)","Unfall 62109 (2023) Kat:3, Licht: 0","62109","3","3","0","12","13","6","","0","0","1","0","0"
"POINT (7.061172647000035 50.739314470000068)","Unfall 62247 (2023) Kat:3, Licht: 0","62247","3","6","0","12","15","5","","0","0","1","0","1"
"POINT (7.117875550000065 50.739304147000041)","Unfall 62372 (2023) Kat:2, Licht: 2","62372","2","4","6","12","07","4","","2","0","1","1","0"
"POINT (7.071472731000028 50.712185841000064)","Unfall 170409 (2023) Kat:3, Licht: 0","170409","3","3","5","01","17","3","","0","1","0","0","1"
"POINT (7.047857448000059 50.722331860000054)","Unfall 170410 (2023) Kat:3, Licht: 0","170410","3","7","7","01","09","3","","0","0","1","0","0"
"POINT (7.068599436000056 50.725977245000081)","Unfall 170411 (2023) Kat:3, Licht: 0","170411","3","3","5","01","12","3","","0","1","1","0","0"
"POINT (7.117723791000060 50.706631593000054)","Unfall 170462 (2023) Kat:3, Licht: 2","170462","3","1","8","01","03","2","","2","0","1","0","0"
"POINT (7.161892665000039 50.681337670000062)","Unfall 170501 (2023) Kat:3, Licht: 0","170501","3","6","2","01","14","1","","0","0","1","0","0"
"POINT (7.098775674000024 50.730689803000075)","Unfall 170502 (2023) Kat:3, Licht: 2","170502","3","4","6","01","01","1","","2","0","1","1","0"
"POINT (7.098459837000064 50.734235684000055)","Unfall 170503 (2023) Kat:3, Licht: 2","170503","3","7","6","01","00","1","","2","0","0","1","0"
"POINT (7.092361980000021 50.739523094000049)","Unfall 170530 (2023) Kat:3, Licht: 2","170530","3","2","6","01","17","7","","2","0","1","1","0"
"POINT (7.160095321000028 50.696566055000062)","Unfall 170574 (2023) Kat:3, Licht: 0","170574","3","3","5","01","10","6","","0","1","1","0","0"
"POINT (7.081534329000021 50.744441256000073)","Unfall 170575 (2023) Kat:3, Licht: 0","170575","3","3","5","01","09","6","","0","0","1","0","0"
"POINT (7.097680608000076 50.736681118000035)","Unfall 170576 (2023) Kat:3, Licht: 0","170576","3","3","0","01","11","6","","0","0","0","0","0"
"POINT (7.071367044000056 50.734979020000026)","Unfall 170577 (2023) Kat:3, Licht: 0","170577","3","2","5","01","09","6","","0","1","1","0","0"
"POINT (7.134362840000051 50.694185427000036)","Unfall 170638 (2023) Kat:3, Licht: 2","170638","3","2","6","01","18","5","","2","0","1","1","0"
"POINT (7.109922547000053 50.714564423000070)","Unfall 170639 (2023) Kat:3, Licht: 0","170639","3","4","0","01","15","5","","0","1","0","1","0"
"POINT (7.142628546000026 50.697307956000031)","Unfall 170713 (2023) Kat:2, Licht: 0","170713","2","1","8","01","12","4","","0","0","1","0","0"
"POINT (7.051528065000070 50.702333392000071)","Unfall 170714 (2023) Kat:2, Licht: 0","170714","2","3","5","01","15","4","","0","0","1","0","0"
"POINT (7.120956894000074 50.703578486000026)","Unfall 170852 (2023) Kat:3, Licht: 0","170852","3","6","4","01","13","2","","0","0","1","0","0"
"POINT (7.083255430000065 50.699395764000030)","Unfall 170901 (2023) Kat:2, Licht: 2","170901","2","5","1","01","02","1","","2","1","1","0","0"
"POINT (7.159787690000030 50.681875437000031)","Unfall 170996 (2023) Kat:3, Licht: 2","170996","3","3","5","01","17","5","","2","1","1","0","0"
"POINT (7.087601473000063 50.739729080000075)","Unfall 170998 (2023) Kat:3, Licht: 2","170998","3","2","5","01","20","5","","2","0","1","0","0"
"POINT (7.055777203000048 50.716719198000078)","Unfall 171034 (2023) Kat:3, Licht: 0","171034","3","3","5","01","08","4","","0","1","1","0","0"
"POINT (7.164599712000040 50.691762927000070)","Unfall 171310 (2023) Kat:3, Licht: 0","171310","3","7","0","01","08","3","","0","1","0","0","0"
"POINT (7.098274353000022 50.748619385000040)","Unfall 171509 (2023) Kat:3, Licht: 0","171509","3","2","2","02","12","6","","0","1","1","0","0"
"POINT (7.158315374000040 50.683702307000033)","Unfall 171521 (2023) Kat:3, Licht: 2","171521","3","6","2","02","20","5","","2","0","1","0","0"
"POINT (7.154557172000068 50.703157472000044)","Unfall 171562 (2023) Kat:3, Licht: 0","171562","3","3","5","02","15","4","","0","0","1","0","0"
"POINT (7.066247512000075 50.709924190000038)","Unfall 171563 (2023) Kat:3, Licht: 0","171563","3","1","0","02","15","4","","0","0","1","0","0"
"POINT (7.102125174000037 50.732361202000050)","Unfall 171564 (2023) Kat:3, Licht: 0","171564","3","2","6","02","15","4","","0","0","1","1","0"
"POINT (7.149751808000076 50.670946469000057)","Unfall 171616 (2023) Kat:3, Licht: 0","171616","3","2","0","02","15","3","","0","0","1","0","0"
"POINT (7.044102914000064 50.752535944000044)","Unfall 171617 (2023) Kat:3, Licht: 0","171617","3","3","5","02","17","3","","0","1","1","0","0"
"POINT (7.071407180000051 50.734958438000035)","Unfall 171618 (2023) Kat:3, Licht: 0","171618","3","2","5","02","14","3","","0","1","1","0","0"
"POINT (7.087494075000052 50.739717440000049)","Unfall 171762 (2023) Kat:3, Licht: 0","171762","3","6","2","02","09","6","","0","0","1","0","0"
"POINT (7.158272843000020 50.680094172000054)","Unfall 171816 (2023) Kat:3, Licht: 2","171816","3","2","6","02","07","5","","2","0","1","1","0"
"POINT (7.177758180000069 50.743744845000037)","Unfall 171817 (2023) Kat:3, Licht: 0","171817","3","7","6","02","16","5","","0","0","1","1","0"
"POINT (7.146596958000032 50.675633505000064)","Unfall 171871 (2023) Kat:2, Licht: 2","171871","2","1","0","02","17","4","","2","1","0","0","0"
"POINT (7.109308846000033 50.707524009000053)","Unfall 171872 (2023) Kat:3, Licht: 2","171872","3","2","2","02","17","4","","2","1","1","0","0"
"POINT (7.099825074000023 50.730544390000034)","Unfall 171873 (2023) Kat:3, Licht: 1","171873","3","2","6","02","17","4","","1","0","1","1","0"
"POINT (7.051981670000032 50.714413910000076)","Unfall 171920 (2023) Kat:3, Licht: 0","171920","3","3","5","01","16","3","","0","0","1","0","0"
"POINT (7.096749899000031 50.732539709000037)","Unfall 171949 (2023) Kat:3, Licht: 2","171949","3","7","0","01","06","3","","2","0","0","0","0"
"POINT (7.134413017000043 50.725024510000026)","Unfall 171967 (2023) Kat:3, Licht: 2","171967","3","7","0","01","21","2","","2","1","1","0","0"
"POINT (7.101384232000044 50.719090541000071)","Unfall 172019 (2023) Kat:3, Licht: 0","172019","3","7","0","01","16","7","","0","0","0","1","0"