WKT,Name,OBJECTID,UKATEGORIE,UTYP1,UART,UMONAT,USTUNDE,UWOCHENTAG,STRZUSTAND,ULICHTVERH,ISTRAD,ISTPKW,ISTFUSS,ISTKRAD
"POINT (7.194263061000072 50.652963509000074)","Unfall 172058 (2023) Kat:3, Licht: 0","172058","3","3","5","01","12","6","","0","1","1","0","0"
"POINT (7.123397748000059 50.709369795000043)","Unfall 172059 (2023) Kat:2, Licht: 2","172059","2","6","4","01","17","6","","2","0","1","0","0"
"POINT (7.156618119000029 50.753337266000074)","Unfall 172123 (2023) Kat:3, Licht: 2","172123","3","3","5","01","06","5","","2","0","1","0","1"
"POINT (7.187311252000029 50.656673140000066)","Unfall 172176 (2023) Kat:3, Licht: 1","172176","3","7","1","01","07","4","","1","1","1","0","0"
"POINT (7.139221758000076 50.696366445000081)","Unfall 172223 (2023) Kat:3, Licht: 1","172223","3","2","5","01","17","3","","1","1","1","0","0"
"POINT (7.057809217000056 50.703632841000058)","Unfall 172224 (2023) Kat:2, Licht: 0","172224","2","6","2","01","08","3","","0","0","1","0","0"
"POINT (7.087597197000036 50.739525471000036)","Unfall 172227 (2023) Kat:3, Licht: 2","172227","3","3","5","02","18","5","","2","1","1","0","0"
"POINT (7.099974118000034 50.727500852000048)","Unfall 172301 (2023) Kat:3, Licht: 2","172301","3","1","0","01","19","1","","2","1","0","0","0"
"POINT (7.107497646000070 50.736337334000041)","Unfall 172316 (2023) Kat:3, Licht: 0","172316","3","2","0","01","13","7","","0","1","1","0","0"
"POINT (7.103181950000021 50.734910699000068)","Unfall 172317 (2023) Kat:3, Licht: 0","172317","3","6","3","01","09","7","","0","1","0","0","0"
"POINT (7.168644823000022 50.689870731000042)","Unfall 172353 (2023) Kat:3, Licht: 0","172353","3","2","5","01","15","6","","0","1","1","0","0"
"POINT (7.152771885000050 50.681968671000050)","Unfall 172413 (2023) Kat:2, Licht: 0","172413","2","1","4","01","08","5","","0","0","1","0","0"
"POINT (7.120621452000023 50.731154963000051)","Unfall 172414 (2023) Kat:3, Licht: 0","172414","3","6","3","01","15","5","","0","1","1","0","0"
"POINT (7.140710717000047 50.736513758000058)","Unfall 172415 (2023) Kat:3, Licht: 0","172415","3","1","0","01","15","5","","0","1","0","0","0"
"POINT (7.070630161000054 50.725640977000069)","Unfall 172416 (2023) Kat:3, Licht: 2","172416","3","4","6","01","07","5","","2","1","0","0","0"
"POINT (7.097673109000027 50.733285429000034)","Unfall 172417 (2023) Kat:3, Licht: 2","172417","3","1","0","01","04","5","","2","1","0","0","0"
"POINT (7.071568680000041 50.720875115000069)","Unfall 172482 (2023) Kat:3, Licht: 0","172482","3","4","6","01","16","4","","0","0","1","1","0"
"POINT (7.102512643000068 50.728588641000044)","Unfall 172483 (2023) Kat:3, Licht: 0","172483","3","1","0","01","16","4","","0","1","0","0","0"
"POINT (7.141957137000077 50.705303978000074)","Unfall 172517 (2023) Kat:3, Licht: 0","172517","3","2","5","03","15","5","","0","0","1","0","1"
"POINT (7.153269347000048 50.683935010000027)","Unfall 172518 (2023) Kat:3, Licht: 0","172518","3","4","6","03","15","5","","0","0","1","1","0"
"POINT (7.055600993000041 50.743282899000064)","Unfall 172520 (2023) Kat:3, Licht: 0","172520","3","6","2","03","12","5","","0","0","1","0","0"
"POINT (7.148515924000037 50.694412131000036)","Unfall 172569 (2023) Kat:3, Licht: 2","172569","3","7","0","03","18","4","","2","1","1","0","0"
"POINT (7.154376712000044 50.684891428000071)","Unfall 172570 (2023) Kat:3, Licht: 0","172570","3","4","0","03","14","4","","0","0","0","1","0"
"POINT (7.125516239000035 50.700398831000030)","Unfall 172622 (2023) Kat:3, Licht: 1","172622","3","5","1","02","07","3","","1","1","1","0","0"
"POINT (7.098551605000068 50.731949783000061)","Unfall 172623 (2023) Kat:3, Licht: 0","172623","3","3","0","02","17","3","","0","0","1","0","0"
"POINT (7.066856117000043 50.742902287000049)","Unfall 172680 (2023) Kat:3, Licht: 2","172680","3","1","8","02","21","2","","2","1","0","0","0"
"POINT (7.051025627000058 50.710612507000064)","Unfall 172726 (2023) Kat:3, Licht: 0","172726","3","4","6","02","09","1","","0","0","1","1","0"
"POINT (7.057554272000061 50.714073703000054)","Unfall 172727 (2023) Kat:3, Licht: 2","172727","3","7","8","02","20","1","","2","0","1","0","0"
"POINT (7.160116000000073 50.675281509000058)","Unfall 172754 (2023) Kat:3, Licht: 2","172754","3","1","8","02","01","7","","2","0","1","0","0"
"POINT (7.059014402000059 50.703755950000073)","Unfall 172755 (2023) Kat:3, Licht: 0","172755","3","6","2","02","10","7","","0","0","1","0","0"
"POINT (7.091448684000056 50.738680074000058)","Unfall 172756 (2023) Kat:3, Licht: 2","172756","3","2","6","02","20","7","","2","0","1","1","0"
"POINT (7.171332654000025 50.729727660000037)","Unfall 172804 (2023) Kat:3, Licht: 2","172804","3","1","9","02","22","6","","2","0","1","0","0"
"POINT (7.158440048000045 50.682369289000064)","Unfall 172872 (2023) Kat:3, Licht: 0","172872","3","4","6","02","07","5","","0","0","0","1","0"
"POINT (7.097310881000055 50.736730220000027)","Unfall 172920 (2023) Kat:3, Licht: 0","172920","3","7","6","02","11","4","","0","0","0","1","0"
"POINT (7.163827997000055 50.677318182000079)","Unfall 172964 (2023) Kat:3, Licht: 0","172964","3","3","5","02","09","3","","0","0","1","0","0"
"POINT (7.033644295000045 50.705627389000028)","Unfall 173005 (2023) Kat:3, Licht: 2","173005","3","1","8","02","18","2","","2","0","1","0","0"
"POINT (7.094604814000036 50.732698597000081)","Unfall 173095 (2023) Kat:3, Licht: 0","173095","3","1","8","02","16","6","","0","0","0","0","0"
"POINT (7.112925938000046 50.713083613000038)","Unfall 173096 (2023) Kat:2, Licht: 0","173096","2","2","5","02","12","6","","0","0","1","0","1"
"POINT (7.164505429000030 50.670850531000042)","Unfall 173146 (2023) Kat:3, Licht: 0","173146","3","5","1","02","15","5","","0","0","1","0","1"
"POINT (7.129371840000033 50.731470919000060)","Unfall 173148 (2023) Kat:3, Licht: 0","173148","3","3","5","02","11","5","","0","1","1","0","0"
"POINT (7.042967261000058 50.725117815000033)","Unfall 173202 (2023) Kat:2, Licht: 0","173202","2","4","6","02","16","4","","0","0","1","1","0"
"POINT (7.119094702000041 50.728877019000038)","Unfall 173203 (2023) Kat:3, Licht: 0","173203","3","7","6","02","13","4","","0","1","0","1","0"
"POINT (7.103436327000054 50.700410950000048)","Unfall 173205 (2023) Kat:3, Licht: 0","173205","3","4","6","02","07","4","","0","0","1","1","0"
"POINT (7.029648295000072 50.712924820000069)","Unfall 173286 (2023) Kat:3, Licht: 0","173286","3","6","3","02","12","3","","0","0","1","0","0"
"POINT (7.096191026000042 50.734902073000057)","Unfall 173287 (2023) Kat:3, Licht: 0","173287","3","5","1","02","13","3","","0","0","1","0","0"
"POINT (7.042390215000069 50.748996973000033)","Unfall 173289 (2023) Kat:3, Licht: 0","173289","3","3","5","02","09","3","","0","1","1","0","0"
"POINT (7.140620991000048 50.694889726000042)","Unfall 173301 (2023) Kat:3, Licht: 0","173301","3","3","5","02","11","5","","0","1","1","0","0"
"POINT (7.054605131000073 50.694264718000056)","Unfall 173363 (2023) Kat:3, Licht: 0","173363","3","6","2","02","10","2","","0","0","1","0","0"
"POINT (7.120130812000070 50.739984822000054)","Unfall 173365 (2023) Kat:3, Licht: 0","173365","3","7","6","02","14","2","","0","0","1","1","0"
"POINT (7.075627842000074 50.727139869000041)","Unfall 173415 (2023) Kat:3, Licht: 2","173415","3","3","5","02","18","1","","2","1","1","0","0"
"POINT (7.084385941000050 50.722529502000043)","Unfall 173416 (2023) Kat:3, Licht: 2","173416","3","1","0","02","19","1","","2","1","0","0","0"
"POINT (7.102765158000068 50.736074126000062)","Unfall 173417 (2023) Kat:3, Licht: 1","173417","3","6","6","02","17","1","","1","1","0","1","0"
"POINT (7.088069636000057 50.722129944000073)","Unfall 173418 (2023) Kat:3, Licht: 0","173418","3","5","1","02","15","1","","0","1","1","0","0"
"POINT (7.086736215000030 50.757991323000056)","Unfall 173426 (2023) Kat:3, Licht: 0","173426","3","7","1","02","17","3","","0","0","1","0","1"
"POINT (7.137851947000058 50.691561293000063)","Unfall 173444 (2023) Kat:3, Licht: 0","173444","3","2","6","02","14","7","","0","0","1","1","0"
"POINT (7.139328321000050 50.696411271000045)","Unfall 173445 (2023) Kat:3, Licht: 2","173445","3","1","0","02","23","7","","2","1","0","0","0"
"POINT (7.136823549000042 50.735859281000046)","Unfall 173447 (2023) Kat:3, Licht: 0","173447","3","4","6","02","09","7","","0","1","0","1","0"
"POINT (7.099891445000026 50.732076825000036)","Unfall 173448 (2023) Kat:3, Licht: 1","173448","3","4","6","02","16","7","","1","0","0","1","0"
"POINT (7.099416987000041 50.732180470000060)","Unfall 173449 (2023) Kat:3, Licht: 0","173449","3","4","6","02","16","7","","0","0","0","1","0"
"POINT (7.159784701000035 50.679000556000062)","Unfall 173550 (2023) Kat:3, Licht: 0","173550","3","6","2","03","08","6","","0","0","1","0","0"
"POINT (7.051221462000058 50.710751169000048)","Unfall 173613 (2023) Kat:3, Licht: 0","173613","3","2","0","03","15","5","","0","1","0","0","0"
"POINT (7.055343435000054 50.735784296000077)","Unfall 173615 (2023) Kat:3, Licht: 0","173615","3","3","5","03","15","5","","0","1","1","0","0"
"POINT (7.097965454000075 50.729157820000069)","Unfall 173616 (2023) Kat:3, Licht: 0","173616","3","6","2","03","14","5","","0","0","1","0","1"
"POINT (7.123450428000069 50.695317677000048)","Unfall 173675 (2023) Kat:3, Licht: 0","173675","3","7","0","03","09","5","","0","1","0","0","0"
"POINT (7.140672758000051 50.688803608000057)","Unfall 173700 (2023) Kat:3, Licht: 0","173700","3","3","5","03","14","3","","0","0","1","0","0"
"POINT (7.151113962000068 50.720663179000042)","Unfall 173701 (2023) Kat:3, Licht: 1","173701","3","6","2","03","16","3","","1","0","1","0","0"
"POINT (7.099994192000054 50.704238495000027)","Unfall 173751 (2023) Kat:3, Licht: 0","173751","3","7","0","03","14","2","","0","0","0","0","0"
"POINT (7.134340615000042 50.694244654000045)","Unfall 173800 (2023) Kat:3, Licht: 2","173800","3","3","5","03","19","1","","2","0","1","0","0"
"POINT (7.083399511000039 50.694820889000027)","Unfall 173887 (2023) Kat:3, Licht: 0","173887","3","6","4","03","14","6","","0","0","1","0","0"
"POINT (7.161073520000059 50.695857026000056)","Unfall 173942 (2023) Kat:2, Licht: 0","173942","2","3","5","03","10","5","","0","1","1","0","0"
"POINT (7.124592503000031 50.732586283000046)","Unfall 173943 (2023) Kat:3, Licht: 0","173943","3","5","0","03","17","5","","0","1","1","0","0"
"POINT (7.078258590000075 50.756811249000066)","Unfall 173944 (2023) Kat:3, Licht: 0","173944","3","7","0","03","13","5","","0","1","0","0","0"
"POINT (7.163985019000052 50.671769404000031)","Unfall 173958 (2023) Kat:2, Licht: 2","173958","2","2","5","03","19","5","","2","0","1","0","1"
"POINT (7.137508735000040 50.736156838000056)","Unfall 173986 (2023) Kat:3, Licht: 0","173986","3","3","5","03","09","4","","0","0","1","0","1"
"POINT (7.085880631000066 50.755867233000060)","Unfall 174072 (2023) Kat:2, Licht: 0","174072","2","4","6","03","07","2","","0","0","1","1","0"
"POINT (7.034291495000048 50.705100653000045)","Unfall 174112 (2023) Kat:3, Licht: 2","174112","3","7","9","03","02","1","","2","0","1","0","0"
"POINT (7.095718841000064 50.730142788000080)","Unfall 174113 (2023) Kat:3, Licht: 0","174113","3","6","2","03","13","1","","0","0","1","0","0"
"POINT (7.092867987000034 50.723049179000043)","Unfall 174114 (2023) Kat:3, Licht: 0","174114","3","2","2","03","11","1","","0","0","1","0","0"
"POINT (7.051588171000049 50.756143930000064)","Unfall 174115 (2023) Kat:3, Licht: 0","174115","3","7","5","03","15","1","","0","0","1","0","0"
"POINT (7.115740379000044 50.712982448000048)","Unfall 174172 (2023) Kat:3, Licht: 0","174172","3","2","2","03","08","6","","0","1","1","0","0"
"POINT (7.095271342000046 50.732814983000026)","Unfall 174173 (2023) Kat:2, Licht: 0","174173","2","1","0","03","08","6","","0","1","0","0","0"
"POINT (7.104432966000047 50.721191962000034)","Unfall 174174 (2023) Kat:3, Licht: 2","174174","3","2","5","03","19","6","","2","1","0","0","0"
"POINT (7.092650245000073 50.742172351000079)","Unfall 174175 (2023) Kat:3, Licht: 0","174175","3","5","1","03","11","6","","0","1","1","0","0"
"POINT (7.162770317000025 50.702068379000082)","Unfall 174246 (2023) Kat:3, Licht: 0","174246","3","7","0","03","08","5","","0","0","0","0","0"
"POINT (7.163828962000025 50.677258368000082)","Unfall 174247 (2023) Kat:3, Licht: 0","174247","3","3","5","03","09","5","","0","0","1","0","0"
"POINT (7.126142261000041 50.710339895000061)","Unfall 174356 (2023) Kat:3, Licht: 0","174356","3","5","0","03","08","3","","0","1","1","0","0"
"POINT (7.158228688000065 50.680196375000037)","Unfall 174357 (2023) Kat:3, Licht: 2","174357","3","4","6","03","21","3","","2","0","1","1","0"
"POINT (7.030986149000057 50.711699696000039)","Unfall 174360 (2023) Kat:3, Licht: 0","174360","3","3","5","03","07","3","","0","1","1","0","0"
"POINT (7.096042977000025 50.735290282000051)","Unfall 174361 (2023) Kat:3, Licht: 2","174361","3","6","2","03","19","3","","2","0","1","0","0"
"POINT (7.075106578000032 50.732946139000035)","Unfall 174362 (2023) Kat:3, Licht: 0","174362","3","1","0","03","13","3","","0","1","0","0","0"
"POINT (7.083621647000029 50.754602786000078)","Unfall 174407 (2023) Kat:3, Licht: 0","174407","3","6","2","03","07","2","","0","0","1","0","0"
"POINT (7.107164823000062 50.720747490000065)","Unfall 174455 (2023) Kat:2, Licht: 2","174455","2","2","6","03","19","1","","2","0","1","1","0"
"POINT (7.130077811000035 50.750110846000041)","Unfall 174485 (2023) Kat:3, Licht: 0","174485","3","3","5","03","16","7","","0","1","1","0","0"
"POINT (7.109277228000053 50.712745012000028)","Unfall 174518 (2023) Kat:3, Licht: 0","174518","3","1","0","03","10","7","","0","1","0","0","0"
"POINT (7.057827442000075 50.707223645000056)","Unfall 174524 (2023) Kat:3, Licht: 2","174524","3","3","5","03","19","6","","2","0","1","0","0"
"POINT (7.096174020000035 50.722686127000031)","Unfall 174525 (2023) Kat:3, Licht: 2","174525","3","7","1","03","22","6","","2","0","1","0","0"
"POINT (7.094986001000052 50.752795114000037)","Unfall 174580 (2023) Kat:3, Licht: 0","174580","3","2","5","04","12","3","","0","0","1","0","1"
"POINT (7.109293494000042 50.707546389000072)","Unfall 174581 (2023) Kat:3, Licht: 0","174581","3","3","5","04","11","3","","0","1","1","0","0"
"POINT (7.145971540000062 50.689045260000057)","Unfall 174669 (2023) Kat:3, Licht: 0","174669","3","3","5","04","18","1","","0","0","1","0","0"
"POINT (7.076763164000056 50.732747677000077)","Unfall 174688 (2023) Kat:3, Licht: 0","174688","3","3","5","04","13","7","","0","0","1","0","0"
"POINT (7.066228336000052 50.759573278000062)","Unfall 174689 (2023) Kat:3, Licht: 0","174689","3","7","0","04","17","7","","0","0","1","0","0"
"POINT (7.050475278000022 50.735979823000037)","Unfall 174730 (2023) Kat:3, Licht: 0","174730","3","2","2","04","10","6","","0","0","1","0","0"
"POINT (7.146728663000033 50.728707769000039)","Unfall 174774 (2023) Kat:3, Licht: 0","174774","3","5","1","04","13","5","","0","1","1","0","0"
"POINT (7.132199044000060 50.701720160000036)","Unfall 174819 (2023) Kat:3, Licht: 0","174819","3","4","2","04","08","4","","0","0","1","1","0"
"POINT (7.052144363000025 50.715800552000076)","Unfall 174849 (2023) Kat:2, Licht: 2","174849","2","7","0","04","00","3","","2","1","0","0","0"
"POINT (7.134569825000028 50.729265191000081)","Unfall 174910 (2023) Kat:3, Licht: 0","174910","3","3","5","04","20","1","","0","1","1","0","0"
"POINT (7.094095988000049 50.723018743000068)","Unfall 174911 (2023) Kat:3, Licht: 0","174911","3","6","2","04","15","1","","0","0","1","0","0"
"POINT (7.163563275000058 50.689791528000057)","Unfall 174971 (2023) Kat:3, Licht: 0","174971","3","7","1","04","15","6","","0","0","1","0","0"
"POINT (7.097891541000024 50.737810874000047)","Unfall 174973 (2023) Kat:3, Licht: 0","174973","3","1","0","04","15","6","","0","1","0","0","0"
"POINT (7.131880306000028 50.746772835000058)","Unfall 175064 (2023) Kat:3, Licht: 0","175064","3","3","5","04","15","4","","0","1","1","0","0"
"POINT (7.145637034000060 50.721864124000035)","Unfall 175111 (2023) Kat:3, Licht: 0","175111","3","6","2","04","12","3","","0","0","1","0","0"
"POINT (7.068499242000030 50.720311534000075)","Unfall 175164 (2023) Kat:3, Licht: 0","175164","3","6","3","04","18","2","","0","1","0","0","0"
"POINT (7.095250486000054 50.735793195000042)","Unfall 175206 (2023) Kat:2, Licht: 2","175206","2","1","0","04","01","1","","2","0","0","0","0"
"POINT (7.110005097000055 50.712347872000066)","Unfall 175231 (2023) Kat:3, Licht: 0","175231","3","7","0","04","15","7","","0","1","0","0","0"
"POINT (7.153485874000069 50.701440246000061)","Unfall 175352 (2023) Kat:3, Licht: 0","175352","3","3","5","03","13","5","","0","0","1","0","1"
"POINT (7.146389853000073 50.699139871000057)","Unfall 175353 (2023) Kat:3, Licht: 0","175353","3","2","5","03","10","5","","0","1","1","0","0"
"POINT (7.131917012000031 50.737198973000034)","Unfall 175412 (2023) Kat:3, Licht: 0","175412","3","4","6","03","11","4","","0","0","1","1","0"
"POINT (7.104233531000034 50.721683124000037)","Unfall 175413 (2023) Kat:3, Licht: 0","175413","3","6","3","03","11","4","","0","1","1","0","0"
"POINT (7.072728855000037 50.714916936000066)","Unfall 175479 (2023) Kat:3, Licht: 0","175479","3","3","5","03","17","3","","0","0","1","0","1"
"POINT (7.184216671000058 50.668440310000051)","Unfall 175546 (2023) Kat:3, Licht: 0","175546","3","4","6","03","08","2","","0","0","1","1","0"
"POINT (7.136752130000048 50.737259868000081)","Unfall 175548 (2023) Kat:3, Licht: 0","175548","3","7","5","03","17","2","","0","1","0","0","0"
"POINT (7.165628907000041 50.750468367000053)","Unfall 175549 (2023) Kat:3, Licht: 0","175549","3","3","5","03","17","2","","0","1","1","0","0"
"POINT (7.091947754000046 50.741457491000062)","Unfall 175550 (2023) Kat:3, Licht: 0","175550","3","5","1","03","09","2","","0","0","1","0","0"
"POINT (7.126904894000063 50.738522922000072)","Unfall 175599 (2023) Kat:3, Licht: 0","175599","3","2","5","03","13","1","","0","1","1","0","0"
"POINT (7.098334898000076 50.736705333000032)","Unfall 175630 (2023) Kat:2, Licht: 2","175630","2","7","6","03","03","7","","2","0","0","1","0"
"POINT (7.174509404000048 50.677791860000070)","Unfall 175692 (2023) Kat:3, Licht: 0","175692","3","7","6","05","18","5","","0","0","1","1","0"
"POINT (7.153196539000021 50.666152796000063)","Unfall 175693 (2023) Kat:3, Licht: 0","175693","3","6","2","05","09","5","","0","0","1","0","0"
"POINT (7.166968517000043 50.689244607000035)","Unfall 175694 (2023) Kat:3, Licht: 0","175694","3","4","6","05","13","5","","0","0","1","1","0"
"POINT (7.058603686000026 50.703704570000070)","Unfall 175695 (2023) Kat:3, Licht: 0","175695","3","3","5","05","14","5","","0","0","1","0","0"
"POINT (7.142136209000057 50.756997822000073)","Unfall 175696 (2023) Kat:3, Licht: 0","175696","3","1","9","05","15","5","","0","0","1","0","0"
"POINT (7.191963916000020 50.661079991000065)","Unfall 175762 (2023) Kat:3, Licht: 0","175762","3","7","0","05","09","4","","0","0","0","0","0"
"POINT (7.043311981000045 50.755759255000044)","Unfall 175766 (2023) Kat:2, Licht: 0","175766","2","1","0","05","10","4","","0","0","0","0","1"
"POINT (7.051733608000063 50.747732078000070)","Unfall 175767 (2023) Kat:3, Licht: 0","175767","3","3","5","05","07","4","","0","0","0","0","0"
"POINT (7.096191410000074 50.732784403000039)","Unfall 175768 (2023) Kat:3, Licht: 0","175768","3","1","0","05","16","4","","0","1","0","0","0"
"POINT (7.095545068000035 50.737400583000067)","Unfall 175769 (2023) Kat:3, Licht: 0","175769","3","5","1","05","11","4","","0","1","1","0","0"
"POINT (7.099053119000075 50.724367599000061)","Unfall 175844 (2023) Kat:3, Licht: 0","175844","3","5","1","05","18","3","","0","1","1","0","0"
"POINT (7.087185047000048 50.741267767000068)","Unfall 175897 (2023) Kat:3, Licht: 0","175897","3","4","6","05","19","2","","0","1","0","1","0"
"POINT (7.165184143000033 50.672476187000029)","Unfall 175935 (2023) Kat:3, Licht: 0","175935","3","5","1","04","19","1","","0","1","1","0","0"
"POINT (7.150665176000075 50.687008359000060)","Unfall 175936 (2023) Kat:3, Licht: 0","175936","3","1","6","04","19","1","","0","0","1","1","0"
"POINT (7.173248807000050 50.672906199000067)","Unfall 176051 (2023) Kat:3, Licht: 0","176051","3","2","2","04","12","6","","0","0","1","0","0"
"POINT (7.058125404000066 50.748594586000081)","Unfall 176052 (2023) Kat:2, Licht: 0","176052","2","7","7","04","19","6","","0","1","0","0","0"
"POINT (7.134349451000048 50.694193119000033)","Unfall 176125 (2023) Kat:3, Licht: 0","176125","3","3","5","04","11","5","","0","1","1","0","0"
"POINT (7.163777743000026 50.677293786000064)","Unfall 176126 (2023) Kat:3, Licht: 0","176126","3","3","5","04","15","5","","0","1","1","0","0"
"POINT (7.041722198000059 50.719409096000049)","Unfall 176129 (2023) Kat:3, Licht: 0","176129","3","5","1","04","13","5","","0","1","1","0","0"
"POINT (7.131832824000071 50.747018702000048)","Unfall 176130 (2023) Kat:3, Licht: 0","176130","3","7","2","04","11","5","","0","0","0","0","1"
"POINT (7.077744704000054 50.728657856000041)","Unfall 176131 (2023) Kat:3, Licht: 0","176131","3","3","5","04","12","5","","0","1","0","0","1"
"POINT (7.157543389000068 50.675767560000054)","Unfall 176193 (2023) Kat:2, Licht: 0","176193","2","1","0","04","18","4","","0","1","0","0","0"
"POINT (7.159338076000040 50.697149771000056)","Unfall 176194 (2023) Kat:3, Licht: 0","176194","3","2","5","04","07","4","","0","0","1","0","1"
"POINT (7.176067538000041 50.675870030000056)","Unfall 176195 (2023) Kat:3, Licht: 0","176195","3","3","3","04","18","4","","0","1","1","0","0"
"POINT (7.106143050000071 50.729477829000075)","Unfall 176196 (2023) Kat:3, Licht: 0","176196","3","7","1","04","12","4","","0","0","1","0","1"
"POINT (7.104701653000063 50.717118194000079)","Unfall 176197 (2023) Kat:2, Licht: 0","176197","2","2","2","04","17","4","","0","1","1","0","0"
"POINT (7.166490166000074 50.697625601000027)","Unfall 176261 (2023) Kat:3, Licht: 0","176261","3","5","5","04","07","3","","0","1","1","0","0"
"POINT (7.118972065000037 50.739057203000073)","Unfall 176263 (2023) Kat:3, Licht: 0","176263","3","1","0","04","17","3","","0","1","0","0","0"
"POINT (7.125229632000071 50.740864309000074)","Unfall 176279 (2023) Kat:2, Licht: 0","176279","2","7","0","04","15","6","","0","0","0","0","0"
"POINT (7.146303710000041 50.683517330000029)","Unfall 176325 (2023) Kat:3, Licht: 0","176325","3","4","6","04","13","2","","0","0","1","1","0"
"POINT (7.091773098000033 50.720738329000028)","Unfall 176327 (2023) Kat:3, Licht: 0","176327","3","6","6","04","15","2","","0","1","0","1","0"
"POINT (7.043090782000036 50.718167653000080)","Unfall 176368 (2023) Kat:3, Licht: 2","176368","3","1","8","04","01","1","","2","0","1","0","0"
"POINT (7.095075903000065 50.734609278000050)","Unfall 176369 (2023) Kat:3, Licht: 0","176369","3","1","0","04","14","1","","0","1","0","0","0"
"POINT (7.097166311000024 50.729941370000063)","Unfall 176414 (2023) Kat:3, Licht: 0","176414","3","5","1","04","14","7","","0","1","1","0","0"
"POINT (7.152162221000026 50.690541719000066)","Unfall 176436 (2023) Kat:3, Licht: 0","176436","3","3","5","04","15","5","","0","0","1","0","0"
"POINT (7.170875659000046 50.690716358000032)","Unfall 176470 (2023) Kat:3, Licht: 0","176470","3","1","8","04","16","6","","0","1","1","0","0"
"POINT (7.164357518000031 50.685553656000081)","Unfall 176471 (2023) Kat:3, Licht: 0","176471","3","7","0","04","15","6","","0","1","1","0","0"
"POINT (7.088239089000069 50.727065564000043)","Unfall 176473 (2023) Kat:3, Licht: 2","176473","3","1","9","04","05","6","","2","0","1","0","0"
"POINT (7.100045278000039 50.727434286000062)","Unfall 176474 (2023) Kat:3, Licht: 0","176474","3","6","0","04","19","6","","0","1","1","0","0"
"POINT (7.106025480000028 50.697460867000075)","Unfall 176475 (2023) Kat:3, Licht: 0","176475","3","2","5","04","08","6","","0","1","1","0","0"
"POINT (7.064761641000075 50.710866814000042)","Unfall 176532 (2023) Kat:3, Licht: 0","176532","3","4","6","04","16","5","","0","0","1","1","0"
"POINT (7.100082394000026 50.732025773000032)","Unfall 176533 (2023) Kat:3, Licht: 0","176533","3","7","0","04","15","5","","0","0","0","0","0"
"POINT (7.153823637000073 50.668957535000061)","Unfall 176584 (2023) Kat:3, Licht: 0","176584","3","6","2","04","17","6","","0","1","1","0","0"
"POINT (7.055434652000031 50.743433454000069)","Unfall 176617 (2023) Kat:3, Licht: 0","176617","3","3","5","04","14","4","","0","0","1","0","0"
"POINT (7.122342581000055 50.739308909000044)","Unfall 176658 (2023) Kat:3, Licht: 0","176658","3","2","5","05","10","7","","0","1","1","0","0"
"POINT (7.030232177000073 50.712570886000037)","Unfall 176712 (2023) Kat:3, Licht: 0","176712","3","1","0","05","12","6","","0","1","0","0","0"
"POINT (7.118945690000032 50.739022613000031)","Unfall 176713 (2023) Kat:3, Licht: 0","176713","3","1","0","05","17","6","","0","1","0","0","0"
"POINT (7.100434285000063 50.745219262000035)","Unfall 176782 (2023) Kat:2, Licht: 0","176782","2","6","2","05","19","5","","0","1","0","0","0"
"POINT (7.139240574000041 50.696374361000039)","Unfall 176845 (2023) Kat:3, Licht: 0","176845","3","2","0","05","15","4","","0","1","1","0","0"
"POINT (7.094916606000027 50.722892942000044)","Unfall 176926 (2023) Kat:3, Licht: 0","176926","3","2","6","05","16","3","","0","0","1","1","0"
"POINT (7.086525412000071 50.729282482000031)","Unfall 176927 (2023) Kat:2, Licht: 0","176927","2","3","0","05","12","3","","0","1","0","0","0"
"POINT (7.049251665000043 50.714378656000065)","Unfall 177004 (2023) Kat:2, Licht: 0","177004","2","7","0","05","13","2","","0","1","0","0","0"
"POINT (7.036717146000058 50.709400715000072)","Unfall 177065 (2023) Kat:3, Licht: 0","177065","3","4","6","05","12","1","","0","0","1","1","0"
"POINT (7.054174099000022 50.697776764000082)","Unfall 177119 (2023) Kat:3, Licht: 0","177119","3","3","5","05","10","7","","0","0","1","0","0"
"POINT (7.112265177000040 50.704415127000061)","Unfall 177120 (2023) Kat:3, Licht: 0","177120","3","3","5","05","18","7","","0","0","1","0","0"
"POINT (7.043521063000071 50.740002729000082)","Unfall 177122 (2023) Kat:3, Licht: 0","177122","3","1","9","05","13","7","","0","0","1","0","0"
"POINT (7.045633515000077 50.749880964000056)","Unfall 177192 (2023) Kat:3, Licht: 0","177192","3","7","6","05","13","6","","0","0","0","1","0"
"POINT (7.052802200000031 50.744436321000080)","Unfall 177287 (2023) Kat:2, Licht: 0","177287","2","1","9","05","13","5","","0","0","1","0","0"
"POINT (7.066385125000068 50.732915156000047)","Unfall 177288 (2023) Kat:3, Licht: 0","177288","3","3","0","05","18","5","","0","1","1","0","0"