WKT,Name,OBJECTID,UKATEGORIE,UTYP1,UART,UMONAT,USTUNDE,UWOCHENTAG,STRZUSTAND,ULICHTVERH,ISTRAD,ISTPKW,ISTFUSS,ISTKRAD
"POINT (7.089899728000034 50.756141375000027)","Unfall 177289 (2023) Kat:2, Licht: 0","177289","2","5","0","05","15","5","","0","1","1","0","0"
"POINT (7.058318906000068 50.704093846000035)","Unfall 177354 (2023) Kat:3, Licht: 0","177354","3","3","5","05","12","4","","0","0","1","0","0"
"POINT (7.164696955000068 50.714667029000054)","Unfall 177355 (2023) Kat:2, Licht: 0","177355","2","1","0","05","12","4","","0","1","0","0","0"
"POINT (7.105430092000063 50.738463718000048)","Unfall 177356 (2023) Kat:2, Licht: 0","177356","2","1","0","05","11","4","","0","1","0","0","0"
"POINT (7.113155396000025 50.712227541000061)","Unfall 177358 (2023) Kat:3, Licht: 0","177358","3","4","6","05","11","4","","0","0","1","1","0"
"POINT (7.067637757000057 50.760054320000052)","Unfall 177359 (2023) Kat:3, Licht: 0","177359","3","5","1","05","09","4","","0","1","1","0","0"
"POINT (7.152478532000032 50.669503125000062)","Unfall 177411 (2023) Kat:3, Licht: 0","177411","3","2","2","05","07","3","","0","0","1","0","0"
"POINT (7.163640891000057 50.753648861000045)","Unfall 177412 (2023) Kat:3, Licht: 1","177412","3","5","1","05","20","3","","1","0","1","0","0"
"POINT (7.103153956000028 50.700132726000049)","Unfall 177413 (2023) Kat:3, Licht: 0","177413","3","3","5","05","17","3","","0","1","1","0","0"
"POINT (7.138427691000061 50.697572045000072)","Unfall 177489 (2023) Kat:3, Licht: 0","177489","3","1","0","05","19","2","","0","1","0","0","0"
"POINT (7.155318404000070 50.694391186000075)","Unfall 177491 (2023) Kat:3, Licht: 0","177491","3","3","5","05","08","2","","0","0","1","0","1"
"POINT (7.058240924000074 50.747748510000065)","Unfall 177558 (2023) Kat:3, Licht: 0","177558","3","4","6","05","11","1","","0","0","1","1","0"
"POINT (7.186543575000030 50.667080037000062)","Unfall 177604 (2023) Kat:2, Licht: 0","177604","2","1","0","05","15","7","","0","0","0","0","0"
"POINT (7.152603598000042 50.671410475000073)","Unfall 177675 (2023) Kat:3, Licht: 0","177675","3","3","0","05","07","6","","0","1","0","0","0"
"POINT (7.169353685000033 50.684366561000047)","Unfall 177676 (2023) Kat:3, Licht: 0","177676","3","3","5","05","07","6","","0","1","1","0","0"
"POINT (7.062037967000037 50.717395436000061)","Unfall 177678 (2023) Kat:3, Licht: 0","177678","3","3","6","05","11","6","","0","0","1","1","0"
"POINT (7.149688677000029 50.720862051000040)","Unfall 177715 (2023) Kat:3, Licht: 0","177715","3","6","8","06","20","7","","0","1","0","0","0"
"POINT (7.139573063000057 50.737298358000032)","Unfall 177716 (2023) Kat:3, Licht: 0","177716","3","3","5","06","20","7","","0","0","1","0","0"
"POINT (7.062896454000054 50.748162819000072)","Unfall 177717 (2023) Kat:3, Licht: 0","177717","3","3","5","06","17","7","","0","1","1","0","0"
"POINT (7.095090505000030 50.734719071000029)","Unfall 177718 (2023) Kat:3, Licht: 0","177718","3","1","0","06","18","7","","0","1","0","0","0"
"POINT (7.067139518000033 50.742152211000075)","Unfall 177719 (2023) Kat:3, Licht: 0","177719","3","1","0","06","12","7","","0","1","0","0","0"
"POINT (7.058158406000075 50.705401488000064)","Unfall 177786 (2023) Kat:3, Licht: 0","177786","3","3","5","06","09","6","","0","1","1","0","0"
"POINT (7.098588683000060 50.722219726000048)","Unfall 177853 (2023) Kat:3, Licht: 0","177853","3","2","5","06","19","5","","0","1","1","0","0"
"POINT (7.157541260000073 50.744092438000052)","Unfall 177911 (2023) Kat:3, Licht: 0","177911","3","5","0","06","08","5","","0","1","1","0","0"
"POINT (7.138649191000070 50.737151846000074)","Unfall 178037 (2023) Kat:3, Licht: 0","178037","3","2","5","05","16","3","","0","1","1","0","0"
"POINT (7.112779345000035 50.720000644000038)","Unfall 178149 (2023) Kat:2, Licht: 2","178149","2","1","0","05","01","1","","2","1","0","0","0"
"POINT (7.193006381000032 50.663732733000074)","Unfall 178150 (2023) Kat:3, Licht: 0","178150","3","6","3","05","12","1","","0","1","0","0","0"
"POINT (7.158497108000063 50.685525142000074)","Unfall 178151 (2023) Kat:3, Licht: 1","178151","3","7","0","05","04","1","","1","0","0","0","0"
"POINT (7.100979751000068 50.731707712000059)","Unfall 178153 (2023) Kat:3, Licht: 0","178153","3","3","0","05","11","1","","0","1","1","0","0"
"POINT (7.154225231000055 50.717940139000063)","Unfall 178207 (2023) Kat:3, Licht: 0","178207","3","1","8","05","21","7","","0","0","0","0","0"
"POINT (7.105224725000028 50.716863347000071)","Unfall 178208 (2023) Kat:3, Licht: 0","178208","3","3","5","05","18","7","","0","1","0","0","1"
"POINT (7.069291252000028 50.734181024000065)","Unfall 178209 (2023) Kat:3, Licht: 0","178209","3","7","0","05","11","7","","0","1","0","0","0"
"POINT (7.157868037000071 50.685338321000074)","Unfall 178299 (2023) Kat:3, Licht: 0","178299","3","7","0","05","17","6","","0","0","0","0","0"
"POINT (7.170707688000050 50.675187182000059)","Unfall 178300 (2023) Kat:3, Licht: 0","178300","3","2","5","05","06","6","","0","1","1","0","0"
"POINT (7.156887161000043 50.681929528000069)","Unfall 178301 (2023) Kat:3, Licht: 0","178301","3","4","6","05","17","6","","0","1","0","1","0"
"POINT (7.051304991000052 50.700502134000033)","Unfall 178303 (2023) Kat:3, Licht: 0","178303","3","2","2","05","17","6","","0","0","1","0","0"
"POINT (7.047447817000034 50.736057869000035)","Unfall 178306 (2023) Kat:3, Licht: 2","178306","3","3","5","05","21","6","","2","0","1","0","0"
"POINT (7.108878166000068 50.711123882000038)","Unfall 178402 (2023) Kat:3, Licht: 0","178402","3","2","5","05","16","5","","0","1","0","0","0"
"POINT (7.093400275000022 50.699469093000062)","Unfall 178403 (2023) Kat:2, Licht: 1","178403","2","4","6","05","21","5","","1","0","1","1","0"
"POINT (7.154988679000041 50.661782488000028)","Unfall 178471 (2023) Kat:3, Licht: 0","178471","3","1","8","05","11","4","","0","0","1","0","0"
"POINT (7.108238300000039 50.715253373000053)","Unfall 178475 (2023) Kat:3, Licht: 0","178475","3","3","5","05","13","4","","0","1","0","0","1"
"POINT (7.057094461000077 50.713750396000080)","Unfall 178553 (2023) Kat:3, Licht: 0","178553","3","3","5","05","17","3","","0","0","1","0","0"
"POINT (7.147197352000035 50.740830679000055)","Unfall 178554 (2023) Kat:3, Licht: 1","178554","3","3","5","05","21","3","","1","0","1","0","1"
"POINT (7.103987658000051 50.700549420000073)","Unfall 178556 (2023) Kat:3, Licht: 0","178556","3","7","6","05","13","3","","0","0","0","0","0"
"POINT (7.150627649000057 50.692526840000028)","Unfall 178620 (2023) Kat:3, Licht: 0","178620","3","3","5","05","19","2","","0","1","1","0","0"
"POINT (7.147822014000042 50.691138350000074)","Unfall 178622 (2023) Kat:3, Licht: 0","178622","3","2","0","05","13","2","","0","0","0","0","0"
"POINT (7.074550679000026 50.756701485000065)","Unfall 178624 (2023) Kat:3, Licht: 0","178624","3","3","5","05","16","2","","0","1","1","0","0"
"POINT (7.067107604000057 50.742236678000040)","Unfall 178625 (2023) Kat:3, Licht: 0","178625","3","3","8","05","16","2","","0","1","1","0","0"
"POINT (7.126463143000024 50.700158055000031)","Unfall 178776 (2023) Kat:3, Licht: 0","178776","3","5","1","06","07","5","","0","0","1","0","1"
"POINT (7.048009786000023 50.707229756000061)","Unfall 178777 (2023) Kat:3, Licht: 0","178777","3","3","5","06","13","5","","0","0","1","0","0"
"POINT (7.090984215000049 50.751107604000026)","Unfall 178778 (2023) Kat:2, Licht: 2","178778","2","1","0","06","22","5","","2","1","0","0","0"
"POINT (7.052983158000075 50.744361188000028)","Unfall 178779 (2023) Kat:3, Licht: 0","178779","3","3","5","06","10","5","","0","0","1","0","1"
"POINT (7.106732745000045 50.720816703000025)","Unfall 178780 (2023) Kat:3, Licht: 2","178780","3","2","5","06","18","5","","2","1","1","0","0"
"POINT (7.158353992000059 50.684993063000036)","Unfall 178868 (2023) Kat:3, Licht: 0","178868","3","3","5","06","13","4","","0","1","0","0","0"
"POINT (7.158441612000047 50.695783158000040)","Unfall 178962 (2023) Kat:2, Licht: 0","178962","2","4","6","06","18","3","","0","0","1","1","0"
"POINT (7.151491441000076 50.727219100000070)","Unfall 179047 (2023) Kat:3, Licht: 0","179047","3","5","1","06","16","2","","0","1","1","0","0"
"POINT (7.095858532000022 50.735950700000046)","Unfall 179048 (2023) Kat:3, Licht: 0","179048","3","1","0","06","08","2","","0","1","0","0","0"
"POINT (7.091680572000030 50.720780944000069)","Unfall 179049 (2023) Kat:3, Licht: 0","179049","3","7","0","06","11","2","","0","1","0","0","0"
"POINT (7.159312387000057 50.697212552000053)","Unfall 179126 (2023) Kat:3, Licht: 0","179126","3","3","5","06","09","1","","0","1","1","0","0"
"POINT (7.147575857000049 50.721344107000050)","Unfall 179127 (2023) Kat:3, Licht: 2","179127","3","1","8","06","01","1","","2","0","1","0","0"
"POINT (7.099844232000066 50.730534117000047)","Unfall 179129 (2023) Kat:3, Licht: 2","179129","3","7","0","06","22","1","","2","1","0","0","0"
"POINT (7.156044843000075 50.690901741000062)","Unfall 179182 (2023) Kat:2, Licht: 2","179182","2","6","2","06","03","7","","2","1","0","0","0"
"POINT (7.139232261000075 50.696370863000027)","Unfall 179183 (2023) Kat:3, Licht: 0","179183","3","2","5","06","17","7","","0","1","1","0","0"
"POINT (7.055418515000042 50.720101181000075)","Unfall 179184 (2023) Kat:3, Licht: 0","179184","3","3","5","06","18","7","","0","1","1","0","0"
"POINT (7.092791943000066 50.723004656000057)","Unfall 179186 (2023) Kat:3, Licht: 0","179186","3","6","2","06","11","7","","0","0","1","0","0"
"POINT (7.092682880000041 50.749015001000032)","Unfall 179229 (2023) Kat:3, Licht: 0","179229","3","3","5","06","12","5","","0","1","0","0","0"
"POINT (7.122926113000062 50.739945871000032)","Unfall 179262 (2023) Kat:3, Licht: 0","179262","3","1","0","06","17","6","","0","1","0","0","0"
"POINT (7.096036413000036 50.739129125000034)","Unfall 179263 (2023) Kat:3, Licht: 0","179263","3","5","1","06","17","6","","0","0","1","0","0"
"POINT (7.105815315000029 50.737013798000078)","Unfall 179264 (2023) Kat:2, Licht: 0","179264","2","5","1","06","17","6","","0","1","1","0","0"
"POINT (7.095000327000037 50.734267620000026)","Unfall 179268 (2023) Kat:3, Licht: 0","179268","3","1","0","06","12","6","","0","1","0","0","0"
"POINT (7.158207575000063 50.680175513000052)","Unfall 179329 (2023) Kat:3, Licht: 0","179329","3","2","5","06","16","5","","0","1","1","0","0"
"POINT (7.130291949000025 50.729100669000047)","Unfall 179331 (2023) Kat:3, Licht: 0","179331","3","7","1","06","10","5","","0","1","1","0","0"
"POINT (7.171843755000054 50.680659266000077)","Unfall 179402 (2023) Kat:3, Licht: 0","179402","3","2","5","06","15","4","","0","1","1","0","0"
"POINT (7.044644575000063 50.746182917000056)","Unfall 179404 (2023) Kat:3, Licht: 0","179404","3","3","2","06","14","4","","0","1","1","0","0"
"POINT (7.151677796000058 50.686428610000064)","Unfall 179502 (2023) Kat:3, Licht: 0","179502","3","6","3","06","17","3","","0","1","1","0","0"
"POINT (7.137947230000066 50.681942342000070)","Unfall 179504 (2023) Kat:3, Licht: 0","179504","3","5","1","06","15","3","","0","0","1","0","0"
"POINT (7.046138169000074 50.723394335000080)","Unfall 179505 (2023) Kat:3, Licht: 0","179505","3","3","5","06","07","3","","0","1","0","0","0"
"POINT (7.087322794000045 50.741227790000039)","Unfall 179506 (2023) Kat:2, Licht: 2","179506","2","7","9","06","01","3","","2","0","0","0","0"
"POINT (7.090000617000044 50.739472965000061)","Unfall 179509 (2023) Kat:3, Licht: 0","179509","3","3","5","06","12","3","","0","0","1","0","0"
"POINT (7.069394664000072 50.693375776000039)","Unfall 179624 (2023) Kat:3, Licht: 0","179624","3","6","2","06","15","2","","0","0","1","0","0"
"POINT (7.107148324000036 50.718758133000051)","Unfall 179625 (2023) Kat:3, Licht: 0","179625","3","6","2","06","15","2","","0","0","1","0","0"
"POINT (7.075619659000040 50.727013811000063)","Unfall 179626 (2023) Kat:3, Licht: 2","179626","3","4","6","06","00","2","","2","0","1","1","0"
"POINT (7.048186357000077 50.737637475000042)","Unfall 179627 (2023) Kat:3, Licht: 0","179627","3","3","5","06","11","2","","0","0","1","0","0"
"POINT (7.163861926000038 50.687862824000035)","Unfall 179700 (2023) Kat:3, Licht: 0","179700","3","3","5","06","15","1","","0","1","1","0","0"
"POINT (7.108617760000072 50.712639283000044)","Unfall 179744 (2023) Kat:3, Licht: 0","179744","3","2","6","06","16","6","","0","0","1","1","0"
"POINT (7.092037474000051 50.735344095000073)","Unfall 179804 (2023) Kat:3, Licht: 0","179804","3","2","5","06","09","5","","0","1","0","0","0"
"POINT (7.081589706000045 50.737197828000035)","Unfall 179805 (2023) Kat:3, Licht: 0","179805","3","6","1","06","14","5","","0","0","0","0","0"
"POINT (7.098270971000034 50.732560449000061)","Unfall 179896 (2023) Kat:3, Licht: 0","179896","3","7","6","06","12","3","","0","0","0","0","0"
"POINT (7.067525740000065 50.692090162000056)","Unfall 179946 (2023) Kat:3, Licht: 0","179946","3","7","6","06","09","2","","0","0","1","1","0"
"POINT (7.094013082000060 50.723110202000044)","Unfall 179948 (2023) Kat:3, Licht: 0","179948","3","3","5","06","08","2","","0","0","1","0","0"
"POINT (7.040350728000021 50.753147673000058)","Unfall 179949 (2023) Kat:3, Licht: 0","179949","3","1","0","06","15","2","","0","1","0","0","0"
"POINT (7.086094946000060 50.686399454000082)","Unfall 179950 (2023) Kat:3, Licht: 0","179950","3","6","6","06","19","2","","0","0","1","1","0"
"POINT (7.158644126000070 50.685691254000062)","Unfall 180007 (2023) Kat:3, Licht: 0","180007","3","7","0","06","18","1","","0","0","0","0","0"
"POINT (7.125397650000025 50.739955794000082)","Unfall 180008 (2023) Kat:3, Licht: 2","180008","3","1","0","06","00","1","","2","1","0","0","0"
"POINT (7.106062403000067 50.720899156000030)","Unfall 180009 (2023) Kat:3, Licht: 0","180009","3","6","2","06","18","1","","0","0","1","0","0"
"POINT (7.059200987000054 50.703779291000046)","Unfall 180059 (2023) Kat:3, Licht: 0","180059","3","3","5","06","12","7","","0","1","1","0","0"
"POINT (7.094966748000047 50.733576402000040)","Unfall 180060 (2023) Kat:3, Licht: 0","180060","3","1","0","06","18","7","","0","0","0","0","0"
"POINT (7.156887161000043 50.681929528000069)","Unfall 180130 (2023) Kat:3, Licht: 0","180130","3","3","5","06","18","6","","0","1","1","0","0"
"POINT (7.043031979000034 50.712029245000053)","Unfall 180131 (2023) Kat:2, Licht: 0","180131","2","3","5","06","14","6","","0","0","1","0","0"
"POINT (7.170471964000058 50.663030900000081)","Unfall 180209 (2023) Kat:3, Licht: 2","180209","3","7","0","06","00","5","","2","0","1","0","0"
"POINT (7.114959367000040 50.741224283000065)","Unfall 180212 (2023) Kat:3, Licht: 0","180212","3","3","5","06","11","5","","0","1","1","0","0"
"POINT (7.057843072000026 50.748088583000026)","Unfall 180213 (2023) Kat:3, Licht: 0","180213","3","3","0","06","16","5","","0","1","1","0","0"
"POINT (7.096542124000052 50.732597241000065)","Unfall 180214 (2023) Kat:3, Licht: 0","180214","3","1","0","06","12","5","","0","1","0","0","0"
"POINT (7.072720474000050 50.681025662000081)","Unfall 180288 (2023) Kat:3, Licht: 0","180288","3","6","4","06","18","4","","0","1","1","0","0"
"POINT (7.042188807000059 50.719721043000050)","Unfall 180289 (2023) Kat:3, Licht: 0","180289","3","3","5","06","16","4","","0","1","0","0","0"
"POINT (7.049064369000064 50.760334267000076)","Unfall 180290 (2023) Kat:2, Licht: 0","180290","2","1","0","06","15","4","","0","1","0","0","0"
"POINT (7.181134930000042 50.731984324000052)","Unfall 180397 (2023) Kat:2, Licht: 0","180397","2","5","1","06","13","3","","0","0","1","0","0"
"POINT (7.116393153000047 50.741480435000028)","Unfall 180500 (2023) Kat:3, Licht: 0","180500","3","3","5","06","18","2","","0","1","1","0","0"
"POINT (7.098160694000057 50.732360277000055)","Unfall 180501 (2023) Kat:3, Licht: 0","180501","3","7","6","06","16","2","","0","0","0","1","0"
"POINT (7.090850636000027 50.733776505000037)","Unfall 180654 (2023) Kat:3, Licht: 0","180654","3","3","0","06","20","7","","0","0","1","0","0"
"POINT (7.150207589000047 50.739810844000033)","Unfall 180743 (2023) Kat:3, Licht: 0","180743","3","1","0","06","18","6","","0","1","0","0","0"
"POINT (7.111634375000051 50.704887222000082)","Unfall 180746 (2023) Kat:2, Licht: 0","180746","2","1","0","06","14","6","","0","1","0","0","0"
"POINT (7.106102476000046 50.724104499000077)","Unfall 180747 (2023) Kat:3, Licht: 0","180747","3","4","6","06","14","6","","0","1","0","1","0"
"POINT (7.152926886000046 50.684725805000028)","Unfall 180839 (2023) Kat:3, Licht: 0","180839","3","7","0","07","11","2","","0","1","0","0","0"
"POINT (7.094587795000052 50.731966116000081)","Unfall 180842 (2023) Kat:3, Licht: 0","180842","3","1","0","07","19","2","","0","0","0","0","0"
"POINT (7.169679048000035 50.690084204000073)","Unfall 180891 (2023) Kat:3, Licht: 0","180891","3","4","6","07","11","1","","0","1","0","1","0"
"POINT (7.109270659000060 50.710061433000078)","Unfall 180894 (2023) Kat:3, Licht: 2","180894","3","3","5","07","22","1","","2","0","1","0","1"
"POINT (7.083056685000031 50.727716321000059)","Unfall 180895 (2023) Kat:3, Licht: 2","180895","3","1","0","07","02","1","","2","0","0","0","0"
"POINT (7.032418607000068 50.710785400000077)","Unfall 180982 (2023) Kat:2, Licht: 0","180982","2","4","6","07","19","6","","0","0","0","1","0"
"POINT (7.095006674000047 50.734286511000050)","Unfall 180984 (2023) Kat:3, Licht: 0","180984","3","1","0","07","17","6","","0","1","0","0","0"
"POINT (7.073626559000047 50.721484282000063)","Unfall 180985 (2023) Kat:3, Licht: 0","180985","3","3","5","07","10","6","","0","1","1","0","0"
"POINT (7.054022304000057 50.748505831000045)","Unfall 181045 (2023) Kat:3, Licht: 0","181045","3","3","5","07","16","5","","0","1","0","0","1"
"POINT (7.059018241000047 50.704074903000048)","Unfall 181109 (2023) Kat:3, Licht: 2","181109","3","1","8","07","04","4","","2","0","1","0","0"
"POINT (7.115327359000048 50.739987192000058)","Unfall 181110 (2023) Kat:3, Licht: 0","181110","3","1","0","07","18","4","","0","1","0","0","0"
"POINT (7.088190538000049 50.733626772000036)","Unfall 181111 (2023) Kat:3, Licht: 0","181111","3","7","0","07","20","4","","0","1","0","0","0"
"POINT (7.048189685000068 50.737648809000063)","Unfall 181112 (2023) Kat:3, Licht: 0","181112","3","4","6","07","08","4","","0","0","1","1","0"
"POINT (7.095125177000057 50.734959826000079)","Unfall 181113 (2023) Kat:3, Licht: 0","181113","3","3","5","07","19","4","","0","0","0","0","0"
"POINT (7.087783856000044 50.739707214000077)","Unfall 181114 (2023) Kat:3, Licht: 0","181114","3","2","5","07","21","4","","0","0","1","0","0"
"POINT (7.137954844000035 50.691773763000072)","Unfall 181171 (2023) Kat:3, Licht: 0","181171","3","2","5","07","17","3","","0","1","1","0","0"
"POINT (7.111033506000069 50.705596987000035)","Unfall 181173 (2023) Kat:3, Licht: 0","181173","3","1","0","07","15","3","","0","1","0","0","0"
"POINT (7.033537641000066 50.696390094000037)","Unfall 181237 (2023) Kat:3, Licht: 0","181237","3","3","5","07","10","2","","0","0","1","0","1"
"POINT (7.055822342000056 50.699860915000045)","Unfall 181238 (2023) Kat:3, Licht: 0","181238","3","3","5","07","11","2","","0","1","1","0","0"
"POINT (7.044078221000063 50.749915119000036)","Unfall 181239 (2023) Kat:3, Licht: 0","181239","3","3","5","07","17","2","","0","1","1","0","0"
"POINT (7.103006235000066 50.730337735000035)","Unfall 181250 (2023) Kat:3, Licht: 0","181250","3","3","0","07","07","5","","0","1","0","0","0"
"POINT (7.128973006000024 50.753363213000057)","Unfall 181293 (2023) Kat:3, Licht: 0","181293","3","1","0","07","18","1","","0","1","0","0","0"
"POINT (7.114674431000026 50.705829411000082)","Unfall 181297 (2023) Kat:3, Licht: 1","181297","3","4","6","07","18","1","","1","0","1","1","0"
"POINT (7.139210761000072 50.696511574000056)","Unfall 181340 (2023) Kat:3, Licht: 0","181340","3","3","2","07","14","7","","0","0","1","0","0"
"POINT (7.110506262000058 50.710054638000031)","Unfall 181411 (2023) Kat:3, Licht: 0","181411","3","1","1","07","19","6","","0","1","1","0","0"
"POINT (7.106114173000037 50.736052476000054)","Unfall 181414 (2023) Kat:3, Licht: 0","181414","3","3","5","07","17","6","","0","1","1","0","0"
"POINT (7.112680869000030 50.720101022000051)","Unfall 181415 (2023) Kat:3, Licht: 0","181415","3","1","7","07","19","6","","0","0","0","0","0"
"POINT (7.099988056000029 50.727487814000028)","Unfall 181416 (2023) Kat:3, Licht: 0","181416","3","1","0","07","09","6","","0","1","0","0","0"
"POINT (7.112172885000064 50.697306846000060)","Unfall 181503 (2023) Kat:2, Licht: 0","181503","2","7","8","07","15","5","","0","1","0","0","0"
"POINT (7.132887775000029 50.714148720000026)","Unfall 181564 (2023) Kat:3, Licht: 0","181564","3","6","2","07","17","4","","0","0","1","0","0"
"POINT (7.164815056000066 50.695784599000035)","Unfall 181565 (2023) Kat:3, Licht: 2","181565","3","5","1","07","22","4","","2","0","1","0","0"
"POINT (7.139441607000037 50.696336503000055)","Unfall 181566 (2023) Kat:3, Licht: 0","181566","3","4","6","07","08","4","","0","0","1","1","0"
"POINT (7.155793239000047 50.683590566000078)","Unfall 181567 (2023) Kat:3, Licht: 0","181567","3","6","2","07","11","4","","0","0","1","0","0"
"POINT (7.156900943000039 50.681939217000036)","Unfall 181624 (2023) Kat:3, Licht: 0","181624","3","3","5","07","16","3","","0","1","1","0","0"
"POINT (7.087527269000020 50.722155279000049)","Unfall 181629 (2023) Kat:3, Licht: 0","181629","3","2","5","07","16","3","","0","1","1","0","0"
"POINT (7.087657696000065 50.739710833000061)","Unfall 181630 (2023) Kat:2, Licht: 0","181630","2","2","5","07","15","3","","0","0","1","0","1"
"POINT (7.152472747000047 50.746244121000075)","Unfall 181693 (2023) Kat:3, Licht: 0","181693","3","7","5","07","16","2","","0","0","1","0","0"
"POINT (7.124033468000050 50.708712628000058)","Unfall 181753 (2023) Kat:3, Licht: 0","181753","3","1","0","07","20","1","","0","1","0","0","0"
"POINT (7.094958548000022 50.727004189000070)","Unfall 181802 (2023) Kat:3, Licht: 0","181802","3","7","8","07","16","7","","0","0","1","0","0"
"POINT (7.064560085000039 50.746678132000056)","Unfall 181803 (2023) Kat:3, Licht: 0","181803","3","6","2","07","12","7","","0","0","1","0","0"
"POINT (7.118950299000062 50.739058616000079)","Unfall 181852 (2023) Kat:3, Licht: 0","181852","3","1","0","08","10","2","","0","1","0","0","0"
"POINT (7.098160694000057 50.732360277000055)","Unfall 181853 (2023) Kat:2, Licht: 0","181853","2","4","0","08","14","2","","0","0","0","1","0"
"POINT (7.119890057000021 50.704311451000081)","Unfall 181927 (2023) Kat:3, Licht: 0","181927","3","7","0","08","16","1","","0","0","0","0","0"
"POINT (7.072249396000075 50.683953747000032)","Unfall 181933 (2023) Kat:3, Licht: 0","181933","3","7","0","08","12","7","","0","1","0","0","0"
"POINT (7.166809061000038 50.747009361000039)","Unfall 181934 (2023) Kat:3, Licht: 2","181934","3","4","6","08","21","7","","2","0","1","1","0"
"POINT (7.104326172000071 50.721752764000030)","Unfall 181935 (2023) Kat:2, Licht: 1","181935","2","1","0","08","20","7","","1","1","0","0","0"
"POINT (7.100114979000068 50.732016581000039)","Unfall 181936 (2023) Kat:3, Licht: 0","181936","3","4","6","08","18","7","","0","0","0","1","0"
"POINT (7.054565113000024 50.712053305000040)","Unfall 181988 (2023) Kat:3, Licht: 0","181988","3","2","2","08","17","6","","0","0","1","0","0"
"POINT (7.050519768000072 50.744969263000030)","Unfall 181990 (2023) Kat:3, Licht: 0","181990","3","3","5","08","15","6","","0","1","1","0","0"
"POINT (7.149311555000054 50.741302078000047)","Unfall 182099 (2023) Kat:3, Licht: 0","182099","3","1","0","08","17","4","","0","1","0","0","0"
"POINT (7.100197505000040 50.727703972000029)","Unfall 182101 (2023) Kat:3, Licht: 0","182101","3","1","0","08","15","4","","0","1","0","0","0"
"POINT (7.183288970000035 50.660090112000034)","Unfall 182208 (2023) Kat:3, Licht: 0","182208","3","6","2","07","14","2","","0","0","1","0","0"
"POINT (7.068479734000050 50.679228126000055)","Unfall 182254 (2023) Kat:3, Licht: 0","182254","3","3","5","07","12","1","","0","1","0","0","0"
"POINT (7.083983159000070 50.740014267000049)","Unfall 182255 (2023) Kat:3, Licht: 0","182255","3","1","0","07","11","1","","0","1","0","0","0"
"POINT (7.162206059000027 50.716620360000036)","Unfall 182289 (2023) Kat:3, Licht: 0","182289","3","1","0","07","12","7","","0","1","0","0","0"
"POINT (7.085773895000045 50.755611844000043)","Unfall 182395 (2023) Kat:3, Licht: 0","182395","3","2","5","07","13","5","","0","0","1","0","1"
"POINT (7.064670020000051 50.746658009000043)","Unfall 182396 (2023) Kat:3, Licht: 0","182396","3","6","2","07","14","5","","0","0","1","0","0"
"POINT (7.148306084000069 50.687464897000041)","Unfall 182453 (2023) Kat:3, Licht: 0","182453","3","3","5","07","19","4","","0","0","1","0","1"
"POINT (7.092355499000064 50.739525764000064)","Unfall 182454 (2023) Kat:3, Licht: 0","182454","3","3","5","07","16","4","","0","1","1","0","0"
"POINT (7.160735089000070 50.693127862000040)","Unfall 182496 (2023) Kat:3, Licht: 0","182496","3","4","6","07","09","3","","0","0","1","1","0"
"POINT (7.144971944000076 50.689604820000056)","Unfall 182540 (2023) Kat:3, Licht: 0","182540","3","1","0","07","16","2","","0","1","0","0","0"
"POINT (7.095112347000054 50.734871496000039)","Unfall 182587 (2023) Kat:3, Licht: 0","182587","3","1","0","07","09","1","","0","1","0","0","0"
"POINT (7.150658548000024 50.687011469000026)","Unfall 182622 (2023) Kat:3, Licht: 0","182622","3","7","6","07","17","7","","0","0","0","1","0"
"POINT (7.050333530000046 50.715934633000074)","Unfall 182623 (2023) Kat:3, Licht: 0","182623","3","7","1","07","14","7","","0","0","0","0","1"
"POINT (7.148088614000073 50.733723692000069)","Unfall 182624 (2023) Kat:2, Licht: 2","182624","2","7","0","07","22","7","","2","1","0","0","0"
"POINT (7.159981633000029 50.726067240000077)","Unfall 182625 (2023) Kat:3, Licht: 0","182625","3","3","5","07","11","7","","0","1","1","0","0"
"POINT (7.153528290000054 50.682185421000042)","Unfall 182638 (2023) Kat:3, Licht: 0","182638","3","2","5","07","17","1","","0","0","1","0","0"
"POINT (7.135944680000023 50.699293594000039)","Unfall 182673 (2023) Kat:3, Licht: 0","182673","3","3","5","07","12","6","","0","1","1","0","0"
"POINT (7.132796227000028 50.711234605000072)","Unfall 182674 (2023) Kat:3, Licht: 0","182674","3","5","1","07","07","6","","0","1","1","0","0"
"POINT (7.144997212000021 50.706755675000068)","Unfall 182675 (2023) Kat:2, Licht: 2","182675","2","1","0","07","21","6","","2","0","0","0","0"
"POINT (7.105680235000023 50.731241490000059)","Unfall 182677 (2023) Kat:3, Licht: 0","182677","3","3","0","07","14","6","","0","0","1","0","1"