WKT,Name,OBJECTID,UKATEGORIE,UTYP1,UART,UMONAT,USTUNDE,UWOCHENTAG,STRZUSTAND,ULICHTVERH,ISTRAD,ISTPKW,ISTFUSS,ISTKRAD
"POINT (7.125368631000072 50.760631144000058)","Unfall 182759 (2023) Kat:3, Licht: 0","182759","3","3","5","08","12","4","","0","0","1","0","0"
"POINT (7.139354815000047 50.696407827000030)","Unfall 182800 (2023) Kat:3, Licht: 0","182800","3","2","5","07","14","4","","0","0","1","0","0"
"POINT (7.069017553000037 50.734136649000050)","Unfall 182801 (2023) Kat:3, Licht: 0","182801","3","2","5","07","12","4","","0","1","1","0","0"
"POINT (7.100638851000042 50.727820149000081)","Unfall 182802 (2023) Kat:3, Licht: 0","182802","3","1","0","07","08","4","","0","1","0","0","0"
"POINT (7.106593613000030 50.712524528000074)","Unfall 182820 (2023) Kat:3, Licht: 1","182820","3","4","6","07","19","4","","1","1","0","1","0"
"POINT (7.091671139000027 50.744007485000054)","Unfall 182867 (2023) Kat:2, Licht: 0","182867","2","5","1","07","13","3","","0","1","1","0","0"
"POINT (7.146984782000061 50.757729647000076)","Unfall 182913 (2023) Kat:2, Licht: 0","182913","2","1","0","08","14","1","","0","1","0","0","0"
"POINT (7.128399303000037 50.698434968000072)","Unfall 183017 (2023) Kat:3, Licht: 0","183017","3","6","2","08","14","6","","0","0","1","0","0"
"POINT (7.167618322000067 50.750617411000064)","Unfall 183020 (2023) Kat:3, Licht: 2","183020","3","3","5","08","23","6","","2","0","1","0","0"
"POINT (7.166153985000051 50.688927412000055)","Unfall 183089 (2023) Kat:3, Licht: 0","183089","3","2","5","08","11","5","","0","1","1","0","0"
"POINT (7.115043911000043 50.740415127000063)","Unfall 183090 (2023) Kat:3, Licht: 0","183090","3","3","5","08","11","5","","0","1","1","0","0"
"POINT (7.050925366000058 50.745056486000067)","Unfall 183091 (2023) Kat:3, Licht: 0","183091","3","3","5","08","08","5","","0","1","0","0","0"
"POINT (7.094824091000021 50.726889215000028)","Unfall 183092 (2023) Kat:3, Licht: 0","183092","3","5","6","08","16","5","","0","0","0","1","0"
"POINT (7.099619417000042 50.730659144000072)","Unfall 183093 (2023) Kat:3, Licht: 0","183093","3","1","0","08","15","5","","0","0","0","0","1"
"POINT (7.107919114000026 50.716736208000043)","Unfall 183094 (2023) Kat:3, Licht: 0","183094","3","2","5","08","16","5","","0","1","1","0","0"
"POINT (7.192638150000050 50.660206707000043)","Unfall 183175 (2023) Kat:3, Licht: 0","183175","3","2","0","08","18","4","","0","0","0","0","0"
"POINT (7.089273598000034 50.730428934000031)","Unfall 183176 (2023) Kat:3, Licht: 0","183176","3","2","0","08","12","4","","0","1","0","0","0"
"POINT (7.119389336000040 50.715316630000075)","Unfall 183243 (2023) Kat:3, Licht: 0","183243","3","1","0","08","13","3","","0","0","0","0","0"
"POINT (7.072764995000057 50.737172422000071)","Unfall 183246 (2023) Kat:3, Licht: 0","183246","3","3","0","08","07","3","","0","1","0","0","0"
"POINT (7.102633841000056 50.716463612000041)","Unfall 183247 (2023) Kat:3, Licht: 0","183247","3","3","0","08","16","3","","0","0","0","0","1"
"POINT (7.154291282000031 50.686301609000054)","Unfall 183336 (2023) Kat:3, Licht: 0","183336","3","3","5","08","18","2","","0","1","1","0","0"
"POINT (7.045259312000042 50.715803729000072)","Unfall 183339 (2023) Kat:3, Licht: 0","183339","3","7","3","08","16","2","","0","0","1","0","0"
"POINT (7.094488296000065 50.722669860000053)","Unfall 183413 (2023) Kat:2, Licht: 2","183413","2","5","1","08","00","1","","2","0","1","0","0"
"POINT (7.054573534000042 50.712058335000052)","Unfall 183469 (2023) Kat:3, Licht: 0","183469","3","1","0","08","19","7","","0","1","0","0","0"
"POINT (7.070235947000072 50.682224509000037)","Unfall 183470 (2023) Kat:3, Licht: 0","183470","3","7","6","08","16","7","","0","0","1","1","0"
"POINT (7.087347936000072 50.747580488000040)","Unfall 183471 (2023) Kat:3, Licht: 2","183471","3","1","0","08","01","7","","2","1","0","0","0"
"POINT (7.095694814000069 50.737311481000063)","Unfall 183472 (2023) Kat:2, Licht: 2","183472","2","1","0","08","00","7","","2","1","0","0","0"
"POINT (7.112724740000033 50.703213711000046)","Unfall 183550 (2023) Kat:3, Licht: 2","183550","3","1","0","08","22","6","","2","1","0","0","0"
"POINT (7.144970153000031 50.689603214000044)","Unfall 183649 (2023) Kat:3, Licht: 0","183649","3","2","5","08","16","5","","0","1","1","0","0"
"POINT (7.055513218000044 50.752505919000043)","Unfall 183652 (2023) Kat:3, Licht: 0","183652","3","1","0","08","19","5","","0","0","0","0","1"
"POINT (7.096021541000027 50.735327482000059)","Unfall 183653 (2023) Kat:3, Licht: 0","183653","3","1","0","08","18","5","","0","1","0","0","0"
"POINT (7.144034425000029 50.722290140000041)","Unfall 183750 (2023) Kat:2, Licht: 2","183750","2","7","9","08","02","4","","2","0","1","0","0"
"POINT (7.095007001000056 50.734287481000081)","Unfall 183828 (2023) Kat:3, Licht: 2","183828","3","1","0","08","22","3","","2","1","0","0","0"
"POINT (7.087915132000035 50.739694824000026)","Unfall 183843 (2023) Kat:3, Licht: 0","183843","3","2","6","08","07","3","","0","0","1","1","0"
"POINT (7.143122759000050 50.689992650000079)","Unfall 183948 (2023) Kat:3, Licht: 0","183948","3","6","2","09","13","7","","0","0","1","0","1"
"POINT (7.159808795000060 50.681867830000044)","Unfall 183949 (2023) Kat:3, Licht: 0","183949","3","3","5","09","15","7","","0","0","1","0","0"
"POINT (7.165865616000076 50.749862607000068)","Unfall 183951 (2023) Kat:3, Licht: 0","183951","3","1","0","09","17","7","","0","1","0","0","0"
"POINT (7.104182116000061 50.728834089000031)","Unfall 183952 (2023) Kat:3, Licht: 0","183952","3","1","0","09","15","7","","0","0","0","0","0"
"POINT (7.082547007000073 50.697642582000071)","Unfall 183953 (2023) Kat:3, Licht: 2","183953","3","7","0","09","02","7","","2","0","0","0","0"
"POINT (7.159837957000036 50.681791258000032)","Unfall 184030 (2023) Kat:3, Licht: 0","184030","3","3","5","09","15","6","","0","0","1","0","1"
"POINT (7.054058498000074 50.711816425000052)","Unfall 184031 (2023) Kat:3, Licht: 0","184031","3","7","0","09","10","6","","0","0","0","0","0"
"POINT (7.158004287000040 50.695588565000037)","Unfall 184108 (2023) Kat:3, Licht: 0","184108","3","3","5","08","09","5","","0","1","1","0","0"
"POINT (7.126308563000066 50.710408227000073)","Unfall 184109 (2023) Kat:3, Licht: 0","184109","3","6","6","08","13","5","","0","1","0","1","0"
"POINT (7.180860074000066 50.669043401000067)","Unfall 184110 (2023) Kat:3, Licht: 0","184110","3","7","0","08","16","5","","0","0","0","0","0"
"POINT (7.091978590000053 50.744037755000079)","Unfall 184111 (2023) Kat:2, Licht: 0","184111","2","5","0","08","13","5","","0","1","0","0","0"
"POINT (7.116013374000033 50.745467402000031)","Unfall 184149 (2023) Kat:3, Licht: 0","184149","3","5","5","08","15","5","","0","0","1","0","0"
"POINT (7.113001061000034 50.721448897000073)","Unfall 184192 (2023) Kat:3, Licht: 0","184192","3","5","1","08","08","4","","0","1","1","0","0"
"POINT (7.166454293000072 50.673918649000029)","Unfall 184269 (2023) Kat:3, Licht: 0","184269","3","2","5","08","12","3","","0","0","1","0","1"
"POINT (7.062954243000036 50.722034834000056)","Unfall 184271 (2023) Kat:3, Licht: 0","184271","3","7","0","08","15","3","","0","1","0","0","0"
"POINT (7.060800164000057 50.716282831000058)","Unfall 184272 (2023) Kat:3, Licht: 1","184272","3","4","6","08","07","3","","1","0","0","1","0"
"POINT (7.155939636000028 50.683406327000057)","Unfall 184333 (2023) Kat:3, Licht: 0","184333","3","2","0","08","08","2","","0","0","1","0","0"
"POINT (7.168704054000045 50.684576565000043)","Unfall 184334 (2023) Kat:3, Licht: 0","184334","3","7","0","08","15","2","","0","0","1","0","0"
"POINT (7.155481925000061 50.751705933000039)","Unfall 184335 (2023) Kat:3, Licht: 0","184335","3","3","5","08","16","2","","0","1","1","0","0"
"POINT (7.148595388000047 50.703466818000038)","Unfall 184395 (2023) Kat:3, Licht: 0","184395","3","1","0","08","17","1","","0","1","0","0","0"
"POINT (7.058504516000028 50.703775284000073)","Unfall 184397 (2023) Kat:3, Licht: 0","184397","3","3","0","08","16","1","","0","0","1","0","0"
"POINT (7.176839746000041 50.749319283000034)","Unfall 184462 (2023) Kat:2, Licht: 0","184462","2","3","5","08","10","7","","0","0","1","0","1"
"POINT (7.097808344000043 50.734498244000065)","Unfall 184464 (2023) Kat:3, Licht: 2","184464","3","1","0","08","02","7","","2","0","0","0","0"
"POINT (7.104352034000044 50.728627636000056)","Unfall 184503 (2023) Kat:2, Licht: 2","184503","2","6","3","08","04","7","","2","1","0","0","0"
"POINT (7.202616526000043 50.741554575000066)","Unfall 184635 (2023) Kat:3, Licht: 0","184635","3","5","4","08","18","5","","0","0","1","0","1"
"POINT (7.138728451000077 50.682548843000063)","Unfall 184723 (2023) Kat:3, Licht: 0","184723","3","4","6","08","07","4","","0","1","1","1","0"
"POINT (7.167470786000024 50.689446120000071)","Unfall 184724 (2023) Kat:2, Licht: 0","184724","2","2","5","08","20","4","","0","1","1","0","0"
"POINT (7.158284082000023 50.683686863000048)","Unfall 184725 (2023) Kat:3, Licht: 0","184725","3","6","2","08","18","4","","0","0","1","0","0"
"POINT (7.125779581000074 50.740867697000056)","Unfall 184727 (2023) Kat:3, Licht: 0","184727","3","2","2","08","06","4","","0","0","1","0","0"
"POINT (7.097873203000063 50.721260900000061)","Unfall 184729 (2023) Kat:3, Licht: 0","184729","3","3","5","08","18","4","","0","0","1","0","1"
"POINT (7.140631355000039 50.694880540000042)","Unfall 184822 (2023) Kat:3, Licht: 0","184822","3","2","2","08","15","3","","0","0","1","0","0"
"POINT (7.163988299000039 50.694173812000031)","Unfall 184825 (2023) Kat:3, Licht: 0","184825","3","5","5","08","15","3","","0","1","1","0","0"
"POINT (7.153296102000070 50.745613678000041)","Unfall 184826 (2023) Kat:3, Licht: 0","184826","3","5","1","08","17","3","","0","1","1","0","0"
"POINT (7.069597312000042 50.724921616000074)","Unfall 184827 (2023) Kat:3, Licht: 0","184827","3","3","5","08","14","3","","0","1","1","0","0"
"POINT (7.095022574000041 50.743373996000059)","Unfall 184828 (2023) Kat:3, Licht: 0","184828","3","3","5","08","13","3","","0","1","1","0","0"
"POINT (7.098371431000032 50.735265427000058)","Unfall 184896 (2023) Kat:2, Licht: 2","184896","2","7","0","08","22","5","","2","1","0","0","0"
"POINT (7.154134341000031 50.717986285000052)","Unfall 184933 (2023) Kat:3, Licht: 0","184933","3","1","0","08","17","2","","0","0","0","0","0"
"POINT (7.099891614000057 50.732803854000053)","Unfall 184934 (2023) Kat:3, Licht: 0","184934","3","7","6","08","08","2","","0","0","1","1","0"
"POINT (7.081494368000051 50.744423447000031)","Unfall 184935 (2023) Kat:3, Licht: 0","184935","3","2","2","08","10","2","","0","0","1","0","0"
"POINT (7.058964346000039 50.753609239000070)","Unfall 184936 (2023) Kat:3, Licht: 0","184936","3","3","5","08","12","2","","0","0","1","0","0"
"POINT (7.126362844000028 50.709336753000059)","Unfall 184983 (2023) Kat:3, Licht: 0","184983","3","3","5","09","13","5","","0","1","1","0","0"
"POINT (7.155396179000036 50.684290753000028)","Unfall 184984 (2023) Kat:3, Licht: 0","184984","3","7","0","09","11","5","","0","1","0","0","0"
"POINT (7.080460021000022 50.723014170000056)","Unfall 184985 (2023) Kat:3, Licht: 0","184985","3","6","2","09","08","5","","0","0","1","1","0"
"POINT (7.122213059000046 50.721137792000036)","Unfall 185058 (2023) Kat:3, Licht: 0","185058","3","6","9","09","10","4","","0","0","0","0","0"
"POINT (7.140639858000043 50.694873006000080)","Unfall 185059 (2023) Kat:3, Licht: 0","185059","3","3","5","09","10","4","","0","0","1","0","0"
"POINT (7.100979751000068 50.731707712000059)","Unfall 185060 (2023) Kat:2, Licht: 2","185060","2","1","0","09","20","4","","2","0","0","0","0"
"POINT (7.132257609000021 50.701682888000050)","Unfall 185132 (2023) Kat:3, Licht: 0","185132","3","2","5","09","09","3","","0","1","1","0","0"
"POINT (7.152074803000062 50.666319151000039)","Unfall 185133 (2023) Kat:3, Licht: 1","185133","3","2","8","09","19","3","","1","0","1","0","0"
"POINT (7.148815509000030 50.684237274000054)","Unfall 185134 (2023) Kat:3, Licht: 0","185134","3","6","2","09","11","3","","0","0","1","0","0"
"POINT (7.116680026000040 50.719286403000069)","Unfall 185200 (2023) Kat:3, Licht: 0","185200","3","6","2","09","17","2","","0","0","1","0","0"
"POINT (7.137000808000039 50.740272329000049)","Unfall 185202 (2023) Kat:3, Licht: 2","185202","3","3","0","09","01","2","","2","0","1","0","1"
"POINT (7.155854446000035 50.718555041000059)","Unfall 185203 (2023) Kat:3, Licht: 0","185203","3","1","0","09","17","2","","0","1","0","0","0"
"POINT (7.067940000000021 50.735270882000066)","Unfall 185206 (2023) Kat:3, Licht: 0","185206","3","3","5","09","07","2","","0","1","1","0","0"
"POINT (7.162588900000060 50.702231381000047)","Unfall 185266 (2023) Kat:3, Licht: 0","185266","3","1","0","09","16","1","","0","1","0","0","0"
"POINT (7.167160124000077 50.751424478000047)","Unfall 185348 (2023) Kat:3, Licht: 0","185348","3","1","0","09","18","7","","0","1","0","0","0"
"POINT (7.160388099000045 50.747134735000031)","Unfall 185349 (2023) Kat:3, Licht: 0","185349","3","7","6","09","14","7","","0","0","1","1","0"
"POINT (7.097874541000067 50.729289779000055)","Unfall 185350 (2023) Kat:3, Licht: 0","185350","3","2","5","09","10","7","","0","1","1","0","0"
"POINT (7.156056892000038 50.683371606000037)","Unfall 185424 (2023) Kat:3, Licht: 0","185424","3","7","0","09","16","6","","0","0","0","0","0"
"POINT (7.160532538000041 50.747109824000063)","Unfall 185428 (2023) Kat:3, Licht: 0","185428","3","7","6","09","20","6","","0","0","1","1","0"
"POINT (7.116116873000067 50.742849514000056)","Unfall 185429 (2023) Kat:3, Licht: 0","185429","3","6","0","09","10","6","","0","1","0","1","0"
"POINT (7.111615201000063 50.704909257000054)","Unfall 185448 (2023) Kat:3, Licht: 0","185448","3","4","0","09","15","3","","0","0","0","1","0"
"POINT (7.141787244000056 50.690480701000070)","Unfall 185535 (2023) Kat:3, Licht: 0","185535","3","2","3","09","13","5","","0","1","1","0","0"
"POINT (7.045265784000037 50.715798116000030)","Unfall 185537 (2023) Kat:3, Licht: 0","185537","3","6","3","09","07","5","","0","0","1","0","0"
"POINT (7.107742727000073 50.720646950000059)","Unfall 185539 (2023) Kat:3, Licht: 1","185539","3","3","0","09","18","5","","1","1","1","0","0"
"POINT (7.040048743000057 50.750330330000054)","Unfall 185540 (2023) Kat:3, Licht: 0","185540","3","3","0","09","15","5","","0","1","0","0","0"
"POINT (7.071687574000066 50.735324830000081)","Unfall 185541 (2023) Kat:3, Licht: 0","185541","3","4","6","09","18","5","","0","0","1","1","0"
"POINT (7.121764758000040 50.737215368000079)","Unfall 185648 (2023) Kat:3, Licht: 0","185648","3","3","5","09","11","4","","0","1","1","0","0"
"POINT (7.121482776000050 50.741128642000035)","Unfall 185650 (2023) Kat:3, Licht: 0","185650","3","6","2","09","12","4","","0","1","1","0","0"
"POINT (7.144072246000064 50.722280086000069)","Unfall 185651 (2023) Kat:3, Licht: 0","185651","3","1","0","09","16","4","","0","0","0","0","1"
"POINT (7.080944076000037 50.742809784000031)","Unfall 185653 (2023) Kat:3, Licht: 0","185653","3","2","6","09","08","4","","0","0","1","1","0"
"POINT (7.097886196000047 50.737750581000057)","Unfall 185654 (2023) Kat:2, Licht: 0","185654","2","1","0","09","13","4","","0","1","0","0","0"
"POINT (7.055717413000025 50.748322342000051)","Unfall 185655 (2023) Kat:3, Licht: 0","185655","3","5","1","09","13","4","","0","0","1","0","0"
"POINT (7.048133546000031 50.737457685000038)","Unfall 185744 (2023) Kat:3, Licht: 0","185744","3","1","0","09","11","2","","0","0","0","0","0"
"POINT (7.156101098000022 50.679293964000067)","Unfall 185762 (2023) Kat:2, Licht: 0","185762","2","7","0","09","10","3","","0","0","0","0","0"
"POINT (7.149506906000056 50.683901403000050)","Unfall 185763 (2023) Kat:3, Licht: 0","185763","3","2","6","09","15","3","","0","0","1","1","0"
"POINT (7.121635462000029 50.737064485000076)","Unfall 185764 (2023) Kat:3, Licht: 0","185764","3","2","2","09","12","3","","0","1","1","0","0"
"POINT (7.083974237000064 50.740017910000063)","Unfall 185766 (2023) Kat:2, Licht: 0","185766","2","3","5","09","08","3","","0","1","1","0","0"
"POINT (7.091259630000025 50.753231041000049)","Unfall 185767 (2023) Kat:3, Licht: 0","185767","3","5","1","09","19","3","","0","0","1","0","0"
"POINT (7.100750484000059 50.731803494000076)","Unfall 185768 (2023) Kat:3, Licht: 0","185768","3","6","0","09","09","3","","0","1","0","0","0"
"POINT (7.094030109000073 50.737882752000075)","Unfall 185878 (2023) Kat:3, Licht: 0","185878","3","7","0","09","09","2","","0","0","1","0","0"
"POINT (7.085552323000059 50.755709963000072)","Unfall 185879 (2023) Kat:3, Licht: 0","185879","3","3","5","09","16","2","","0","1","0","0","0"
"POINT (7.152789207000069 50.726501632000065)","Unfall 185971 (2023) Kat:3, Licht: 0","185971","3","4","6","09","16","1","","0","1","0","1","0"
"POINT (7.171319845000028 50.690848784000082)","Unfall 186042 (2023) Kat:3, Licht: 0","186042","3","7","5","09","14","4","","0","1","1","0","0"
"POINT (7.159842288000050 50.681795667000074)","Unfall 186043 (2023) Kat:3, Licht: 2","186043","3","3","5","09","20","4","","2","0","1","0","0"
"POINT (7.170340515000021 50.670333747000029)","Unfall 186044 (2023) Kat:3, Licht: 1","186044","3","1","9","09","19","4","","1","0","1","0","0"
"POINT (7.137049627000067 50.740318824000042)","Unfall 186046 (2023) Kat:2, Licht: 0","186046","2","3","5","09","11","4","","0","1","0","0","0"
"POINT (7.081290166000031 50.727129703000060)","Unfall 186186 (2023) Kat:2, Licht: 0","186186","2","5","1","09","17","2","","0","1","1","0","0"
"POINT (7.058609797000031 50.735335824000060)","Unfall 186187 (2023) Kat:3, Licht: 0","186187","3","7","8","09","07","2","","0","0","0","0","1"
"POINT (7.104196408000064 50.721084404000067)","Unfall 186188 (2023) Kat:3, Licht: 2","186188","3","7","0","09","20","2","","2","1","0","0","0"
"POINT (7.110504171000059 50.730083742000033)","Unfall 186190 (2023) Kat:3, Licht: 0","186190","3","7","0","09","16","2","","0","1","0","0","0"
"POINT (7.180141745000071 50.732983610000076)","Unfall 186201 (2023) Kat:3, Licht: 0","186201","3","3","5","09","16","3","","0","1","1","0","0"
"POINT (7.060751198000048 50.697525037000048)","Unfall 186261 (2023) Kat:2, Licht: 0","186261","2","1","0","09","15","1","","0","1","0","0","0"
"POINT (7.079916234000052 50.754674034000061)","Unfall 186262 (2023) Kat:3, Licht: 0","186262","3","5","0","09","15","1","","0","1","1","0","0"
"POINT (7.140566379000063 50.703305940000064)","Unfall 186311 (2023) Kat:3, Licht: 0","186311","3","3","5","09","18","7","","0","0","1","0","0"
"POINT (7.044638997000050 50.714178418000074)","Unfall 186313 (2023) Kat:3, Licht: 0","186313","3","2","5","09","15","7","","0","0","1","0","1"
"POINT (7.115110021000021 50.740425644000027)","Unfall 186314 (2023) Kat:3, Licht: 0","186314","3","2","5","09","12","7","","0","1","1","0","0"
"POINT (7.166880841000022 50.743527271000062)","Unfall 186315 (2023) Kat:3, Licht: 0","186315","3","1","3","09","12","7","","0","1","1","0","0"
"POINT (7.074340917000029 50.749621575000049)","Unfall 186316 (2023) Kat:3, Licht: 2","186316","3","7","0","09","21","7","","2","1","0","0","0"
"POINT (7.076185066000050 50.726561813000046)","Unfall 186317 (2023) Kat:3, Licht: 2","186317","3","1","8","09","02","7","","2","0","0","0","0"
"POINT (7.160919864000050 50.680011611000054)","Unfall 186371 (2023) Kat:3, Licht: 0","186371","3","2","5","09","07","6","","0","0","1","0","0"
"POINT (7.098178673000064 50.732114218000049)","Unfall 186409 (2023) Kat:3, Licht: 0","186409","3","1","0","09","11","6","","0","1","0","0","0"
"POINT (7.106228390000069 50.725086452000028)","Unfall 186463 (2023) Kat:3, Licht: 0","186463","3","4","6","09","17","5","","0","1","0","1","0"
"POINT (7.095240861000036 50.735731132000069)","Unfall 186464 (2023) Kat:3, Licht: 0","186464","3","6","6","09","17","5","","0","0","0","1","0"
"POINT (7.134769082000048 50.725935277000076)","Unfall 186526 (2023) Kat:2, Licht: 0","186526","2","5","1","09","08","4","","0","1","1","0","0"
"POINT (7.096426739000037 50.739645774000053)","Unfall 186528 (2023) Kat:3, Licht: 0","186528","3","7","6","09","15","4","","0","0","1","1","0"
"POINT (7.082293093000033 50.738066104000040)","Unfall 186529 (2023) Kat:3, Licht: 0","186529","3","7","6","09","13","4","","0","0","1","1","0"
"POINT (7.067724474000045 50.712998363000054)","Unfall 186610 (2023) Kat:3, Licht: 2","186610","3","1","0","09","23","3","","2","1","0","0","0"
"POINT (7.110410097000056 50.716923231000067)","Unfall 186611 (2023) Kat:3, Licht: 0","186611","3","3","0","09","11","3","","0","1","1","0","0"
"POINT (7.070395469000061 50.737453720000076)","Unfall 186612 (2023) Kat:2, Licht: 2","186612","2","1","0","09","04","3","","2","0","0","0","1"
"POINT (7.089475247000053 50.752647334000073)","Unfall 186613 (2023) Kat:3, Licht: 0","186613","3","6","2","09","09","3","","0","0","1","0","0"
"POINT (7.088971910000055 50.721897002000048)","Unfall 186699 (2023) Kat:3, Licht: 0","186699","3","6","2","09","13","2","","0","1","0","0","0"
"POINT (7.106996294000055 50.712557206000042)","Unfall 186779 (2023) Kat:3, Licht: 0","186779","3","7","1","09","13","1","","0","0","1","0","0"
"POINT (7.088224450000041 50.727073166000082)","Unfall 186780 (2023) Kat:2, Licht: 2","186780","2","1","0","09","01","1","","2","0","0","0","0"
"POINT (7.084722384000031 50.751766332000045)","Unfall 186829 (2023) Kat:3, Licht: 0","186829","3","6","2","09","13","7","","0","0","1","0","0"
"POINT (7.081978304000074 50.727741911000066)","Unfall 186838 (2023) Kat:2, Licht: 2","186838","2","7","0","09","22","7","","2","1","0","0","0"
"POINT (7.156502669000076 50.686069365000037)","Unfall 186915 (2023) Kat:3, Licht: 0","186915","3","2","5","09","12","6","","0","1","1","0","0"
"POINT (7.138542179000069 50.697498786000040)","Unfall 186916 (2023) Kat:2, Licht: 2","186916","2","1","0","09","22","6","","2","1","0","0","0"
"POINT (7.153791880000028 50.720656277000046)","Unfall 186918 (2023) Kat:3, Licht: 0","186918","3","1","0","09","07","6","","0","1","0","0","0"
"POINT (7.159995999000046 50.696690178000040)","Unfall 187036 (2023) Kat:3, Licht: 2","187036","3","7","0","10","20","1","","2","0","0","0","0"
"POINT (7.043845431000022 50.726236906000054)","Unfall 187038 (2023) Kat:3, Licht: 2","187038","3","1","0","10","20","1","","2","0","0","0","0"
"POINT (7.184088284000040 50.668507188000035)","Unfall 187125 (2023) Kat:3, Licht: 0","187125","3","3","5","10","12","6","","0","0","1","0","0"
"POINT (7.160829478000039 50.681421745000080)","Unfall 187126 (2023) Kat:3, Licht: 0","187126","3","3","5","10","15","6","","0","1","1","0","0"
"POINT (7.174599230000069 50.707400446000065)","Unfall 187127 (2023) Kat:3, Licht: 0","187127","3","6","6","10","16","6","","0","1","0","1","0"
"POINT (7.173018125000056 50.671912397000028)","Unfall 187202 (2023) Kat:3, Licht: 2","187202","3","3","5","10","19","5","","2","0","1","0","0"
"POINT (7.047744368000053 50.706778912000061)","Unfall 187262 (2023) Kat:3, Licht: 0","187262","3","3","5","10","10","4","","0","0","1","0","0"
"POINT (7.054050097000072 50.709764580000069)","Unfall 187263 (2023) Kat:2, Licht: 0","187263","2","4","6","10","09","4","","0","0","1","1","0"
"POINT (7.125661205000029 50.741052368000055)","Unfall 187264 (2023) Kat:3, Licht: 0","187264","3","2","5","10","12","4","","0","1","1","0","0"
"POINT (7.076429409000070 50.755391740000050)","Unfall 187266 (2023) Kat:3, Licht: 0","187266","3","4","6","10","16","4","","0","0","1","1","0"
"POINT (7.141632640000068 50.740143564000050)","Unfall 187324 (2023) Kat:3, Licht: 0","187324","3","7","5","10","14","3","","0","0","1","0","0"
"POINT (7.076088386000038 50.750443964000056)","Unfall 187383 (2023) Kat:3, Licht: 2","187383","3","1","0","10","00","2","","2","0","0","0","0"
"POINT (7.152689924000072 50.702540548000059)","Unfall 187449 (2023) Kat:3, Licht: 0","187449","3","1","0","10","10","1","","0","1","0","0","0"
"POINT (7.103962292000062 50.731429884000079)","Unfall 187462 (2023) Kat:3, Licht: 0","187462","3","5","1","10","13","1","","0","0","1","0","0"
"POINT (7.143874918000051 50.732686282000031)","Unfall 187536 (2023) Kat:3, Licht: 0","187536","3","3","5","10","14","6","","0","1","1","0","0"
"POINT (7.097808900000075 50.741660878000062)","Unfall 187537 (2023) Kat:3, Licht: 0","187537","3","7","6","10","17","6","","0","0","1","1","0"
"POINT (7.177965914000026 50.671128233000047)","Unfall 187544 (2023) Kat:3, Licht: 0","187544","3","6","0","10","12","2","","0","0","1","0","0"
"POINT (7.074843706000024 50.742754735000062)","Unfall 187588 (2023) Kat:3, Licht: 2","187588","3","6","2","10","20","5","","2","0","1","0","0"
"POINT (7.114844059000063 50.717963404000045)","Unfall 187655 (2023) Kat:2, Licht: 0","187655","2","6","4","10","09","4","","0","1","0","0","0"
"POINT (7.167698101000042 50.748351981000042)","Unfall 187715 (2023) Kat:3, Licht: 2","187715","3","1","0","10","00","3","","2","1","0","0","0"
"POINT (7.171305865000022 50.668192036000050)","Unfall 187766 (2023) Kat:3, Licht: 2","187766","3","5","1","10","01","2","","2","0","1","0","0"
"POINT (7.140053379000051 50.696768545000054)","Unfall 187767 (2023) Kat:3, Licht: 0","187767","3","2","2","10","16","2","","0","0","1","0","0"
"POINT (7.043665897000039 50.718481049000047)","Unfall 187769 (2023) Kat:3, Licht: 0","187769","3","1","8","10","13","2","","0","1","1","0","0"
"POINT (7.111540460000072 50.724321816000042)","Unfall 187771 (2023) Kat:3, Licht: 0","187771","3","7","0","10","12","2","","0","1","0","0","0"
"POINT (7.188336871000047 50.668804365000028)","Unfall 187832 (2023) Kat:3, Licht: 0","187832","3","5","1","10","16","1","","0","1","1","0","0"
"POINT (7.048738301000071 50.722723233000067)","Unfall 187833 (2023) Kat:3, Licht: 2","187833","3","1","0","10","20","2","","2","0","0","0","0"
"POINT (7.060898035000037 50.746898071000032)","Unfall 187834 (2023) Kat:2, Licht: 2","187834","2","7","6","10","06","1","","2","0","1","1","0"
"POINT (7.123292153000023 50.740052783000067)","Unfall 187846 (2023) Kat:3, Licht: 0","187846","3","1","0","10","12","4","","0","1","0","0","0"
"POINT (7.163929792000033 50.671812289000059)","Unfall 187880 (2023) Kat:3, Licht: 0","187880","3","2","2","09","17","7","","0","0","1","0","0"
"POINT (7.094152425000061 50.753381035000075)","Unfall 187882 (2023) Kat:2, Licht: 0","187882","2","2","5","09","14","7","","0","1","1","0","0"
"POINT (7.144606389000046 50.683642505000080)","Unfall 187953 (2023) Kat:3, Licht: 0","187953","3","1","4","09","07","6","","0","1","1","0","0"
"POINT (7.164871386000073 50.677859289000025)","Unfall 187954 (2023) Kat:3, Licht: 0","187954","3","7","2","09","14","6","","0","1","1","0","0"