WKT,Name,OBJECTID,UKATEGORIE,UTYP1,UART,UMONAT,USTUNDE,UWOCHENTAG,STRZUSTAND,ULICHTVERH,ISTRAD,ISTPKW,ISTFUSS,ISTKRAD
"POINT (7.115343671000062 50.734722395000063)","Unfall 187957 (2023) Kat:3, Licht: 1","187957","3","5","0","09","17","6","","1","1","1","0","0"
"POINT (7.087930887000027 50.693662005000078)","Unfall 187958 (2023) Kat:2, Licht: 0","187958","2","6","4","09","15","6","","0","0","1","0","0"
"POINT (7.107049689000064 50.737907415000052)","Unfall 188019 (2023) Kat:3, Licht: 0","188019","3","1","0","10","11","3","","0","1","0","0","0"
"POINT (7.142916430000071 50.722586784000043)","Unfall 188038 (2023) Kat:3, Licht: 0","188038","3","1","0","09","14","5","","0","1","0","0","0"
"POINT (7.100156615000060 50.703248903000031)","Unfall 188039 (2023) Kat:3, Licht: 0","188039","3","1","2","09","07","5","","0","1","1","0","0"
"POINT (7.067315798000038 50.740519967000068)","Unfall 188040 (2023) Kat:3, Licht: 2","188040","3","7","3","09","06","5","","2","0","1","0","1"
"POINT (7.121650535000072 50.737221967000039)","Unfall 188041 (2023) Kat:3, Licht: 0","188041","3","3","5","09","09","6","","0","1","1","0","0"
"POINT (7.071723028000065 50.730070526000077)","Unfall 188042 (2023) Kat:2, Licht: 1","188042","2","2","5","09","19","5","","1","1","1","0","0"
"POINT (7.139430057000027 50.696345995000058)","Unfall 188108 (2023) Kat:3, Licht: 1","188108","3","2","6","10","17","2","","1","0","1","1","0"
"POINT (7.098895461000041 50.739992771000061)","Unfall 188168 (2023) Kat:3, Licht: 0","188168","3","3","5","10","13","1","","0","0","1","0","0"
"POINT (7.191744331000052 50.655061450000062)","Unfall 188203 (2023) Kat:3, Licht: 0","188203","3","3","5","10","09","7","","0","1","1","0","0"
"POINT (7.048561633000077 50.749905495000064)","Unfall 188204 (2023) Kat:3, Licht: 2","188204","3","4","6","10","18","7","","2","0","1","1","0"
"POINT (7.083372391000069 50.737096068000028)","Unfall 188205 (2023) Kat:3, Licht: 2","188205","3","5","1","10","02","7","","2","0","1","0","0"
"POINT (7.139768208000021 50.695905617000051)","Unfall 188255 (2023) Kat:3, Licht: 2","188255","3","6","2","10","06","6","","2","0","1","0","0"
"POINT (7.073040482000067 50.712966484000049)","Unfall 188256 (2023) Kat:3, Licht: 0","188256","3","6","2","10","12","6","","0","1","1","0","0"
"POINT (7.119095212000047 50.705459927000049)","Unfall 188257 (2023) Kat:3, Licht: 0","188257","3","6","2","10","08","6","","0","0","1","0","0"
"POINT (7.135913983000023 50.692455712000026)","Unfall 188327 (2023) Kat:3, Licht: 0","188327","3","3","5","10","09","5","","0","1","1","0","0"
"POINT (7.052740938000056 50.715443805000064)","Unfall 188328 (2023) Kat:3, Licht: 0","188328","3","2","5","10","14","5","","0","1","1","0","0"
"POINT (7.090996302000065 50.725641600000074)","Unfall 188329 (2023) Kat:3, Licht: 0","188329","3","7","5","10","12","5","","0","1","0","0","0"
"POINT (7.122995272000026 50.732720360000030)","Unfall 188400 (2023) Kat:3, Licht: 2","188400","3","3","5","10","22","4","","2","1","1","0","0"
"POINT (7.066453750000051 50.732877919000032)","Unfall 188401 (2023) Kat:3, Licht: 0","188401","3","3","5","10","15","4","","0","1","1","0","0"
"POINT (7.104259892000073 50.716610374000027)","Unfall 188402 (2023) Kat:3, Licht: 2","188402","3","1","0","10","20","4","","2","1","0","0","0"
"POINT (7.162884412000039 50.727382983000041)","Unfall 188488 (2023) Kat:3, Licht: 0","188488","3","6","2","10","15","3","","0","0","1","0","0"
"POINT (7.105059998000058 50.716903176000073)","Unfall 188489 (2023) Kat:3, Licht: 1","188489","3","3","5","10","06","3","","1","0","1","0","0"
"POINT (7.087296389000073 50.738871643000039)","Unfall 188491 (2023) Kat:3, Licht: 0","188491","3","4","6","10","12","3","","0","0","1","1","0"
"POINT (7.121558743000037 50.740955229000065)","Unfall 188552 (2023) Kat:3, Licht: 1","188552","3","7","1","10","17","2","","1","1","0","0","0"
"POINT (7.052797364000071 50.711428875000081)","Unfall 188645 (2023) Kat:3, Licht: 1","188645","3","6","3","10","07","7","","1","1","1","0","0"
"POINT (7.126277205000065 50.742447839000079)","Unfall 188646 (2023) Kat:3, Licht: 0","188646","3","1","0","10","09","7","","0","1","0","0","0"
"POINT (7.069454627000027 50.731532928000036)","Unfall 188647 (2023) Kat:3, Licht: 0","188647","3","6","2","10","13","7","","0","0","1","0","0"
"POINT (7.156790372000046 50.744061147000082)","Unfall 188714 (2023) Kat:3, Licht: 0","188714","3","3","5","10","15","6","","0","1","1","0","0"
"POINT (7.100843499000064 50.727902889000063)","Unfall 188715 (2023) Kat:2, Licht: 0","188715","2","1","0","10","12","6","","0","1","0","0","0"
"POINT (7.158108577000064 50.685459441000035)","Unfall 188793 (2023) Kat:2, Licht: 2","188793","2","1","0","10","18","5","","2","1","0","0","0"
"POINT (7.053094978000047 50.700347531000034)","Unfall 188794 (2023) Kat:3, Licht: 0","188794","3","3","5","10","17","5","","0","0","1","0","0"
"POINT (7.125368631000072 50.760631144000058)","Unfall 188795 (2023) Kat:3, Licht: 0","188795","3","3","5","10","10","5","","0","1","1","0","0"
"POINT (7.100495413000033 50.731908872000076)","Unfall 188796 (2023) Kat:3, Licht: 0","188796","3","7","6","10","16","5","","0","1","0","1","0"
"POINT (7.065589011000043 50.746644007000043)","Unfall 188797 (2023) Kat:2, Licht: 2","188797","2","1","8","10","00","5","","2","0","1","0","0"
"POINT (7.126198925000040 50.698942703000057)","Unfall 188881 (2023) Kat:3, Licht: 1","188881","3","5","1","10","07","4","","1","1","1","0","0"
"POINT (7.046842370000036 50.711578997000061)","Unfall 188882 (2023) Kat:3, Licht: 0","188882","3","5","4","10","12","4","","0","1","1","0","0"
"POINT (7.072414846000072 50.720034093000038)","Unfall 188883 (2023) Kat:3, Licht: 1","188883","3","6","4","10","07","4","","1","1","1","0","0"
"POINT (7.081186902000070 50.740912677000040)","Unfall 188884 (2023) Kat:3, Licht: 0","188884","3","3","5","10","18","4","","0","0","1","0","0"
"POINT (7.098584909000067 50.731932706000066)","Unfall 188885 (2023) Kat:3, Licht: 0","188885","3","2","6","10","08","4","","0","0","0","1","0"
"POINT (7.095011196000030 50.744440433000079)","Unfall 188972 (2023) Kat:3, Licht: 0","188972","3","5","1","10","16","3","","0","1","1","0","0"
"POINT (7.114010886000074 50.706390887000055)","Unfall 188973 (2023) Kat:3, Licht: 0","188973","3","5","0","10","12","3","","0","0","1","0","1"
"POINT (7.093115457000067 50.699060173000078)","Unfall 189053 (2023) Kat:2, Licht: 0","189053","2","7","0","10","16","2","","0","0","0","0","1"
"POINT (7.109339156000033 50.709880072000033)","Unfall 189096 (2023) Kat:3, Licht: 0","189096","3","1","0","11","10","6","","0","1","0","0","0"
"POINT (7.152034778000029 50.671347780000076)","Unfall 189142 (2023) Kat:3, Licht: 2","189142","3","7","0","11","17","5","","2","0","1","0","0"
"POINT (7.119172630000037 50.739081166000062)","Unfall 189197 (2023) Kat:3, Licht: 0","189197","3","1","0","11","09","4","","0","1","0","0","0"
"POINT (7.123061893000056 50.740000344000066)","Unfall 189249 (2023) Kat:3, Licht: 2","189249","3","1","0","11","22","3","","2","0","0","0","0"
"POINT (7.047971940000025 50.736143933000051)","Unfall 189250 (2023) Kat:3, Licht: 0","189250","3","1","0","11","13","3","","0","1","0","0","0"
"POINT (7.048561652000046 50.749905495000064)","Unfall 189251 (2023) Kat:3, Licht: 2","189251","3","4","6","11","17","3","","2","0","1","1","0"
"POINT (7.137049627000067 50.740318824000042)","Unfall 189253 (2023) Kat:3, Licht: 2","189253","3","2","5","11","17","6","","2","0","1","0","1"
"POINT (7.162800700000048 50.682271936000063)","Unfall 189327 (2023) Kat:3, Licht: 2","189327","3","1","0","11","06","2","","2","0","0","0","0"
"POINT (7.102627954000070 50.728635750000080)","Unfall 189416 (2023) Kat:2, Licht: 2","189416","2","1","0","11","17","7","","2","1","0","0","0"
"POINT (7.110595773000057 50.708194980000030)","Unfall 189417 (2023) Kat:3, Licht: 0","189417","3","6","4","11","16","7","","0","1","0","0","0"
"POINT (7.083557673000030 50.744881586000076)","Unfall 189418 (2023) Kat:3, Licht: 0","189418","3","3","5","11","13","7","","0","1","1","0","0"
"POINT (7.149099478000039 50.737293718000046)","Unfall 189473 (2023) Kat:3, Licht: 0","189473","3","5","1","11","07","6","","0","1","1","0","0"
"POINT (7.098674262000031 50.750228035000077)","Unfall 189474 (2023) Kat:3, Licht: 2","189474","3","1","0","11","17","6","","2","1","0","0","0"
"POINT (7.095048064000025 50.734424052000065)","Unfall 189475 (2023) Kat:3, Licht: 2","189475","3","1","0","11","19","6","","2","1","0","0","0"
"POINT (7.155977402000076 50.690175468000064)","Unfall 189544 (2023) Kat:3, Licht: 0","189544","3","1","0","11","16","5","","0","1","0","0","0"
"POINT (7.175914389000070 50.672970136000060)","Unfall 189546 (2023) Kat:3, Licht: 1","189546","3","7","0","11","16","5","","1","0","0","0","0"
"POINT (7.148968043000025 50.704538239000044)","Unfall 189612 (2023) Kat:3, Licht: 2","189612","3","4","6","11","18","4","","2","0","1","1","0"
"POINT (7.129334860000029 50.703756506000047)","Unfall 189613 (2023) Kat:3, Licht: 2","189613","3","2","5","11","18","4","","2","0","1","0","0"
"POINT (7.045078627000066 50.715960388000042)","Unfall 189616 (2023) Kat:3, Licht: 0","189616","3","6","2","11","14","4","","0","0","1","0","0"
"POINT (7.119409173000065 50.739138677000028)","Unfall 189617 (2023) Kat:3, Licht: 2","189617","3","1","0","11","20","4","","2","1","0","0","0"
"POINT (7.127150746000041 50.752259075000040)","Unfall 189618 (2023) Kat:3, Licht: 0","189618","3","7","0","11","11","4","","0","1","0","0","0"
"POINT (7.091350136000074 50.695988488000069)","Unfall 189619 (2023) Kat:3, Licht: 0","189619","3","1","0","11","07","4","","0","1","0","0","0"
"POINT (7.088674756000046 50.753390767000042)","Unfall 189620 (2023) Kat:3, Licht: 1","189620","3","6","2","11","06","4","","1","0","1","0","0"
"POINT (7.112874835000071 50.750119016000042)","Unfall 189684 (2023) Kat:3, Licht: 0","189684","3","6","2","11","08","3","","0","1","0","1","0"
"POINT (7.129349664000074 50.703744166000035)","Unfall 189748 (2023) Kat:3, Licht: 0","189748","3","7","9","11","09","2","","0","0","1","0","0"
"POINT (7.125414189000026 50.739957828000058)","Unfall 189749 (2023) Kat:3, Licht: 0","189749","3","1","0","11","07","2","","0","1","0","0","0"
"POINT (7.073338359000047 50.728460759000029)","Unfall 189750 (2023) Kat:3, Licht: 0","189750","3","1","0","11","08","2","","0","1","0","0","0"
"POINT (7.083154684000021 50.733975247000046)","Unfall 189751 (2023) Kat:3, Licht: 2","189751","3","3","5","11","19","2","","2","0","1","0","0"
"POINT (7.089544605000071 50.721722564000061)","Unfall 189752 (2023) Kat:3, Licht: 2","189752","3","4","0","11","20","2","","2","0","0","1","1"
"POINT (7.097850254000036 50.721233776000076)","Unfall 189847 (2023) Kat:3, Licht: 2","189847","3","3","5","11","17","7","","2","0","1","0","0"
"POINT (7.162363650000032 50.682232662000047)","Unfall 189901 (2023) Kat:3, Licht: 0","189901","3","1","0","11","14","6","","0","1","0","0","0"
"POINT (7.073868023000045 50.747006251000073)","Unfall 189971 (2023) Kat:3, Licht: 2","189971","3","6","2","11","18","5","","2","0","1","0","0"
"POINT (7.119804847000069 50.739234874000033)","Unfall 189982 (2023) Kat:3, Licht: 0","189982","3","4","6","11","17","5","","0","1","0","1","0"
"POINT (7.054286059000049 50.759170335000078)","Unfall 189983 (2023) Kat:3, Licht: 0","189983","3","1","0","11","12","5","","0","1","0","0","0"
"POINT (7.102484347000029 50.728577080000036)","Unfall 189984 (2023) Kat:3, Licht: 0","189984","3","1","0","11","14","5","","0","1","0","0","0"
"POINT (7.156312439000033 50.683191725000029)","Unfall 190098 (2023) Kat:3, Licht: 0","190098","3","7","0","10","16","3","","0","0","0","0","0"
"POINT (7.051124035000043 50.716239729000051)","Unfall 190099 (2023) Kat:3, Licht: 0","190099","3","1","0","10","10","3","","0","1","0","0","0"
"POINT (7.133796031000031 50.742726457000060)","Unfall 190100 (2023) Kat:3, Licht: 0","190100","3","7","4","10","13","3","","0","0","1","0","0"
"POINT (7.094007277000060 50.723104927000065)","Unfall 190102 (2023) Kat:3, Licht: 2","190102","3","3","5","10","17","3","","2","0","1","0","0"
"POINT (7.093850287000066 50.726306536000038)","Unfall 190103 (2023) Kat:3, Licht: 2","190103","3","6","4","10","18","3","","2","1","0","0","0"
"POINT (7.090683142000046 50.740191147000075)","Unfall 190104 (2023) Kat:3, Licht: 1","190104","3","2","0","10","17","3","","1","1","1","0","0"
"POINT (7.059669751000058 50.701619770000036)","Unfall 190187 (2023) Kat:3, Licht: 0","190187","3","1","9","12","13","3","","0","0","1","0","0"
"POINT (7.100058465000075 50.727660375000028)","Unfall 190188 (2023) Kat:3, Licht: 2","190188","3","1","0","12","19","3","","2","1","0","0","0"
"POINT (7.096078947000024 50.717975169000056)","Unfall 190258 (2023) Kat:3, Licht: 1","190258","3","6","4","12","17","2","","1","0","1","0","0"
"POINT (7.066047984000022 50.732980945000065)","Unfall 190280 (2023) Kat:3, Licht: 0","190280","3","2","0","12","13","2","","0","0","1","0","0"
"POINT (7.139409478000061 50.710186075000081)","Unfall 190294 (2023) Kat:3, Licht: 2","190294","3","1","9","12","05","1","","2","0","1","0","0"
"POINT (7.092404002000023 50.731529641000066)","Unfall 190295 (2023) Kat:3, Licht: 2","190295","3","6","3","12","18","1","","2","1","1","0","0"
"POINT (7.151837722000039 50.685905619000039)","Unfall 190319 (2023) Kat:3, Licht: 2","190319","3","6","4","12","16","7","","2","1","1","0","0"
"POINT (7.153461956000058 50.744480667000062)","Unfall 190321 (2023) Kat:3, Licht: 0","190321","3","5","1","12","11","7","","0","1","1","0","0"
"POINT (7.101289467000072 50.732771125000056)","Unfall 190361 (2023) Kat:3, Licht: 2","190361","3","4","6","12","20","6","","2","0","1","1","0"
"POINT (7.095328997000024 50.736093371000038)","Unfall 190362 (2023) Kat:3, Licht: 2","190362","3","1","0","12","23","6","","2","0","0","0","0"
"POINT (7.084206730000062 50.740015214000039)","Unfall 190411 (2023) Kat:3, Licht: 2","190411","3","4","6","11","04","5","","2","0","1","1","0"
"POINT (7.072370376000038 50.742562420000070)","Unfall 190489 (2023) Kat:3, Licht: 1","190489","3","6","2","11","16","4","","1","0","1","0","0"
"POINT (7.104701653000063 50.717118194000079)","Unfall 190543 (2023) Kat:3, Licht: 2","190543","3","3","5","11","18","3","","2","1","1","0","0"
"POINT (7.123372743000061 50.709396235000042)","Unfall 190614 (2023) Kat:3, Licht: 2","190614","3","1","9","11","00","2","","2","0","1","0","0"
"POINT (7.163246195000056 50.693206843000041)","Unfall 190615 (2023) Kat:3, Licht: 0","190615","3","7","9","11","11","2","","0","0","1","0","0"
"POINT (7.060134613000059 50.704357819000052)","Unfall 190616 (2023) Kat:3, Licht: 0","190616","3","6","3","11","08","2","","0","0","1","0","0"
"POINT (7.093115457000067 50.699060173000078)","Unfall 190617 (2023) Kat:3, Licht: 2","190617","3","4","6","11","17","2","","2","0","1","1","0"
"POINT (7.057881817000066 50.712294781000026)","Unfall 190730 (2023) Kat:3, Licht: 0","190730","3","6","6","11","16","7","","0","1","0","1","0"
"POINT (7.154979257000036 50.688998870000034)","Unfall 190781 (2023) Kat:3, Licht: 0","190781","3","2","3","11","13","6","","0","1","0","0","0"
"POINT (7.090410229000042 50.739903980000065)","Unfall 190866 (2023) Kat:3, Licht: 2","190866","3","3","5","11","18","5","","2","1","1","0","0"
"POINT (7.105045493000034 50.730737961000045)","Unfall 190867 (2023) Kat:3, Licht: 2","190867","3","4","6","11","20","5","","2","1","0","1","0"
"POINT (7.109753230000024 50.720290295000041)","Unfall 190928 (2023) Kat:3, Licht: 1","190928","3","3","5","11","07","4","","1","1","1","0","0"
"POINT (7.072764995000057 50.737172422000071)","Unfall 190995 (2023) Kat:3, Licht: 2","190995","3","3","5","11","16","3","","2","1","1","0","0"
"POINT (7.090765594000061 50.733803197000043)","Unfall 190996 (2023) Kat:3, Licht: 0","190996","3","3","0","11","15","3","","0","0","1","0","0"
"POINT (7.094957233000059 50.733099699000036)","Unfall 190998 (2023) Kat:3, Licht: 0","190998","3","1","0","11","08","3","","0","1","0","0","0"
"POINT (7.109163837000040 50.710395925000057)","Unfall 190999 (2023) Kat:3, Licht: 2","190999","3","4","6","11","17","3","","2","0","1","1","0"
"POINT (7.170569599000032 50.712819719000038)","Unfall 191000 (2023) Kat:3, Licht: 2","191000","3","3","5","11","19","6","","2","0","0","0","0"
"POINT (7.091069039000047 50.735043448000056)","Unfall 191128 (2023) Kat:3, Licht: 2","191128","3","1","4","11","01","1","","2","0","1","0","0"
"POINT (7.165749493000021 50.748191751000036)","Unfall 191173 (2023) Kat:3, Licht: 0","191173","3","5","4","11","15","7","","0","0","1","0","0"
"POINT (7.135564117000058 50.730046622000032)","Unfall 191174 (2023) Kat:3, Licht: 2","191174","3","1","0","11","17","7","","2","1","0","0","0"
"POINT (7.163486179000074 50.714070614000036)","Unfall 191189 (2023) Kat:3, Licht: 2","191189","3","7","6","11","17","2","","2","0","1","1","0"
"POINT (7.059718231000033 50.698280072000045)","Unfall 191240 (2023) Kat:3, Licht: 2","191240","3","1","9","12","02","5","","2","0","1","0","0"
"POINT (7.039957010000023 50.715961783000068)","Unfall 191264 (2023) Kat:3, Licht: 2","191264","3","1","0","12","02","4","","2","0","0","0","0"
"POINT (7.070121468000025 50.757044106000080)","Unfall 191265 (2023) Kat:3, Licht: 2","191265","3","2","2","12","18","4","","2","0","1","0","0"
"POINT (7.063022651000040 50.734438241000078)","Unfall 191299 (2023) Kat:3, Licht: 2","191299","3","1","0","12","23","2","","2","0","0","0","0"
"POINT (7.058488753000063 50.747903051000037)","Unfall 191341 (2023) Kat:3, Licht: 0","191341","3","6","2","12","14","7","","0","0","1","0","0"
"POINT (7.071332396000059 50.742491302000076)","Unfall 191342 (2023) Kat:3, Licht: 2","191342","3","7","0","12","05","7","","2","0","1","0","0"
"POINT (7.088554805000058 50.741397526000071)","Unfall 191420 (2023) Kat:3, Licht: 2","191420","3","6","2","12","21","5","","2","0","1","0","0"
"POINT (7.119268133000048 50.739104386000065)","Unfall 191525 (2023) Kat:3, Licht: 0","191525","3","5","1","12","09","3","","0","1","1","0","0"
"POINT (7.100662352000029 50.733200932000045)","Unfall 191526 (2023) Kat:3, Licht: 2","191526","3","2","6","12","22","3","","2","0","0","1","0"
"POINT (7.122985786000072 50.695154572000035)","Unfall 191589 (2023) Kat:3, Licht: 0","191589","3","1","0","12","13","2","","0","1","0","0","0"
"POINT (7.173234841000067 50.679411807000065)","Unfall 191590 (2023) Kat:3, Licht: 2","191590","3","2","5","12","17","2","","2","0","1","0","0"
"POINT (7.096493080000073 50.733824641000069)","Unfall 191592 (2023) Kat:3, Licht: 2","191592","3","1","0","12","19","2","","2","1","0","0","0"
"POINT (7.104383421000023 50.720955771000035)","Unfall 191593 (2023) Kat:3, Licht: 2","191593","3","6","3","12","16","2","","2","0","1","0","0"
"POINT (7.055948462000060 50.719658028000026)","Unfall 191671 (2023) Kat:2, Licht: 2","191671","2","1","0","12","17","7","","2","1","0","0","0"
"POINT (7.086925953000048 50.729347759000063)","Unfall 191716 (2023) Kat:3, Licht: 2","191716","3","1","0","12","18","6","","2","1","0","0","0"
"POINT (7.099505106000038 50.732188591000067)","Unfall 191717 (2023) Kat:3, Licht: 2","191717","3","4","6","12","18","6","","2","0","1","1","0"
"POINT (7.100954913000066 50.731718088000036)","Unfall 191766 (2023) Kat:3, Licht: 2","191766","3","1","0","12","23","6","","2","1","0","0","0"
"POINT (7.165539701000057 50.716978679000079)","Unfall 191778 (2023) Kat:3, Licht: 2","191778","3","3","0","12","18","5","","2","0","1","0","1"
"POINT (7.088108543000033 50.734158673000081)","Unfall 191779 (2023) Kat:3, Licht: 2","191779","3","1","0","12","01","5","","2","0","0","0","0"
"POINT (7.086593282000024 50.733141742000043)","Unfall 191780 (2023) Kat:3, Licht: 0","191780","3","7","6","12","11","5","","0","0","1","1","0"
"POINT (7.159321366000029 50.697218255000053)","Unfall 191831 (2023) Kat:3, Licht: 2","191831","3","3","5","12","17","4","","2","1","1","0","0"
"POINT (7.153987208000046 50.718060985000079)","Unfall 191879 (2023) Kat:3, Licht: 0","191879","3","4","6","12","09","3","","0","1","0","1","0"
"POINT (7.149741304000031 50.704092308000043)","Unfall 191945 (2023) Kat:2, Licht: 0","191945","2","7","4","12","13","2","","0","0","1","0","0"
"POINT (7.049860028000069 50.707039903000066)","Unfall 191947 (2023) Kat:3, Licht: 2","191947","3","3","5","12","18","2","","2","1","1","0","0"
"POINT (7.052233546000025 50.748626658000035)","Unfall 191948 (2023) Kat:3, Licht: 2","191948","3","3","5","12","17","2","","2","1","1","0","0"
"POINT (7.062374130000023 50.747122977000060)","Unfall 192026 (2023) Kat:3, Licht: 2","192026","3","3","5","12","18","7","","2","0","1","0","0"
"POINT (7.048539265000045 50.749906938000038)","Unfall 192027 (2023) Kat:3, Licht: 2","192027","3","4","6","12","18","7","","2","0","1","1","0"
"POINT (7.118683498000053 50.714854773000070)","Unfall 192031 (2023) Kat:3, Licht: 0","192031","3","1","0","12","16","5","","0","1","0","0","0"
"POINT (7.155191639000066 50.702650450000078)","Unfall 192149 (2023) Kat:2, Licht: 0","192149","2","1","0","12","08","5","","0","1","0","0","0"
"POINT (7.035392837000074 50.710597037000070)","Unfall 192151 (2023) Kat:3, Licht: 0","192151","3","4","6","12","13","2","","0","0","1","1","0"
"POINT (7.188323194000077 50.725320269000065)","Unfall 192155 (2023) Kat:3, Licht: 0","192155","3","1","0","12","10","5","","0","0","0","0","1"
"POINT (7.094869932000051 50.749706995000054)","Unfall 192156 (2023) Kat:3, Licht: 0","192156","3","1","0","12","08","5","","0","1","0","0","0"
"POINT (7.154634292000026 50.703071104000060)","Unfall 192171 (2023) Kat:3, Licht: 0","192171","3","2","5","12","13","6","","0","1","1","0","0"
"POINT (7.068294990000027 50.742244764000077)","Unfall 193219 (2023) Kat:3, Licht: 2","193219","3","6","2","12","17","1","","2","0","1","0","0"
"POINT (7.182554563000053 50.744588954000051)","Unfall 193236 (2023) Kat:3, Licht: 0","193236","3","3","5","12","12","7","","0","1","1","0","0"
"POINT (7.065088830000036 50.670146508000073)","Unfall 263701 (2023) Kat:3, Licht: 2","263701","3","4","6","01","18","5","","2","1","0","1","0"
"POINT (7.143917812000041 50.717973885000049)","Unfall 263713 (2023) Kat:3, Licht: 2","263713","3","5","1","01","07","3","","2","1","0","0","0"
"POINT (7.113606610000033 50.691785645000039)","Unfall 263719 (2023) Kat:3, Licht: 0","263719","3","1","0","01","14","4","","0","1","0","0","0"
"POINT (7.113604261000035 50.691800665000073)","Unfall 263720 (2023) Kat:3, Licht: 0","263720","3","1","0","01","14","4","","0","1","0","0","0"
"POINT (7.155711356000040 50.715873911000074)","Unfall 263786 (2023) Kat:2, Licht: 0","263786","2","2","2","03","15","7","","0","1","0","0","0"
"POINT (7.120075623000048 50.712287243000048)","Unfall 263809 (2023) Kat:3, Licht: 0","263809","3","3","5","03","08","3","","0","1","0","0","0"
"POINT (7.051475948000075 50.737409779000075)","Unfall 263849 (2023) Kat:3, Licht: 0","263849","3","3","5","04","07","5","","0","1","0","0","0"
"POINT (7.141212070000051 50.707247184000039)","Unfall 263850 (2023) Kat:3, Licht: 0","263850","3","7","0","04","12","5","","0","1","0","0","0"
"POINT (7.034850390000031 50.736717533000046)","Unfall 263854 (2023) Kat:3, Licht: 0","263854","3","1","0","04","09","7","","0","1","0","0","0"
"POINT (7.102879107000035 50.749182705000067)","Unfall 263880 (2023) Kat:2, Licht: 0","263880","2","6","4","04","11","1","","0","1","0","0","0"
"POINT (7.133117569000035 50.705576522000058)","Unfall 263890 (2023) Kat:3, Licht: 0","263890","3","6","4","05","20","3","","0","1","0","0","0"
"POINT (7.124566859000026 50.771112092000067)","Unfall 263910 (2023) Kat:2, Licht: 0","263910","2","1","0","05","12","7","","0","1","0","0","0"
"POINT (7.144558907000032 50.686595710000063)","Unfall 263919 (2023) Kat:3, Licht: 0","263919","3","1","8","05","15","2","","0","1","0","0","0"
"POINT (7.139485654000055 50.713046175000045)","Unfall 263928 (2023) Kat:3, Licht: 0","263928","3","1","0","05","18","4","","0","1","0","0","0"
"POINT (7.112305398000046 50.687923358000035)","Unfall 263970 (2023) Kat:3, Licht: 0","263970","3","7","0","05","17","5","","0","1","0","0","0"
"POINT (7.086376011000027 50.751858781000067)","Unfall 263978 (2023) Kat:3, Licht: 2","263978","3","1","0","05","23","6","","2","1","0","0","0"
"POINT (7.135206991000075 50.721821423000051)","Unfall 264067 (2023) Kat:3, Licht: 0","264067","3","7","0","06","21","7","","0","1","0","0","0"
"POINT (7.138626174000024 50.712187446000030)","Unfall 264070 (2023) Kat:3, Licht: 0","264070","3","3","5","06","10","7","","0","1","0","0","0"
"POINT (7.147697693000055 50.656690077000064)","Unfall 264071 (2023) Kat:3, Licht: 2","264071","3","7","0","06","22","7","","2","1","0","1","0"
"POINT (7.136395631000028 50.711416281000027)","Unfall 264072 (2023) Kat:3, Licht: 0","264072","3","1","0","06","19","7","","0","1","0","0","0"
"POINT (7.160089189000075 50.707627038000055)","Unfall 264104 (2023) Kat:2, Licht: 0","264104","2","1","0","06","06","3","","0","1","0","0","0"
"POINT (7.134284964000074 50.753438683000070)","Unfall 264109 (2023) Kat:3, Licht: 0","264109","3","1","8","06","12","4","","0","1","0","0","0"
"POINT (7.156204227000046 50.718595120000032)","Unfall 264119 (2023) Kat:3, Licht: 0","264119","3","7","0","06","10","5","","0","1","0","0","0"
"POINT (7.118160675000070 50.714104775000067)","Unfall 264155 (2023) Kat:3, Licht: 0","264155","3","7","0","06","15","3","","0","1","0","0","0"
"POINT (7.061688748000051 50.744219049000037)","Unfall 264163 (2023) Kat:3, Licht: 0","264163","3","7","0","06","15","4","","0","1","0","0","0"
"POINT (7.117275829000050 50.723926782000035)","Unfall 264164 (2023) Kat:2, Licht: 0","264164","2","1","0","06","09","4","","0","1","0","0","0"
"POINT (7.165978416000030 50.702067124000052)","Unfall 264165 (2023) Kat:3, Licht: 0","264165","3","6","4","06","14","4","","0","1","0","0","0"
"POINT (7.193083868000031 50.665093951000074)","Unfall 264166 (2023) Kat:3, Licht: 0","264166","3","4","6","06","20","4","","0","1","0","1","0"
"POINT (7.072077381000042 50.655032500000061)","Unfall 264195 (2023) Kat:2, Licht: 0","264195","2","6","3","06","11","1","","0","1","0","0","0"
"POINT (7.129675689000067 50.718880829000057)","Unfall 264196 (2023) Kat:3, Licht: 0","264196","3","6","6","06","12","1","","0","1","0","1","0"
"POINT (7.167846959000030 50.698994959000061)","Unfall 264197 (2023) Kat:3, Licht: 0","264197","3","2","5","06","12","1","","0","1","0","0","0"
"POINT (7.089576293000050 50.709154758000068)","Unfall 264202 (2023) Kat:3, Licht: 0","264202","3","1","0","06","18","2","","0","1","0","0","0"
"POINT (7.149339010000062 50.754666894000081)","Unfall 264203 (2023) Kat:3, Licht: 0","264203","3","6","4","06","18","2","","0","1","0","0","0"