WKT,Name,OBJECTID,UKATEGORIE,UTYP1,UART,UMONAT,USTUNDE,UWOCHENTAG,STRZUSTAND,ULICHTVERH,ISTRAD,ISTPKW,ISTFUSS,ISTKRAD
"POINT (7.165982915000029 50.709473914000057)","Unfall 264213 (2023) Kat:3, Licht: 0","264213","3","1","0","06","17","4","","0","1","0","0","0"
"POINT (7.123583317000055 50.743291693000060)","Unfall 264236 (2023) Kat:2, Licht: 0","264236","2","3","5","06","11","1","","0","1","0","0","0"
"POINT (7.084123337000051 50.669006019000051)","Unfall 264237 (2023) Kat:2, Licht: 0","264237","2","3","5","06","20","1","","0","1","0","0","0"
"POINT (7.106639474000076 50.756095824000056)","Unfall 264251 (2023) Kat:3, Licht: 0","264251","3","1","8","06","16","3","","0","1","0","0","0"
"POINT (7.166796856000076 50.701038880000056)","Unfall 264275 (2023) Kat:3, Licht: 0","264275","3","6","9","07","13","1","","0","1","0","0","0"
"POINT (7.097608373000071 50.710900385000059)","Unfall 264296 (2023) Kat:3, Licht: 0","264296","3","1","0","07","15","5","","0","1","0","0","0"
"POINT (7.102879491000067 50.749181969000063)","Unfall 264315 (2023) Kat:3, Licht: 2","264315","3","6","4","07","02","1","","2","1","0","0","0"
"POINT (7.112577931000033 50.688860444000056)","Unfall 264316 (2023) Kat:3, Licht: 0","264316","3","1","0","07","20","1","","0","1","0","0","0"
"POINT (7.146570591000057 50.686419306000062)","Unfall 264335 (2023) Kat:3, Licht: 0","264335","3","1","0","07","14","3","","0","1","0","0","0"
"POINT (7.077500314000076 50.662474381000038)","Unfall 264345 (2023) Kat:3, Licht: 0","264345","3","1","0","07","10","5","","0","1","0","1","0"
"POINT (7.143309098000032 50.720872994000047)","Unfall 264353 (2023) Kat:3, Licht: 0","264353","3","1","8","07","09","7","","0","1","0","0","0"
"POINT (7.103465845000073 50.747936088000074)","Unfall 264380 (2023) Kat:3, Licht: 0","264380","3","6","4","07","12","5","","0","1","0","0","0"
"POINT (7.094930179000073 50.754076425000051)","Unfall 264393 (2023) Kat:3, Licht: 0","264393","3","1","0","07","06","2","","0","1","0","0","0"
"POINT (7.147289104000038 50.711780392000037)","Unfall 264404 (2023) Kat:3, Licht: 0","264404","3","3","5","07","16","6","","0","1","0","0","0"
"POINT (7.136257209000064 50.707966651000049)","Unfall 264420 (2023) Kat:3, Licht: 0","264420","3","1","0","08","14","4","","0","1","0","0","0"
"POINT (7.102882080000029 50.749177016000033)","Unfall 264429 (2023) Kat:3, Licht: 0","264429","3","4","6","08","17","7","","0","1","0","1","0"
"POINT (7.108636186000069 50.754784186000052)","Unfall 264469 (2023) Kat:3, Licht: 0","264469","3","6","6","08","13","1","","0","1","0","1","0"
"POINT (7.107108046000064 50.687638716000038)","Unfall 264491 (2023) Kat:3, Licht: 0","264491","3","1","0","08","15","6","","0","1","0","0","0"
"POINT (7.106921183000054 50.756112889000065)","Unfall 264493 (2023) Kat:3, Licht: 0","264493","3","1","8","08","10","7","","0","1","0","0","0"
"POINT (7.074892818000023 50.765855551000072)","Unfall 264506 (2023) Kat:3, Licht: 0","264506","3","7","6","08","12","1","","0","1","0","1","0"
"POINT (7.140590585000041 50.748357543000054)","Unfall 264542 (2023) Kat:3, Licht: 0","264542","3","7","7","08","19","6","","0","1","0","1","0"
"POINT (7.114233588000047 50.766781354000045)","Unfall 264556 (2023) Kat:3, Licht: 0","264556","3","6","6","08","19","2","","0","1","0","1","0"
"POINT (7.110201296000071 50.730782923000049)","Unfall 264599 (2023) Kat:3, Licht: 0","264599","3","1","8","09","19","3","","0","1","0","0","0"
"POINT (7.077672522000057 50.764663811000048)","Unfall 264613 (2023) Kat:3, Licht: 0","264613","3","1","9","09","11","6","","0","1","0","0","0"
"POINT (7.151779245000057 50.717068037000047)","Unfall 264618 (2023) Kat:3, Licht: 1","264618","3","1","3","09","20","7","","1","1","0","0","0"
"POINT (7.075678595000056 50.765549216000068)","Unfall 264668 (2023) Kat:3, Licht: 0","264668","3","7","0","09","14","1","","0","1","0","0","0"
"POINT (7.104367466000042 50.745611591000056)","Unfall 264673 (2023) Kat:2, Licht: 0","264673","2","1","0","09","15","2","","0","1","0","0","0"
"POINT (7.114333646000034 50.683423120000043)","Unfall 264676 (2023) Kat:2, Licht: 0","264676","2","7","7","09","07","3","","0","1","0","0","0"
"POINT (7.056040685000028 50.699596555000028)","Unfall 264683 (2023) Kat:3, Licht: 0","264683","3","6","4","09","09","5","","0","1","0","0","0"
"POINT (7.112787850000075 50.742281306000052)","Unfall 264693 (2023) Kat:3, Licht: 0","264693","3","6","4","09","15","1","","0","1","0","0","0"
"POINT (7.169976227000063 50.693525679000061)","Unfall 264708 (2023) Kat:3, Licht: 0","264708","3","2","3","09","07","3","","0","1","0","0","0"
"POINT (7.068232455000043 50.685412959000075)","Unfall 264730 (2023) Kat:3, Licht: 0","264730","3","1","0","10","15","1","","0","1","0","0","0"
"POINT (7.112597151000045 50.741772236000031)","Unfall 264747 (2023) Kat:2, Licht: 0","264747","2","6","6","10","17","6","","0","1","0","1","0"
"POINT (7.106310598000050 50.691628471000058)","Unfall 264771 (2023) Kat:3, Licht: 0","264771","3","1","6","10","14","6","","0","1","0","1","0"
"POINT (7.118276235000053 50.729200632000072)","Unfall 264774 (2023) Kat:3, Licht: 2","264774","3","6","2","10","19","1","","2","1","0","0","0"
"POINT (7.136540068000045 50.713247316000036)","Unfall 264782 (2023) Kat:3, Licht: 2","264782","3","1","8","10","20","4","","2","1","0","0","0"
"POINT (7.094946966000066 50.754127119000032)","Unfall 264791 (2023) Kat:3, Licht: 0","264791","3","1","0","10","15","1","","0","1","0","0","0"
"POINT (7.084123338000040 50.669006016000026)","Unfall 264879 (2023) Kat:3, Licht: 1","264879","3","7","0","12","16","3","","1","1","0","1","0"
"POINT (7.134958607000044 50.703498482000043)","Unfall 22489 (2024) Kat:3, Licht: 0","22489","3","6","2","01","12","5","","0","0","1","0","0"
"POINT (7.078866977000075 50.690393342000050)","Unfall 22533 (2024) Kat:3, Licht: 0","22533","3","1","0","01","15","4","","0","0","0","0","1"
"POINT (7.141325235000068 50.696731986000032)","Unfall 22596 (2024) Kat:2, Licht: 2","22596","2","3","5","01","18","3","","2","1","1","0","0"
"POINT (7.122640872000034 50.743967568000073)","Unfall 23838 (2024) Kat:2, Licht: 2","23838","2","2","5","01","06","6","","2","0","1","0","0"
"POINT (7.124406140000076 50.713303603000043)","Unfall 25252 (2024) Kat:3, Licht: 0","25252","3","6","2","01","14","6","","0","0","1","0","0"
"POINT (7.074368156000048 50.681980986000042)","Unfall 25254 (2024) Kat:3, Licht: 2","25254","3","4","2","01","07","6","","2","0","1","1","0"
"POINT (7.122568810000075 50.743874868000034)","Unfall 25343 (2024) Kat:3, Licht: 0","25343","3","2","5","01","14","5","","0","0","1","0","0"
"POINT (7.046792535000066 50.739941606000059)","Unfall 25599 (2024) Kat:3, Licht: 1","25599","3","3","5","01","07","2","","1","1","1","0","0"
"POINT (7.109909468000069 50.738187542000048)","Unfall 25704 (2024) Kat:3, Licht: 2","25704","3","1","0","01","19","2","","2","1","0","0","0"
"POINT (7.144118976000073 50.728450443000042)","Unfall 25735 (2024) Kat:3, Licht: 0","25735","3","2","5","01","11","7","","0","1","1","0","0"
"POINT (7.158528214000057 50.753043695000031)","Unfall 25812 (2024) Kat:3, Licht: 2","25812","3","2","5","01","07","6","","2","0","1","0","0"
"POINT (7.067295172000058 50.748229599000069)","Unfall 26134 (2024) Kat:3, Licht: 0","26134","3","6","2","01","15","3","","0","0","1","0","0"
"POINT (7.119031619000054 50.762595120000071)","Unfall 26224 (2024) Kat:3, Licht: 0","26224","3","6","3","01","13","2","","0","0","1","0","0"
"POINT (7.136842651000052 50.742388918000074)","Unfall 26228 (2024) Kat:2, Licht: 0","26228","2","5","1","01","12","2","","0","1","1","0","0"
"POINT (7.116083782000032 50.738969820000079)","Unfall 26352 (2024) Kat:3, Licht: 2","26352","3","3","5","01","20","7","","2","1","1","0","0"
"POINT (7.131941775000030 50.734470959000078)","Unfall 26449 (2024) Kat:3, Licht: 0","26449","3","5","1","02","12","6","","0","1","1","0","0"
"POINT (7.110891400000071 50.726572727000075)","Unfall 26530 (2024) Kat:2, Licht: 2","26530","2","7","6","02","21","5","","2","0","0","1","0"
"POINT (7.150141722000058 50.748037232000058)","Unfall 26600 (2024) Kat:3, Licht: 0","26600","3","2","2","02","14","4","","0","0","1","1","0"
"POINT (7.088405792000060 50.735083002000067)","Unfall 26602 (2024) Kat:3, Licht: 2","26602","3","1","0","02","21","4","","2","0","0","0","0"
"POINT (7.071987474000025 50.727672470000073)","Unfall 26693 (2024) Kat:3, Licht: 1","26693","3","6","2","02","07","3","","1","0","1","0","1"
"POINT (7.144250757000066 50.728423965000047)","Unfall 26767 (2024) Kat:3, Licht: 0","26767","3","6","3","02","15","2","","0","1","1","0","0"
"POINT (7.105373593000024 50.737512134000042)","Unfall 26768 (2024) Kat:3, Licht: 0","26768","3","6","2","02","16","2","","0","1","0","0","0"
"POINT (7.148064730000044 50.752054493000060)","Unfall 26845 (2024) Kat:3, Licht: 0","26845","3","7","2","02","14","1","","0","0","1","0","0"
"POINT (7.077288922000037 50.743310190000045)","Unfall 26846 (2024) Kat:3, Licht: 2","26846","3","3","5","02","05","1","","2","0","1","0","0"
"POINT (7.129879662000064 50.740710365000041)","Unfall 26975 (2024) Kat:3, Licht: 0","26975","3","5","1","02","12","6","","0","1","1","0","0"
"POINT (7.149369621000062 50.690392934000045)","Unfall 27102 (2024) Kat:3, Licht: 0","27102","3","6","2","02","07","5","","0","0","1","0","0"
"POINT (7.088509624000039 50.722037894000039)","Unfall 27121 (2024) Kat:3, Licht: 0","27121","3","2","2","02","16","2","","0","0","1","0","0"
"POINT (7.102303324000047 50.758093623000036)","Unfall 27138 (2024) Kat:3, Licht: 2","27138","3","6","2","02","18","6","","2","0","1","0","0"
"POINT (7.039330699000061 50.758401102000050)","Unfall 27150 (2024) Kat:3, Licht: 2","27150","3","1","8","01","23","4","","2","0","1","0","0"
"POINT (7.100537852000059 50.738931487000059)","Unfall 27158 (2024) Kat:3, Licht: 2","27158","3","2","5","01","18","4","","2","0","1","0","1"
"POINT (7.094750039000076 50.742241363000062)","Unfall 27364 (2024) Kat:3, Licht: 0","27364","3","7","0","01","14","1","","0","0","0","0","0"
"POINT (7.105063649000044 50.735700662000056)","Unfall 27431 (2024) Kat:3, Licht: 2","27431","3","6","2","01","18","7","","2","0","1","0","0"
"POINT (7.166145133000043 50.678678813000033)","Unfall 27496 (2024) Kat:3, Licht: 1","27496","3","2","5","01","17","3","","1","0","1","0","0"
"POINT (7.115009945000054 50.738896068000031)","Unfall 27537 (2024) Kat:3, Licht: 0","27537","3","4","6","01","16","6","","0","1","0","1","0"
"POINT (7.075481358000047 50.751648847000070)","Unfall 27539 (2024) Kat:2, Licht: 0","27539","2","6","2","01","07","6","","0","0","1","0","0"
"POINT (7.086033484000041 50.718324015000064)","Unfall 27540 (2024) Kat:3, Licht: 2","27540","3","2","6","01","07","6","","2","0","1","1","0"
"POINT (7.178398966000032 50.706143436000048)","Unfall 27637 (2024) Kat:3, Licht: 0","27637","3","6","2","01","16","5","","0","0","1","0","0"
"POINT (7.141222392000032 50.714260247000027)","Unfall 27737 (2024) Kat:2, Licht: 0","27737","2","7","9","01","11","4","","0","0","1","0","0"
"POINT (7.115787576000059 50.739070699000081)","Unfall 27748 (2024) Kat:3, Licht: 0","27748","3","3","5","01","15","4","","0","1","1","0","0"
"POINT (7.102464396000073 50.737363517000063)","Unfall 27749 (2024) Kat:3, Licht: 0","27749","3","6","2","01","14","4","","0","1","1","0","0"
"POINT (7.082227796000041 50.747658481000030)","Unfall 27750 (2024) Kat:3, Licht: 0","27750","3","2","5","01","08","4","","0","0","1","0","0"
"POINT (7.173971733000030 50.714062643000034)","Unfall 27787 (2024) Kat:3, Licht: 0","27787","3","6","2","01","14","7","","0","0","1","0","0"
"POINT (7.089936733000059 50.731373278000035)","Unfall 27869 (2024) Kat:3, Licht: 0","27869","3","2","5","01","09","3","","0","1","1","0","0"
"POINT (7.125052995000033 50.747103526000046)","Unfall 28237 (2024) Kat:3, Licht: 0","28237","3","2","5","03","07","5","","0","0","1","0","0"
"POINT (7.192866711000022 50.739191838000067)","Unfall 28508 (2024) Kat:3, Licht: 0","28508","3","3","5","03","15","1","","0","1","1","0","0"
"POINT (7.073479001000067 50.728168795000045)","Unfall 28509 (2024) Kat:3, Licht: 0","28509","3","2","5","03","14","1","","0","1","1","0","0"
"POINT (7.156999031000055 50.752699783000025)","Unfall 28589 (2024) Kat:3, Licht: 2","28589","3","6","3","03","21","7","","2","0","1","0","0"
"POINT (7.133686186000034 50.732590138000035)","Unfall 28591 (2024) Kat:3, Licht: 0","28591","3","3","5","03","11","7","","0","1","1","0","0"
"POINT (7.089741784000068 50.743675561000032)","Unfall 28593 (2024) Kat:3, Licht: 2","28593","3","3","5","03","19","7","","2","0","1","0","0"
"POINT (7.081861479000054 50.732095247000075)","Unfall 28796 (2024) Kat:3, Licht: 0","28796","3","6","0","03","10","6","","0","0","1","0","1"
"POINT (7.071771333000072 50.691011881000065)","Unfall 28797 (2024) Kat:2, Licht: 0","28797","2","1","0","02","16","5","","0","1","0","0","0"
"POINT (7.114485331000026 50.760599879000040)","Unfall 28798 (2024) Kat:3, Licht: 0","28798","3","6","2","02","17","5","","0","0","1","0","0"
"POINT (7.152679018000072 50.685473295000065)","Unfall 28958 (2024) Kat:3, Licht: 0","28958","3","4","6","02","16","3","","0","0","1","1","0"
"POINT (7.104787224000063 50.736139405000074)","Unfall 28961 (2024) Kat:3, Licht: 2","28961","3","6","0","02","18","3","","2","1","0","0","0"
"POINT (7.163982188000034 50.714267039000049)","Unfall 28998 (2024) Kat:3, Licht: 0","28998","3","2","2","03","17","3","","0","1","1","0","0"
"POINT (7.089695600000027 50.743689351000057)","Unfall 29073 (2024) Kat:3, Licht: 2","29073","3","6","2","02","21","2","","2","0","1","0","0"
"POINT (7.087236789000031 50.744617496000046)","Unfall 29080 (2024) Kat:3, Licht: 0","29080","3","1","0","03","17","6","","0","1","0","0","0"
"POINT (7.077949298000021 50.739132351000080)","Unfall 29126 (2024) Kat:3, Licht: 0","29126","3","6","2","03","12","5","","0","0","1","0","1"
"POINT (7.092810027000041 50.715027608000071)","Unfall 29202 (2024) Kat:3, Licht: 0","29202","3","6","2","03","15","5","","0","1","1","0","0"
"POINT (7.079867943000067 50.730711554000038)","Unfall 29285 (2024) Kat:3, Licht: 0","29285","3","7","6","02","14","6","","0","0","1","1","0"
"POINT (7.110517617000028 50.727100901000028)","Unfall 29286 (2024) Kat:2, Licht: 0","29286","2","2","5","02","11","6","","0","1","1","0","0"
"POINT (7.142212221000023 50.749616104000040)","Unfall 29303 (2024) Kat:2, Licht: 2","29303","2","7","8","03","02","7","","2","0","1","0","0"
"POINT (7.066788827000039 50.710519783000052)","Unfall 29361 (2024) Kat:3, Licht: 2","29361","3","2","6","02","21","5","","2","0","1","1","0"
"POINT (7.099177800000064 50.747268918000032)","Unfall 29362 (2024) Kat:1, Licht: 1","29362","1","2","6","02","18","5","","1","0","1","1","0"
"POINT (7.077997471000060 50.739112190000071)","Unfall 29363 (2024) Kat:3, Licht: 2","29363","3","2","6","02","18","5","","2","0","1","1","0"
"POINT (7.089981486000056 50.734626855000045)","Unfall 29439 (2024) Kat:2, Licht: 2","29439","2","2","5","02","23","4","","2","0","1","0","0"
"POINT (7.100093683000068 50.744533761000071)","Unfall 29515 (2024) Kat:3, Licht: 0","29515","3","4","6","02","08","3","","0","0","1","1","0"
"POINT (7.160550982000075 50.726621393000073)","Unfall 29604 (2024) Kat:3, Licht: 0","29604","3","6","1","02","07","2","","0","0","1","0","0"
"POINT (7.125134717000037 50.747171127000058)","Unfall 29668 (2024) Kat:3, Licht: 2","29668","3","7","0","03","19","6","","2","1","0","0","0"
"POINT (7.115872820000050 50.738942993000080)","Unfall 29771 (2024) Kat:3, Licht: 2","29771","3","1","0","02","18","7","","2","0","0","0","0"
"POINT (7.154106419000072 50.751027327000031)","Unfall 29773 (2024) Kat:2, Licht: 2","29773","2","4","6","02","18","7","","2","0","1","1","0"
"POINT (7.115486820000058 50.739024384000061)","Unfall 29775 (2024) Kat:3, Licht: 1","29775","3","6","4","02","17","7","","1","1","0","0","0"
"POINT (7.078709258000060 50.749731954000026)","Unfall 29832 (2024) Kat:3, Licht: 2","29832","3","3","5","03","05","4","","2","0","1","0","1"
"POINT (7.056772959000057 50.685227209000061)","Unfall 29843 (2024) Kat:3, Licht: 2","29843","3","6","2","02","06","6","","2","0","1","0","0"
"POINT (7.116150075000064 50.738979215000029)","Unfall 29942 (2024) Kat:3, Licht: 2","29942","3","3","5","02","22","5","","2","0","1","0","0"
"POINT (7.102041543000041 50.737377474000027)","Unfall 30194 (2024) Kat:3, Licht: 0","30194","3","7","0","02","14","3","","0","0","0","0","0"
"POINT (7.132502120000026 50.765021897000054)","Unfall 30279 (2024) Kat:3, Licht: 0","30279","3","6","3","02","16","2","","0","0","1","0","0"
"POINT (7.143472039000073 50.676414299000044)","Unfall 30284 (2024) Kat:3, Licht: 0","30284","3","1","0","02","08","2","","0","0","0","0","1"
"POINT (7.115062317000024 50.738903096000058)","Unfall 30286 (2024) Kat:2, Licht: 2","30286","2","1","0","02","23","2","","2","0","0","0","0"
"POINT (7.153283866000038 50.686469075000048)","Unfall 30384 (2024) Kat:3, Licht: 0","30384","3","1","0","03","13","5","","0","1","0","0","0"
"POINT (7.142675462000057 50.728752640000039)","Unfall 30386 (2024) Kat:3, Licht: 0","30386","3","2","5","03","16","5","","0","0","1","0","1"
"POINT (7.078482575000066 50.741430198000046)","Unfall 30387 (2024) Kat:3, Licht: 0","30387","3","1","0","03","13","5","","0","0","0","0","0"
"POINT (7.138499851000063 50.711762137000051)","Unfall 30471 (2024) Kat:3, Licht: 0","30471","3","6","2","03","08","4","","0","0","1","0","0"
"POINT (7.118518844000050 50.739897082000027)","Unfall 30479 (2024) Kat:3, Licht: 0","30479","3","2","3","03","13","4","","0","1","1","0","0"
"POINT (7.149157151000054 50.752069785000060)","Unfall 30593 (2024) Kat:3, Licht: 0","30593","3","6","2","03","10","3","","0","0","1","0","0"
"POINT (7.065961731000073 50.739276748000066)","Unfall 30594 (2024) Kat:3, Licht: 0","30594","3","6","2","03","16","3","","0","0","1","0","0"
"POINT (7.094998641000075 50.730314156000077)","Unfall 30595 (2024) Kat:3, Licht: 0","30595","3","2","5","03","16","3","","0","1","0","0","0"
"POINT (7.077854481000031 50.739172031000066)","Unfall 30596 (2024) Kat:3, Licht: 2","30596","3","3","5","03","04","3","","2","1","1","0","0"
"POINT (7.087881863000064 50.752658690000032)","Unfall 30678 (2024) Kat:3, Licht: 0","30678","3","6","2","03","16","2","","0","0","1","0","0"
"POINT (7.150576158000035 50.752113094000038)","Unfall 30685 (2024) Kat:2, Licht: 0","30685","2","6","3","03","16","2","","0","0","1","0","1"
"POINT (7.091786411000044 50.733890049000081)","Unfall 30686 (2024) Kat:3, Licht: 0","30686","3","3","5","03","16","2","","0","0","1","0","0"
"POINT (7.085775583000043 50.745440912000049)","Unfall 30687 (2024) Kat:3, Licht: 0","30687","3","3","5","03","16","2","","0","0","1","0","0"
"POINT (7.075091506000035 50.728609355000060)","Unfall 30688 (2024) Kat:3, Licht: 0","30688","3","6","3","03","14","2","","0","1","0","0","0"
"POINT (7.109723760000065 50.728221596000026)","Unfall 30689 (2024) Kat:3, Licht: 0","30689","3","2","5","03","10","2","","0","0","1","0","1"
"POINT (7.139669520000041 50.674400621000075)","Unfall 30766 (2024) Kat:3, Licht: 0","30766","3","3","5","03","18","1","","0","1","1","0","0"
"POINT (7.076456628000074 50.686039238000035)","Unfall 30767 (2024) Kat:2, Licht: 0","30767","2","7","0","03","16","1","","0","0","0","0","0"
"POINT (7.090140061000056 50.743564269000046)","Unfall 30768 (2024) Kat:3, Licht: 0","30768","3","7","0","03","14","1","","0","0","0","0","0"
"POINT (7.078317807000076 50.720376441000042)","Unfall 30896 (2024) Kat:2, Licht: 0","30896","2","7","2","03","15","6","","0","0","1","0","0"
"POINT (7.150000333000037 50.689373528000033)","Unfall 30908 (2024) Kat:3, Licht: 0","30908","3","4","6","03","16","6","","0","0","1","1","0"
"POINT (7.138491214000055 50.742416760000026)","Unfall 30909 (2024) Kat:3, Licht: 2","30909","3","7","7","03","19","6","","2","1","0","0","0"
"POINT (7.090039100000070 50.743727275000026)","Unfall 31031 (2024) Kat:3, Licht: 0","31031","3","3","5","03","17","5","","0","1","1","0","0"
"POINT (7.085962325000025 50.745332750000046)","Unfall 31128 (2024) Kat:3, Licht: 0","31128","3","3","5","03","09","4","","0","0","1","0","1"
"POINT (7.075449617000061 50.728669678000074)","Unfall 31365 (2024) Kat:3, Licht: 2","31365","3","6","3","03","20","2","","2","0","1","0","0"
"POINT (7.103934182000046 50.737209869000026)","Unfall 31366 (2024) Kat:2, Licht: 2","31366","2","6","3","03","18","2","","2","1","0","0","0"
"POINT (7.152765881000050 50.685608493000075)","Unfall 31540 (2024) Kat:2, Licht: 0","31540","2","6","2","03","14","7","","0","0","1","0","0"
"POINT (7.086831886000027 50.714775873000065)","Unfall 31541 (2024) Kat:3, Licht: 2","31541","3","1","0","03","00","7","","2","1","0","0","0"
"POINT (7.182352152000021 50.668553211000074)","Unfall 31633 (2024) Kat:3, Licht: 0","31633","3","6","3","04","14","3","","0","1","1","0","0"
"POINT (7.090789490000020 50.725009806000060)","Unfall 31919 (2024) Kat:2, Licht: 2","31919","2","5","1","04","23","7","","2","1","1","0","0"
"POINT (7.090032020000024 50.736695279000060)","Unfall 32026 (2024) Kat:3, Licht: 0","32026","3","1","0","04","12","6","","0","0","0","0","1"
"POINT (7.115715871000020 50.739057902000070)","Unfall 32091 (2024) Kat:3, Licht: 0","32091","3","3","5","04","10","5","","0","0","1","0","0"
"POINT (7.153319249000049 50.686439777000032)","Unfall 32172 (2024) Kat:3, Licht: 0","32172","3","6","2","04","10","4","","0","0","1","0","0"
"POINT (7.158016748000023 50.752915656000027)","Unfall 32257 (2024) Kat:3, Licht: 2","32257","3","6","2","04","22","4","","2","0","1","0","0"
"POINT (7.119696030000057 50.748351206000052)","Unfall 32270 (2024) Kat:3, Licht: 0","32270","3","6","2","04","14","3","","0","0","1","0","0"
"POINT (7.081182476000038 50.748239191000039)","Unfall 32380 (2024) Kat:3, Licht: 2","32380","3","6","2","03","03","1","","2","0","1","0","0"
"POINT (7.032309419000057 50.714983528000062)","Unfall 32451 (2024) Kat:3, Licht: 0","32451","3","7","6","03","17","7","","0","0","1","1","0"
"POINT (7.090525287000048 50.743462583000053)","Unfall 32510 (2024) Kat:2, Licht: 2","32510","2","1","0","03","18","6","","2","0","0","0","1"
"POINT (7.178685022000025 50.667159074000040)","Unfall 32555 (2024) Kat:3, Licht: 0","32555","3","4","6","03","14","5","","0","0","1","1","0"
"POINT (7.104627377000043 50.736372597000070)","Unfall 32557 (2024) Kat:3, Licht: 2","32557","3","7","3","03","23","5","","2","0","1","0","0"
"POINT (7.100048158000050 50.744656908000081)","Unfall 32560 (2024) Kat:3, Licht: 0","32560","3","5","1","03","15","5","","0","0","1","0","1"
"POINT (7.119836446000022 50.740545915000041)","Unfall 32643 (2024) Kat:3, Licht: 0","32643","3","1","0","03","07","4","","0","1","0","0","0"
"POINT (7.080462175000036 50.731109059000062)","Unfall 32645 (2024) Kat:3, Licht: 2","32645","3","3","5","03","19","4","","2","1","1","0","0"
"POINT (7.078113984000026 50.742405482000038)","Unfall 32736 (2024) Kat:3, Licht: 0","32736","3","2","5","03","08","3","","0","1","1","0","0"
"POINT (7.079078565000032 50.693236361000061)","Unfall 32745 (2024) Kat:3, Licht: 0","32745","3","3","5","04","17","6","","0","0","1","0","0"
"POINT (7.078420587000039 50.743083119000062)","Unfall 32845 (2024) Kat:3, Licht: 0","32845","3","1","0","03","15","2","","0","0","0","0","0"
"POINT (7.074811508000039 50.741418267000029)","Unfall 32846 (2024) Kat:3, Licht: 0","32846","3","3","5","03","12","2","","0","0","1","0","0"
"POINT (7.114478199000075 50.760607056000026)","Unfall 32997 (2024) Kat:3, Licht: 2","32997","3","6","2","03","01","7","","2","0","1","0","0"
"POINT (7.116923346000021 50.739213751000079)","Unfall 32998 (2024) Kat:3, Licht: 2","32998","3","1","8","03","00","7","","2","0","1","0","0"
"POINT (7.114560512000025 50.760394030000043)","Unfall 33079 (2024) Kat:3, Licht: 1","33079","3","6","2","03","18","6","","1","0","1","0","0"
"POINT (7.046158543000047 50.645764528000029)","Unfall 33082 (2024) Kat:2, Licht: 0","33082","2","1","8","03","14","6","","0","0","1","0","0"
"POINT (7.147144062000052 50.680623296000078)","Unfall 33091 (2024) Kat:3, Licht: 0","33091","3","5","1","03","15","6","","0","0","1","0","1"
"POINT (7.161377471000037 50.747224952000067)","Unfall 33094 (2024) Kat:3, Licht: 2","33094","3","6","2","03","17","6","","2","0","1","0","0"
"POINT (7.072913367000069 50.727974443000051)","Unfall 33095 (2024) Kat:3, Licht: 0","33095","3","6","4","03","16","6","","0","0","1","0","0"
"POINT (7.139662964000024 50.674396475000037)","Unfall 33321 (2024) Kat:3, Licht: 0","33321","3","3","5","04","07","3","","0","1","1","0","0"
"POINT (7.131539949000057 50.751123169000039)","Unfall 33322 (2024) Kat:3, Licht: 0","33322","3","6","2","04","14","3","","0","0","1","0","0"
"POINT (7.131714552000062 50.662532000000056)","Unfall 33449 (2024) Kat:3, Licht: 0","33449","3","1","8","04","19","2","","0","0","1","0","0"
"POINT (7.136048619000064 50.702422930000068)","Unfall 33451 (2024) Kat:3, Licht: 0","33451","3","6","2","04","17","2","","0","0","1","0","1"
"POINT (7.093363767000028 50.727368439000031)","Unfall 33453 (2024) Kat:3, Licht: 0","33453","3","7","0","04","12","2","","0","0","0","0","0"
"POINT (7.079853759000059 50.728253391000067)","Unfall 33531 (2024) Kat:3, Licht: 0","33531","3","6","2","04","12","1","","0","0","1","0","0"
"POINT (7.157974802000069 50.728098111000065)","Unfall 33604 (2024) Kat:3, Licht: 0","33604","3","6","2","04","18","7","","0","0","1","0","0"
"POINT (7.148030828000060 50.691476534000060)","Unfall 33609 (2024) Kat:3, Licht: 1","33609","3","7","0","04","20","7","","1","0","0","0","0"
"POINT (7.050181919000067 50.716472104000047)","Unfall 33693 (2024) Kat:3, Licht: 0","33693","3","7","0","04","18","6","","0","0","0","0","0"
"POINT (7.097446455000068 50.755497980000030)","Unfall 33935 (2024) Kat:3, Licht: 0","33935","3","6","3","04","11","3","","0","0","1","0","0"
"POINT (7.132844734000059 50.705449199000043)","Unfall 33969 (2024) Kat:3, Licht: 0","33969","3","1","0","04","10","3","","0","1","0","0","0"
"POINT (7.101340794000066 50.737519295000027)","Unfall 33970 (2024) Kat:3, Licht: 0","33970","3","6","0","04","21","3","","0","0","1","0","0"
"POINT (7.100417921000030 50.743427048000058)","Unfall 33971 (2024) Kat:3, Licht: 0","33971","3","6","3","04","08","3","","0","1","1","0","0"
"POINT (7.099030443000061 50.747247334000065)","Unfall 33972 (2024) Kat:3, Licht: 0","33972","3","2","3","04","17","3","","0","0","1","0","0"
"POINT (7.068828881000059 50.740367704000050)","Unfall 33990 (2024) Kat:3, Licht: 0","33990","3","3","5","04","17","4","","0","0","1","0","0"
"POINT (7.114776884000037 50.760284482000031)","Unfall 34048 (2024) Kat:3, Licht: 0","34048","3","6","2","04","16","2","","0","0","1","0","0"