WKT,Name,OBJECTID,UKATEGORIE,UTYP1,UART,UMONAT,USTUNDE,UWOCHENTAG,STRZUSTAND,ULICHTVERH,ISTRAD,ISTPKW,ISTFUSS,ISTKRAD
"POINT (7.124358890000053 50.746394079000027)","Unfall 34049 (2024) Kat:3, Licht: 2","34049","3","1","0","04","00","2","","2","1","0","0","0"
"POINT (7.101782332000028 50.757814686000074)","Unfall 34475 (2024) Kat:3, Licht: 0","34475","3","6","2","04","12","4","","0","0","1","0","0"
"POINT (7.132398970000054 50.751235283000028)","Unfall 34483 (2024) Kat:3, Licht: 0","34483","3","6","2","04","17","4","","0","0","1","0","0"
"POINT (7.078120781000052 50.739119027000072)","Unfall 34485 (2024) Kat:3, Licht: 0","34485","3","2","5","04","18","4","","0","0","1","0","0"
"POINT (7.119806946000040 50.750374782000051)","Unfall 34584 (2024) Kat:3, Licht: 0","34584","3","6","2","04","17","3","","0","0","1","0","0"
"POINT (7.101099651000027 50.738274463000039)","Unfall 34585 (2024) Kat:3, Licht: 0","34585","3","2","6","04","17","3","","0","0","1","1","0"
"POINT (7.118485356000065 50.718228148000037)","Unfall 34622 (2024) Kat:3, Licht: 0","34622","3","3","5","04","16","5","","0","0","1","0","0"
"POINT (7.163461043000041 50.680137555000044)","Unfall 34705 (2024) Kat:3, Licht: 0","34705","3","6","2","04","15","2","","0","0","1","0","0"
"POINT (7.103892514000052 50.737248892000082)","Unfall 34711 (2024) Kat:3, Licht: 0","34711","3","2","5","04","08","2","","0","1","1","0","0"
"POINT (7.074047377000056 50.734021369000061)","Unfall 34783 (2024) Kat:3, Licht: 0","34783","3","6","2","04","15","3","","0","0","1","0","0"
"POINT (7.142053472000043 50.696024126000054)","Unfall 34815 (2024) Kat:2, Licht: 0","34815","2","3","5","04","08","1","","0","0","1","0","0"
"POINT (7.056323181000039 50.762961797000060)","Unfall 34817 (2024) Kat:3, Licht: 0","34817","3","2","5","04","13","1","","0","1","0","0","1"
"POINT (7.108128687000033 50.730548223000028)","Unfall 34818 (2024) Kat:3, Licht: 0","34818","3","1","0","04","07","1","","0","1","0","0","0"
"POINT (7.077829757000075 50.748609275000035)","Unfall 35088 (2024) Kat:3, Licht: 0","35088","3","1","2","04","08","4","","0","0","1","0","0"
"POINT (7.148417589000076 50.691405407000047)","Unfall 35250 (2024) Kat:2, Licht: 0","35250","2","3","5","04","06","5","","0","0","1","0","0"
"POINT (7.121879288000059 50.742921843000033)","Unfall 35376 (2024) Kat:3, Licht: 0","35376","3","1","0","04","13","4","","0","1","0","0","0"
"POINT (7.105825025000058 50.737675648000049)","Unfall 35377 (2024) Kat:3, Licht: 0","35377","3","2","5","04","18","4","","0","1","1","0","0"
"POINT (7.074354716000073 50.733044901000028)","Unfall 35390 (2024) Kat:3, Licht: 0","35390","3","6","3","04","14","4","","0","0","1","0","0"
"POINT (7.045469894000064 50.740106210000079)","Unfall 35553 (2024) Kat:3, Licht: 1","35553","3","5","1","05","21","7","","1","1","1","0","0"
"POINT (7.103789272000029 50.737345578000031)","Unfall 35648 (2024) Kat:3, Licht: 2","35648","3","3","5","05","23","6","","2","0","1","0","0"
"POINT (7.095499463000067 50.742042292000065)","Unfall 35649 (2024) Kat:3, Licht: 0","35649","3","2","6","05","17","6","","0","0","1","1","0"
"POINT (7.131628479000028 50.706538228000056)","Unfall 35760 (2024) Kat:3, Licht: 0","35760","3","6","2","05","16","5","","0","0","1","0","0"
"POINT (7.111720671000057 50.763095445000033)","Unfall 35763 (2024) Kat:3, Licht: 0","35763","3","7","6","05","16","5","","0","1","0","1","0"
"POINT (7.106403389000036 50.737760450000053)","Unfall 35764 (2024) Kat:2, Licht: 0","35764","2","6","2","05","17","5","","0","1","0","0","0"
"POINT (7.066770391000034 50.717562490000034)","Unfall 35820 (2024) Kat:3, Licht: 0","35820","3","1","0","05","17","7","","0","0","0","0","1"
"POINT (7.148077815000022 50.691625341000076)","Unfall 35877 (2024) Kat:2, Licht: 0","35877","2","6","3","05","10","4","","0","0","1","0","1"
"POINT (7.141383311000027 50.697054539000078)","Unfall 35986 (2024) Kat:3, Licht: 0","35986","3","2","5","05","11","3","","0","1","1","0","0"
"POINT (7.144448267000030 50.742536771000061)","Unfall 35990 (2024) Kat:3, Licht: 1","35990","3","7","0","05","19","3","","1","0","1","0","0"
"POINT (7.078318400000057 50.742650037000033)","Unfall 35991 (2024) Kat:3, Licht: 0","35991","3","6","2","05","14","3","","0","0","1","0","0"
"POINT (7.144805017000067 50.739962638000065)","Unfall 36183 (2024) Kat:3, Licht: 0","36183","3","7","9","05","13","1","","0","0","1","0","0"
"POINT (7.144622092000077 50.728349355000034)","Unfall 36344 (2024) Kat:2, Licht: 0","36344","2","7","9","05","08","7","","0","0","1","0","0"
"POINT (7.062438578000069 50.721746808000034)","Unfall 36385 (2024) Kat:3, Licht: 0","36385","3","3","5","05","09","6","","0","0","1","0","0"
"POINT (7.062817255000027 50.749219618000041)","Unfall 36482 (2024) Kat:3, Licht: 0","36482","3","6","2","05","08","5","","0","0","1","0","0"
"POINT (7.127534057000048 50.710600185000033)","Unfall 36494 (2024) Kat:2, Licht: 0","36494","2","4","6","05","09","5","","0","0","1","1","0"
"POINT (7.061279013000046 50.739305239000032)","Unfall 36495 (2024) Kat:3, Licht: 0","36495","3","3","1","05","14","5","","0","1","1","0","0"
"POINT (7.168643315000054 50.711053805000063)","Unfall 36743 (2024) Kat:3, Licht: 0","36743","3","6","2","05","17","7","","0","0","1","0","0"
"POINT (7.092621919000067 50.726565053000058)","Unfall 36745 (2024) Kat:3, Licht: 1","36745","3","3","5","05","21","7","","1","1","0","0","0"
"POINT (7.150741044000029 50.722677536000049)","Unfall 36929 (2024) Kat:3, Licht: 0","36929","3","1","2","05","07","5","","0","0","1","0","0"
"POINT (7.120740180000041 50.741201379000074)","Unfall 36941 (2024) Kat:3, Licht: 0","36941","3","1","0","05","13","5","","0","1","0","0","0"
"POINT (7.091261394000071 50.743246556000031)","Unfall 36943 (2024) Kat:3, Licht: 1","36943","3","1","4","05","20","5","","1","1","0","0","0"
"POINT (7.067513344000076 50.714860096000052)","Unfall 37034 (2024) Kat:3, Licht: 0","37034","3","6","2","05","15","4","","0","0","1","0","0"
"POINT (7.088350405000028 50.721764015000076)","Unfall 37035 (2024) Kat:3, Licht: 0","37035","3","7","0","05","11","4","","0","0","0","0","0"
"POINT (7.142973664000067 50.744804706000082)","Unfall 37128 (2024) Kat:3, Licht: 0","37128","3","6","7","05","11","3","","0","0","1","0","0"
"POINT (7.049023441000031 50.716392237000036)","Unfall 37137 (2024) Kat:3, Licht: 0","37137","3","2","2","05","16","3","","0","0","1","0","0"
"POINT (7.143854560000023 50.728504047000058)","Unfall 37242 (2024) Kat:2, Licht: 0","37242","2","2","5","05","19","2","","0","0","1","0","1"
"POINT (7.119618846000037 50.751888732000054)","Unfall 37311 (2024) Kat:3, Licht: 0","37311","3","6","2","05","12","1","","0","0","1","0","0"
"POINT (7.062904044000049 50.696342041000037)","Unfall 37399 (2024) Kat:3, Licht: 2","37399","3","7","0","05","22","7","","2","0","1","0","0"
"POINT (7.150095821000036 50.722057952000057)","Unfall 37400 (2024) Kat:2, Licht: 0","37400","2","7","0","05","09","7","","0","0","1","0","0"
"POINT (7.118508986000052 50.762430359000064)","Unfall 37611 (2024) Kat:3, Licht: 0","37611","3","6","2","05","16","5","","0","0","1","0","0"
"POINT (7.156137324000042 50.722999076000065)","Unfall 37612 (2024) Kat:3, Licht: 0","37612","3","6","2","05","08","5","","0","0","1","0","0"
"POINT (7.190128973000071 50.656473916000039)","Unfall 37625 (2024) Kat:3, Licht: 0","37625","3","4","6","05","07","5","","0","0","1","1","0"
"POINT (7.043752979000033 50.740794241000060)","Unfall 37692 (2024) Kat:3, Licht: 0","37692","3","3","5","05","09","5","","0","1","1","0","0"
"POINT (7.123886147000064 50.713751520000073)","Unfall 37759 (2024) Kat:3, Licht: 0","37759","3","6","2","05","17","4","","0","0","1","0","0"
"POINT (7.157484717000045 50.752251404000049)","Unfall 37761 (2024) Kat:3, Licht: 0","37761","3","3","5","05","17","4","","0","1","1","0","0"
"POINT (7.100475337000034 50.743085466000082)","Unfall 37762 (2024) Kat:3, Licht: 2","37762","3","2","5","05","00","4","","2","1","1","0","0"
"POINT (7.121186261000048 50.716067013000043)","Unfall 37918 (2024) Kat:3, Licht: 0","37918","3","3","5","05","18","3","","0","1","0","0","1"
"POINT (7.113074406000067 50.723470725000027)","Unfall 37923 (2024) Kat:3, Licht: 0","37923","3","3","5","05","16","3","","0","1","1","0","0"
"POINT (7.106746628000053 50.732705387000067)","Unfall 37924 (2024) Kat:3, Licht: 0","37924","3","5","1","05","13","3","","0","1","1","0","0"
"POINT (7.146836703000076 50.692444401000046)","Unfall 38135 (2024) Kat:3, Licht: 0","38135","3","3","5","05","16","2","","0","1","1","0","0"
"POINT (7.130734274000076 50.736177185000031)","Unfall 38136 (2024) Kat:3, Licht: 1","38136","3","5","1","05","20","2","","1","0","1","0","0"
"POINT (7.086686945000054 50.735480172000052)","Unfall 38137 (2024) Kat:3, Licht: 0","38137","3","1","5","05","08","2","","0","1","1","0","0"
"POINT (7.149078431000021 50.690454606000060)","Unfall 38320 (2024) Kat:3, Licht: 0","38320","3","3","5","06","16","2","","0","0","0","0","1"
"POINT (7.117484108000042 50.755584643000077)","Unfall 38321 (2024) Kat:3, Licht: 0","38321","3","6","2","06","15","2","","0","0","1","0","0"
"POINT (7.039265671000067 50.741769160000047)","Unfall 38322 (2024) Kat:3, Licht: 0","38322","3","2","2","06","12","2","","0","0","1","0","0"
"POINT (7.157315145000041 50.752762855000071)","Unfall 38522 (2024) Kat:3, Licht: 0","38522","3","3","5","06","15","6","","0","1","1","0","0"
"POINT (7.092803284000070 50.733683569000050)","Unfall 38523 (2024) Kat:3, Licht: 0","38523","3","2","3","06","16","6","","0","0","1","0","0"
"POINT (7.123544089000063 50.763825874000077)","Unfall 38599 (2024) Kat:3, Licht: 0","38599","3","6","2","06","15","5","","0","0","1","0","0"
"POINT (7.076850628000045 50.729154759000039)","Unfall 38677 (2024) Kat:3, Licht: 0","38677","3","6","3","06","18","4","","0","0","1","0","1"
"POINT (7.073916956000062 50.734587121000061)","Unfall 38776 (2024) Kat:3, Licht: 0","38776","3","6","2","06","11","3","","0","0","1","0","0"
"POINT (7.132366445000059 50.751231081000071)","Unfall 38788 (2024) Kat:3, Licht: 0","38788","3","6","2","06","15","3","","0","0","1","0","0"
"POINT (7.105913819000023 50.737688667000043)","Unfall 38790 (2024) Kat:3, Licht: 0","38790","3","2","0","06","13","3","","0","0","0","0","0"
"POINT (7.134594725000056 50.703854261000060)","Unfall 38886 (2024) Kat:3, Licht: 0","38886","3","6","2","06","15","2","","0","0","1","0","0"
"POINT (7.062252451000063 50.721652302000052)","Unfall 38889 (2024) Kat:3, Licht: 0","38889","3","6","2","06","10","2","","0","0","1","0","0"
"POINT (7.181161928000051 50.711394130000031)","Unfall 38997 (2024) Kat:3, Licht: 0","38997","3","6","2","06","08","1","","0","1","1","0","0"
"POINT (7.103939924000031 50.737204492000046)","Unfall 38999 (2024) Kat:3, Licht: 0","38999","3","6","2","06","12","1","","0","1","0","0","0"
"POINT (7.198439914000062 50.734256539000057)","Unfall 39076 (2024) Kat:3, Licht: 0","39076","3","1","9","06","19","1","","0","0","1","0","0"
"POINT (7.137680347000071 50.700795892000031)","Unfall 39108 (2024) Kat:3, Licht: 0","39108","3","6","2","06","13","7","","0","0","1","0","0"
"POINT (7.089060675000042 50.736780820000035)","Unfall 39109 (2024) Kat:3, Licht: 0","39109","3","2","6","06","17","7","","0","0","1","1","0"
"POINT (7.100520009000036 50.757149651000077)","Unfall 39228 (2024) Kat:3, Licht: 0","39228","3","6","2","06","07","6","","0","0","1","0","0"
"POINT (7.166964138000026 50.678224262000072)","Unfall 39239 (2024) Kat:3, Licht: 0","39239","3","6","2","06","20","6","","0","0","1","0","0"
"POINT (7.050502001000041 50.655769518000056)","Unfall 39243 (2024) Kat:3, Licht: 0","39243","3","2","4","06","17","6","","0","1","0","0","0"
"POINT (7.060683156000039 50.749691369000061)","Unfall 39352 (2024) Kat:3, Licht: 0","39352","3","6","2","06","19","5","","0","0","1","0","0"
"POINT (7.102154288000065 50.758013830000039)","Unfall 39353 (2024) Kat:3, Licht: 0","39353","3","6","1","06","17","5","","0","0","1","0","0"
"POINT (7.080928823000022 50.750048984000045)","Unfall 39355 (2024) Kat:2, Licht: 0","39355","2","6","3","06","10","5","","0","0","1","0","1"
"POINT (7.088379620000069 50.732117709000079)","Unfall 39367 (2024) Kat:3, Licht: 0","39367","3","6","2","06","12","5","","0","0","1","0","0"
"POINT (7.062057000000038 50.749387681000030)","Unfall 39474 (2024) Kat:2, Licht: 0","39474","2","6","0","06","15","4","","0","0","1","0","0"
"POINT (7.076606887000025 50.685997269000040)","Unfall 39484 (2024) Kat:3, Licht: 0","39484","3","1","0","06","13","4","","0","0","0","0","1"
"POINT (7.093512363000059 50.742575243000033)","Unfall 39489 (2024) Kat:3, Licht: 0","39489","3","1","0","06","12","4","","0","1","0","0","0"
"POINT (7.165275318000056 50.722609429000045)","Unfall 39586 (2024) Kat:3, Licht: 0","39586","3","6","2","06","15","3","","0","0","1","0","0"
"POINT (7.176809913000056 50.666491465000036)","Unfall 39597 (2024) Kat:2, Licht: 0","39597","2","3","5","06","07","3","","0","0","1","0","1"
"POINT (7.081844762000060 50.736585960000070)","Unfall 39598 (2024) Kat:3, Licht: 0","39598","3","6","3","06","13","3","","0","1","1","0","0"
"POINT (7.148140885000032 50.691399540000077)","Unfall 39640 (2024) Kat:3, Licht: 0","39640","3","6","2","06","10","4","","0","0","1","0","0"
"POINT (7.078680357000053 50.749750043000063)","Unfall 39724 (2024) Kat:3, Licht: 0","39724","3","6","2","06","18","2","","0","0","1","0","1"
"POINT (7.108837194000046 50.729489629000057)","Unfall 39725 (2024) Kat:3, Licht: 0","39725","3","6","2","06","15","2","","0","0","1","0","0"
"POINT (7.082668422000040 50.706758201000071)","Unfall 39726 (2024) Kat:3, Licht: 0","39726","3","5","3","06","11","2","","0","1","1","0","0"
"POINT (7.086803747000033 50.714976977000049)","Unfall 39819 (2024) Kat:3, Licht: 0","39819","3","1","0","06","16","1","","0","0","0","0","0"
"POINT (7.171417660000031 50.733923299000026)","Unfall 39900 (2024) Kat:3, Licht: 0","39900","3","3","5","06","17","7","","0","0","1","0","0"
"POINT (7.106033140000022 50.733990109000047)","Unfall 39902 (2024) Kat:2, Licht: 0","39902","2","1","0","06","17","7","","0","1","0","0","0"
"POINT (7.119836446000022 50.740545915000041)","Unfall 39950 (2024) Kat:2, Licht: 0","39950","2","1","0","06","11","4","","0","0","0","0","1"
"POINT (7.122688665000055 50.744031413000073)","Unfall 39991 (2024) Kat:3, Licht: 0","39991","3","2","5","05","12","6","","0","1","1","0","0"
"POINT (7.088755564000053 50.734949771000061)","Unfall 40176 (2024) Kat:3, Licht: 0","40176","3","4","6","05","17","4","","0","0","1","1","0"
"POINT (7.046642949000045 50.739772562000041)","Unfall 40177 (2024) Kat:3, Licht: 0","40177","3","3","5","05","10","4","","0","0","1","0","1"
"POINT (7.152212712000050 50.687368880000065)","Unfall 40216 (2024) Kat:3, Licht: 0","40216","3","2","5","05","09","4","","0","1","1","0","0"
"POINT (7.090096830000050 50.743575681000038)","Unfall 40331 (2024) Kat:3, Licht: 1","40331","3","3","5","05","19","3","","1","1","1","0","0"
"POINT (7.091665140000032 50.743123379000053)","Unfall 40332 (2024) Kat:3, Licht: 0","40332","3","2","5","05","17","3","","0","0","1","0","1"
"POINT (7.118820419000031 50.739895798000077)","Unfall 40348 (2024) Kat:3, Licht: 0","40348","3","7","0","06","14","3","","0","0","0","0","0"
"POINT (7.068908339000075 50.747841743000038)","Unfall 40368 (2024) Kat:3, Licht: 0","40368","3","6","2","06","17","3","","0","0","1","0","0"
"POINT (7.156927425000049 50.752688498000055)","Unfall 40511 (2024) Kat:3, Licht: 0","40511","3","2","5","05","08","2","","0","1","1","0","0"
"POINT (7.096072266000022 50.741887279000082)","Unfall 40514 (2024) Kat:3, Licht: 0","40514","3","6","2","05","15","2","","0","0","1","0","1"
"POINT (7.124556114000029 50.713713422000069)","Unfall 40671 (2024) Kat:3, Licht: 0","40671","3","6","2","06","07","4","","0","0","1","0","1"
"POINT (7.057265420000022 50.719387058000052)","Unfall 40672 (2024) Kat:2, Licht: 0","40672","2","7","0","06","20","4","","0","1","0","0","0"
"POINT (7.096360237000056 50.741812080000045)","Unfall 40674 (2024) Kat:3, Licht: 0","40674","3","2","5","06","12","4","","0","1","1","0","0"
"POINT (7.167712087000041 50.745071777000078)","Unfall 40746 (2024) Kat:3, Licht: 0","40746","3","4","6","06","09","4","","0","0","1","1","0"
"POINT (7.107218611000064 50.760007208000047)","Unfall 40800 (2024) Kat:3, Licht: 0","40800","3","6","2","06","16","3","","0","0","1","0","1"
"POINT (7.052590690000045 50.659078841000053)","Unfall 40937 (2024) Kat:3, Licht: 2","40937","3","7","2","06","03","2","","2","0","1","0","0"
"POINT (7.064327180000021 50.720121380000080)","Unfall 40950 (2024) Kat:3, Licht: 0","40950","3","7","0","06","12","2","","0","0","0","0","0"
"POINT (7.077241717000049 50.729626758000052)","Unfall 41078 (2024) Kat:3, Licht: 2","41078","3","1","0","06","02","1","","2","1","0","0","0"
"POINT (7.075490447000050 50.730561212000055)","Unfall 41300 (2024) Kat:3, Licht: 0","41300","3","6","1","06","12","6","","0","0","1","0","0"
"POINT (7.114278848000026 50.760328522000066)","Unfall 41301 (2024) Kat:3, Licht: 0","41301","3","6","2","06","12","6","","0","0","1","0","0"
"POINT (7.175455931000045 50.743782587000055)","Unfall 41314 (2024) Kat:3, Licht: 1","41314","3","7","8","06","05","6","","1","0","1","0","0"
"POINT (7.137817046000066 50.700656397000046)","Unfall 41458 (2024) Kat:3, Licht: 0","41458","3","6","3","06","17","5","","0","0","1","0","1"
"POINT (7.117626868000059 50.739376902000060)","Unfall 41459 (2024) Kat:3, Licht: 0","41459","3","3","5","06","12","5","","0","1","1","0","0"
"POINT (7.105029954000031 50.737586662000069)","Unfall 41460 (2024) Kat:3, Licht: 0","41460","3","7","0","06","10","5","","0","1","0","0","0"
"POINT (7.105820415000039 50.737674972000036)","Unfall 41591 (2024) Kat:3, Licht: 0","41591","3","2","5","06","12","4","","0","1","1","0","0"
"POINT (7.150318672000026 50.683637617000045)","Unfall 41756 (2024) Kat:3, Licht: 0","41756","3","2","5","07","09","5","","0","1","1","0","0"
"POINT (7.148268827000038 50.691311876000043)","Unfall 41960 (2024) Kat:3, Licht: 0","41960","3","2","5","07","08","3","","0","0","1","0","0"
"POINT (7.151755656000034 50.741112017000034)","Unfall 42084 (2024) Kat:3, Licht: 0","42084","3","2","2","07","09","2","","0","0","0","0","1"
"POINT (7.084751186000062 50.746089398000038)","Unfall 42088 (2024) Kat:3, Licht: 1","42088","3","7","0","07","05","2","","1","0","0","0","1"
"POINT (7.085769008000057 50.717916950000074)","Unfall 42258 (2024) Kat:3, Licht: 0","42258","3","1","0","07","11","7","","0","1","0","0","0"
"POINT (7.114924582000071 50.760485431000063)","Unfall 42332 (2024) Kat:2, Licht: 0","42332","2","3","5","07","13","6","","0","1","1","0","0"
"POINT (7.090638124000066 50.743432797000025)","Unfall 42334 (2024) Kat:3, Licht: 0","42334","3","7","6","07","10","6","","0","0","0","1","0"
"POINT (7.067563381000070 50.726479869000059)","Unfall 42438 (2024) Kat:3, Licht: 0","42438","3","6","2","07","16","5","","0","0","1","0","1"
"POINT (7.119770027000072 50.747261172000037)","Unfall 42545 (2024) Kat:3, Licht: 0","42545","3","6","0","07","17","4","","0","0","1","0","0"
"POINT (7.078001318000076 50.729632788000060)","Unfall 42546 (2024) Kat:3, Licht: 0","42546","3","6","3","07","12","4","","0","0","1","0","0"
"POINT (7.102426814000069 50.739145779000069)","Unfall 42668 (2024) Kat:3, Licht: 2","42668","3","6","2","07","23","3","","2","0","1","0","0"
"POINT (7.039262439000026 50.714508924000029)","Unfall 43017 (2024) Kat:3, Licht: 2","43017","3","1","0","06","01","7","","2","1","0","0","0"
"POINT (7.102663338000070 50.737565354000026)","Unfall 43019 (2024) Kat:3, Licht: 2","43019","3","6","2","06","23","7","","2","0","1","0","0"
"POINT (7.072959097000023 50.727990156000033)","Unfall 43020 (2024) Kat:3, Licht: 0","43020","3","1","0","06","18","7","","0","1","0","0","0"
"POINT (7.075651881000056 50.730594382000049)","Unfall 43181 (2024) Kat:3, Licht: 0","43181","3","6","2","06","14","6","","0","0","1","0","0"
"POINT (7.091061357000058 50.731176359000074)","Unfall 43192 (2024) Kat:3, Licht: 0","43192","3","6","4","06","18","6","","0","1","0","0","0"
"POINT (7.105870553000045 50.737682323000058)","Unfall 43193 (2024) Kat:3, Licht: 0","43193","3","2","5","06","14","6","","0","1","1","0","0"
"POINT (7.174533816000064 50.713425784000037)","Unfall 43367 (2024) Kat:3, Licht: 0","43367","3","6","1","06","17","5","","0","0","1","0","0"
"POINT (7.198924548000036 50.651588867000044)","Unfall 43383 (2024) Kat:2, Licht: 2","43383","2","1","9","06","22","5","","2","0","1","0","0"
"POINT (7.140073615000063 50.698022907000052)","Unfall 43384 (2024) Kat:3, Licht: 0","43384","3","2","5","06","11","5","","0","1","1","0","0"
"POINT (7.157314913000050 50.752762808000057)","Unfall 43387 (2024) Kat:3, Licht: 0","43387","3","3","5","06","17","5","","0","1","1","0","0"
"POINT (7.149875467000072 50.747887289000062)","Unfall 43388 (2024) Kat:2, Licht: 0","43388","2","4","6","06","12","5","","0","0","1","1","0"
"POINT (7.098780418000047 50.737532571000031)","Unfall 43408 (2024) Kat:3, Licht: 0","43408","3","6","2","08","17","6","","0","0","1","0","1"
"POINT (7.103789272000029 50.737345578000031)","Unfall 43588 (2024) Kat:3, Licht: 0","43588","3","2","5","07","07","4","","0","1","1","0","0"
"POINT (7.065474629000050 50.739097583000046)","Unfall 43652 (2024) Kat:2, Licht: 0","43652","2","7","1","07","15","3","","0","0","1","0","1"
"POINT (7.074811508000039 50.741418267000029)","Unfall 43653 (2024) Kat:3, Licht: 0","43653","3","3","5","07","13","3","","0","0","1","0","0"
"POINT (7.044972337000047 50.740259376000040)","Unfall 43816 (2024) Kat:3, Licht: 0","43816","3","5","1","07","14","1","","0","1","1","0","0"
"POINT (7.038983306000034 50.714540904000046)","Unfall 43907 (2024) Kat:3, Licht: 0","43907","3","7","8","07","13","7","","0","0","1","0","0"
"POINT (7.062037982000049 50.721543405000034)","Unfall 44052 (2024) Kat:3, Licht: 0","44052","3","2","3","07","13","3","","0","0","1","0","0"
"POINT (7.123720041000070 50.763990835000072)","Unfall 44064 (2024) Kat:3, Licht: 0","44064","3","6","3","07","14","5","","0","0","1","0","0"
"POINT (7.119755516000055 50.751269165000053)","Unfall 44146 (2024) Kat:3, Licht: 0","44146","3","6","2","07","18","4","","0","0","1","0","1"
"POINT (7.086861886000065 50.714032465000059)","Unfall 44154 (2024) Kat:3, Licht: 0","44154","3","1","0","07","11","2","","0","1","0","0","0"
"POINT (7.080473612000048 50.731117112000049)","Unfall 44255 (2024) Kat:3, Licht: 0","44255","3","3","5","07","09","3","","0","1","1","0","0"
"POINT (7.073509612000066 50.741190135000068)","Unfall 44358 (2024) Kat:3, Licht: 0","44358","3","3","5","07","13","2","","0","1","1","0","0"
"POINT (7.152590532000033 50.685346854000045)","Unfall 44510 (2024) Kat:3, Licht: 0","44510","3","6","2","08","11","6","","0","0","1","0","0"
"POINT (7.167949170000043 50.677633736000075)","Unfall 44628 (2024) Kat:3, Licht: 0","44628","3","7","0","07","18","6","","0","1","0","0","0"
"POINT (7.139720883000052 50.698379592000038)","Unfall 44629 (2024) Kat:3, Licht: 0","44629","3","6","2","07","08","6","","0","0","1","0","0"
"POINT (7.137080460000050 50.751791341000057)","Unfall 44630 (2024) Kat:3, Licht: 0","44630","3","6","2","07","15","6","","0","0","1","0","0"
"POINT (7.174190738000050 50.713507611000068)","Unfall 44746 (2024) Kat:3, Licht: 0","44746","3","6","2","07","16","5","","0","0","1","0","0"
"POINT (7.157024251000053 50.738641249000068)","Unfall 44756 (2024) Kat:3, Licht: 0","44756","3","6","2","07","17","5","","0","0","1","0","1"
"POINT (7.180256487000065 50.734086202000071)","Unfall 44757 (2024) Kat:3, Licht: 0","44757","3","6","4","07","17","5","","0","0","1","0","1"
"POINT (7.096985393000068 50.741641505000075)","Unfall 44759 (2024) Kat:3, Licht: 1","44759","3","6","0","07","20","5","","1","0","1","0","0"
"POINT (7.116422544000045 50.739017831000069)","Unfall 44860 (2024) Kat:3, Licht: 0","44860","3","6","0","07","19","4","","0","1","0","1","0"
"POINT (7.078524449000042 50.738908661000039)","Unfall 44958 (2024) Kat:3, Licht: 0","44958","3","6","2","07","14","3","","0","0","1","0","0"
"POINT (7.092322076000073 50.745469842000034)","Unfall 44959 (2024) Kat:3, Licht: 0","44959","3","6","2","07","14","3","","0","0","1","0","0"
"POINT (7.078498591000027 50.741468317000056)","Unfall 45085 (2024) Kat:3, Licht: 0","45085","3","3","0","07","08","2","","0","1","1","0","0"
"POINT (7.073495581000032 50.728174491000061)","Unfall 45185 (2024) Kat:3, Licht: 0","45185","3","2","5","07","16","5","","0","1","1","0","0"
"POINT (7.102542375000041 50.738732531000039)","Unfall 45220 (2024) Kat:2, Licht: 0","45220","2","1","8","07","19","1","","0","1","0","0","0"
"POINT (7.167986808000023 50.677612343000078)","Unfall 45324 (2024) Kat:3, Licht: 0","45324","3","3","5","07","21","7","","0","1","1","0","0"
"POINT (7.103118333000054 50.738135131000035)","Unfall 45326 (2024) Kat:3, Licht: 0","45326","3","2","4","07","13","7","","0","1","1","0","0"
"POINT (7.132947151000053 50.705351988000075)","Unfall 45525 (2024) Kat:3, Licht: 0","45525","3","3","5","08","17","4","","0","1","0","0","0"
"POINT (7.164446495000050 50.755573542000036)","Unfall 45768 (2024) Kat:1, Licht: 0","45768","1","3","5","08","18","1","","0","0","1","0","1"
"POINT (7.112225276000061 50.724625382000056)","Unfall 45775 (2024) Kat:3, Licht: 0","45775","3","1","0","08","13","3","","0","0","0","0","1"
"POINT (7.085719928000060 50.718675691000044)","Unfall 45783 (2024) Kat:2, Licht: 0","45783","2","6","8","08","15","1","","0","0","0","0","1"
"POINT (7.068524716000070 50.755756851000058)","Unfall 45784 (2024) Kat:3, Licht: 0","45784","3","2","5","08","12","1","","0","1","1","0","0"
"POINT (7.137872674000050 50.765502896000044)","Unfall 45875 (2024) Kat:3, Licht: 0","45875","3","1","9","08","05","7","","0","0","1","0","0"
"POINT (7.112848474000032 50.723759571000073)","Unfall 45880 (2024) Kat:3, Licht: 2","45880","3","1","0","08","01","7","","2","0","0","0","0"
"POINT (7.131721477000042 50.662544190000062)","Unfall 45995 (2024) Kat:3, Licht: 0","45995","3","1","0","08","11","6","","0","1","0","0","0"
"POINT (7.154916105000041 50.752435760000026)","Unfall 46105 (2024) Kat:3, Licht: 0","46105","3","6","2","08","17","5","","0","0","1","0","0"
"POINT (7.080536933000076 50.748641101000032)","Unfall 46206 (2024) Kat:3, Licht: 0","46206","3","6","2","08","19","4","","0","0","1","0","0"
"POINT (7.033142340000040 50.730281790000049)","Unfall 46301 (2024) Kat:3, Licht: 0","46301","3","1","9","08","11","3","","0","0","1","0","0"
"POINT (7.098678947000053 50.740737806000027)","Unfall 46418 (2024) Kat:3, Licht: 0","46418","3","1","0","08","16","2","","0","1","0","0","0"