WKT,Name,OBJECTID,UKATEGORIE,UTYP1,UART,UMONAT,USTUNDE,UWOCHENTAG,STRZUSTAND,ULICHTVERH,ISTRAD,ISTPKW,ISTFUSS,ISTKRAD
"POINT (7.143469556000070 50.745727173000034)","Unfall 61173 (2024) Kat:3, Licht: 0","61173","3","6","2","12","09","6","","0","0","1","0","0"
"POINT (7.077263833000075 50.742649678000078)","Unfall 61229 (2024) Kat:3, Licht: 0","61229","3","2","5","12","15","5","","0","1","1","0","0"
"POINT (7.086595002000024 50.737278348000075)","Unfall 61494 (2024) Kat:3, Licht: 2","61494","3","1","0","12","20","1","","2","1","0","0","0"
"POINT (7.138483279000070 50.699635599000032)","Unfall 61565 (2024) Kat:3, Licht: 2","61565","3","6","3","12","20","7","","2","0","1","0","0"
"POINT (7.104591598000070 50.736420899000052)","Unfall 61567 (2024) Kat:3, Licht: 2","61567","3","6","3","12","17","7","","2","1","1","0","0"
"POINT (7.124335326000050 50.713722739000048)","Unfall 61683 (2024) Kat:3, Licht: 0","61683","3","6","3","12","13","6","","0","0","1","0","0"
"POINT (7.099177800000064 50.747268918000032)","Unfall 61686 (2024) Kat:3, Licht: 0","61686","3","6","6","12","13","6","","0","1","0","1","0"
"POINT (7.090380064000044 50.734521979000078)","Unfall 61687 (2024) Kat:3, Licht: 0","61687","3","3","5","12","13","6","","0","1","1","0","0"
"POINT (7.043439626000065 50.746431896000047)","Unfall 169147 (2024) Kat:3, Licht: 0","169147","3","6","2","01","11","7","","0","0","1","0","0"
"POINT (7.055543740000076 50.743300334000025)","Unfall 169173 (2024) Kat:3, Licht: 1","169173","3","2","2","01","18","6","","1","0","1","0","0"
"POINT (7.090882977000035 50.751212227000053)","Unfall 169175 (2024) Kat:3, Licht: 0","169175","3","5","3","01","11","6","","0","1","1","0","0"
"POINT (7.132388380000066 50.684615269000062)","Unfall 169246 (2024) Kat:3, Licht: 0","169246","3","1","4","01","14","4","","0","0","1","0","0"
"POINT (7.147194309000042 50.688478170000053)","Unfall 169290 (2024) Kat:3, Licht: 0","169290","3","1","0","01","09","3","","0","1","0","0","0"
"POINT (7.044486849000066 50.712108053000065)","Unfall 169291 (2024) Kat:3, Licht: 0","169291","3","1","0","01","08","3","","0","1","0","0","0"
"POINT (7.158064900000056 50.744121034000045)","Unfall 169292 (2024) Kat:3, Licht: 0","169292","3","1","0","01","14","3","","0","0","0","0","0"
"POINT (7.064840639000067 50.722905308000065)","Unfall 169293 (2024) Kat:3, Licht: 2","169293","3","1","0","01","06","3","","2","0","0","0","0"
"POINT (7.157467539000038 50.724412248000078)","Unfall 169336 (2024) Kat:3, Licht: 2","169336","3","3","5","01","18","2","","2","1","1","0","0"
"POINT (7.129108985000073 50.751073786000063)","Unfall 169337 (2024) Kat:3, Licht: 0","169337","3","3","5","01","14","2","","0","0","1","0","1"
"POINT (7.086756375000050 50.754832333000081)","Unfall 169338 (2024) Kat:3, Licht: 0","169338","3","3","5","01","15","2","","0","0","1","0","0"
"POINT (7.072578374000045 50.727059820000079)","Unfall 169363 (2024) Kat:3, Licht: 0","169363","3","1","0","01","16","1","","0","1","0","0","0"
"POINT (7.094957251000039 50.737768658000050)","Unfall 169377 (2024) Kat:3, Licht: 2","169377","3","1","0","01","23","7","","2","1","0","0","0"
"POINT (7.065962534000050 50.745232621000071)","Unfall 169378 (2024) Kat:3, Licht: 0","169378","3","4","6","01","14","7","","0","0","1","1","0"
"POINT (7.046548045000065 50.714077034000070)","Unfall 169435 (2024) Kat:3, Licht: 1","169435","3","1","0","01","16","6","","1","1","0","0","0"
"POINT (7.044417468000063 50.727864025000031)","Unfall 169437 (2024) Kat:2, Licht: 0","169437","2","7","0","01","07","6","","0","0","0","0","0"
"POINT (7.062351553000042 50.747081011000034)","Unfall 169438 (2024) Kat:3, Licht: 2","169438","3","2","0","01","08","6","","2","0","0","0","0"
"POINT (7.160208158000046 50.691020860000037)","Unfall 169512 (2024) Kat:2, Licht: 0","169512","2","3","5","01","11","5","","0","1","1","0","0"
"POINT (7.166864433000057 50.746059034000041)","Unfall 169592 (2024) Kat:3, Licht: 2","169592","3","3","5","01","17","3","","2","1","1","0","0"
"POINT (7.073517668000022 50.755955535000055)","Unfall 169593 (2024) Kat:3, Licht: 0","169593","3","5","1","01","14","3","","0","1","1","0","0"
"POINT (7.052056101000062 50.748788432000026)","Unfall 169594 (2024) Kat:3, Licht: 0","169594","3","3","5","01","10","3","","0","1","1","0","0"
"POINT (7.123383941000043 50.700242982000077)","Unfall 169640 (2024) Kat:3, Licht: 0","169640","3","7","6","01","16","2","","0","0","1","1","0"
"POINT (7.154250972000057 50.740553914000031)","Unfall 169642 (2024) Kat:3, Licht: 0","169642","3","6","9","01","11","2","","0","0","1","0","0"
"POINT (7.080519440000046 50.752547644000060)","Unfall 169643 (2024) Kat:3, Licht: 0","169643","3","2","5","01","13","2","","0","1","1","0","0"
"POINT (7.099935495000068 50.727536982000061)","Unfall 169755 (2024) Kat:3, Licht: 0","169755","3","1","0","01","09","5","","0","1","0","0","0"
"POINT (7.088977465000028 50.752811460000032)","Unfall 169771 (2024) Kat:3, Licht: 2","169771","3","1","0","01","05","4","","2","0","0","0","1"
"POINT (7.057353863000060 50.712401928000077)","Unfall 169806 (2024) Kat:2, Licht: 2","169806","2","4","6","01","05","4","","2","0","1","1","0"
"POINT (7.088431420000063 50.753314617000058)","Unfall 169846 (2024) Kat:3, Licht: 2","169846","3","6","2","01","20","3","","2","0","1","0","0"
"POINT (7.092490365000060 50.739523812000073)","Unfall 169847 (2024) Kat:3, Licht: 0","169847","3","3","5","01","14","3","","0","0","1","0","0"
"POINT (7.085161363000054 50.728574966000053)","Unfall 170305 (2024) Kat:3, Licht: 2","170305","3","1","0","02","18","1","","2","1","0","0","0"
"POINT (7.070978582000066 50.725865925000051)","Unfall 170306 (2024) Kat:3, Licht: 0","170306","3","7","6","02","12","1","","0","1","0","1","0"
"POINT (7.052158673000065 50.748641317000079)","Unfall 170307 (2024) Kat:3, Licht: 0","170307","3","7","0","02","10","1","","0","0","0","0","1"
"POINT (7.133503531000031 50.737471414000026)","Unfall 170423 (2024) Kat:3, Licht: 0","170423","3","3","5","02","11","5","","0","1","1","0","0"
"POINT (7.092395514000032 50.727168122000080)","Unfall 170424 (2024) Kat:3, Licht: 0","170424","3","7","1","02","15","5","","0","0","1","0","1"
"POINT (7.159075850000022 50.693744626000068)","Unfall 170477 (2024) Kat:3, Licht: 0","170477","3","3","5","02","12","4","","0","0","1","0","0"
"POINT (7.145178003000069 50.692692397000030)","Unfall 170478 (2024) Kat:3, Licht: 0","170478","3","2","5","02","11","4","","0","0","1","0","0"
"POINT (7.106358581000052 50.729081981000036)","Unfall 170482 (2024) Kat:3, Licht: 0","170482","3","5","1","02","09","4","","0","1","1","0","0"
"POINT (7.050425482000037 50.745137226000054)","Unfall 170525 (2024) Kat:3, Licht: 2","170525","3","4","6","02","23","3","","2","0","1","1","0"
"POINT (7.119564252000032 50.713342984000064)","Unfall 170561 (2024) Kat:3, Licht: 0","170561","3","6","3","02","07","2","","0","1","0","0","0"
"POINT (7.191523403000076 50.660652743000071)","Unfall 170632 (2024) Kat:3, Licht: 0","170632","3","7","6","02","16","7","","0","0","0","1","0"
"POINT (7.160904584000036 50.680018377000067)","Unfall 170672 (2024) Kat:3, Licht: 1","170672","3","3","5","02","07","6","","1","1","1","0","0"
"POINT (7.078128178000043 50.754544489000068)","Unfall 170673 (2024) Kat:3, Licht: 0","170673","3","3","5","02","15","6","","0","1","1","0","0"
"POINT (7.127016520000041 50.697607185000038)","Unfall 170716 (2024) Kat:3, Licht: 0","170716","3","4","6","02","16","5","","0","0","1","1","0"
"POINT (7.106579797000052 50.720839378000051)","Unfall 170717 (2024) Kat:3, Licht: 0","170717","3","2","5","02","08","5","","0","1","1","0","0"
"POINT (7.107325350000053 50.736956948000056)","Unfall 170790 (2024) Kat:3, Licht: 1","170790","3","6","3","01","07","4","","1","1","0","0","0"
"POINT (7.115161933000024 50.740434782000079)","Unfall 170834 (2024) Kat:3, Licht: 0","170834","3","3","5","01","08","3","","0","1","1","0","0"
"POINT (7.092765346000022 50.734477288000051)","Unfall 170874 (2024) Kat:3, Licht: 2","170874","3","4","6","01","06","2","","2","1","0","1","0"
"POINT (7.090585181000051 50.737865529000032)","Unfall 170910 (2024) Kat:3, Licht: 2","170910","3","2","6","01","00","1","","2","0","1","1","0"
"POINT (7.043487268000035 50.717654427000070)","Unfall 170956 (2024) Kat:2, Licht: 2","170956","2","6","2","01","20","7","","2","1","1","0","0"
"POINT (7.171623708000027 50.712866872000063)","Unfall 170957 (2024) Kat:3, Licht: 0","170957","3","3","0","01","15","7","","0","1","1","0","0"
"POINT (7.087521892000041 50.722125848000076)","Unfall 170958 (2024) Kat:3, Licht: 2","170958","3","2","5","01","20","7","","2","1","1","0","0"
"POINT (7.162004283000044 50.694555727000079)","Unfall 171007 (2024) Kat:3, Licht: 1","171007","3","7","0","02","17","7","","1","0","0","0","0"
"POINT (7.159005096000044 50.682161474000054)","Unfall 171013 (2024) Kat:3, Licht: 0","171013","3","5","1","01","15","6","","0","1","1","0","0"
"POINT (7.153835973000071 50.669148193000069)","Unfall 171014 (2024) Kat:3, Licht: 0","171014","3","7","1","01","11","6","","0","0","1","0","0"
"POINT (7.076757796000038 50.724733418000028)","Unfall 171016 (2024) Kat:3, Licht: 0","171016","3","6","2","01","08","6","","0","1","1","0","0"
"POINT (7.044158151000033 50.750730259000079)","Unfall 171078 (2024) Kat:3, Licht: 0","171078","3","1","0","01","16","5","","0","0","0","0","0"
"POINT (7.104323547000035 50.721245222000050)","Unfall 171079 (2024) Kat:3, Licht: 2","171079","3","2","5","01","06","5","","2","1","1","0","0"
"POINT (7.047561324000071 50.706731519000073)","Unfall 171126 (2024) Kat:3, Licht: 1","171126","3","1","0","01","07","4","","1","0","0","0","0"
"POINT (7.118864124000027 50.705209317000026)","Unfall 171127 (2024) Kat:3, Licht: 2","171127","3","6","2","01","18","4","","2","0","1","0","0"
"POINT (7.056105768000066 50.697253523000029)","Unfall 171162 (2024) Kat:3, Licht: 0","171162","3","7","0","02","11","6","","0","1","0","0","0"
"POINT (7.102389118000076 50.716475365000065)","Unfall 171170 (2024) Kat:3, Licht: 0","171170","3","1","0","01","11","2","","0","1","0","0","0"
"POINT (7.125873260000049 50.700574938000045)","Unfall 171190 (2024) Kat:2, Licht: 2","171190","2","2","4","01","18","3","","2","1","1","0","0"
"POINT (7.058107684000049 50.705434359000037)","Unfall 171193 (2024) Kat:3, Licht: 0","171193","3","3","5","01","07","3","","0","1","1","0","0"
"POINT (7.097628293000071 50.742131930000028)","Unfall 171194 (2024) Kat:3, Licht: 0","171194","3","3","5","01","08","3","","0","1","1","0","0"
"POINT (7.097559325000020 50.729688651000060)","Unfall 171239 (2024) Kat:3, Licht: 2","171239","3","1","9","01","20","7","","2","0","1","0","0"
"POINT (7.154856526000060 50.684486183000047)","Unfall 171271 (2024) Kat:3, Licht: 0","171271","3","7","0","01","13","2","","0","0","0","0","0"
"POINT (7.095027683000069 50.733890195000072)","Unfall 171319 (2024) Kat:3, Licht: 0","171319","3","7","6","03","13","2","","0","0","0","1","0"
"POINT (7.106287481000038 50.721020876000068)","Unfall 171363 (2024) Kat:3, Licht: 0","171363","3","6","3","03","09","1","","0","0","1","0","1"
"POINT (7.049343652000061 50.738548031000050)","Unfall 171409 (2024) Kat:3, Licht: 2","171409","3","5","1","03","03","7","","2","0","1","0","0"
"POINT (7.105976801000054 50.713063928000054)","Unfall 171456 (2024) Kat:3, Licht: 0","171456","3","6","2","03","12","6","","0","1","1","0","0"
"POINT (7.042036780000046 50.711225179000053)","Unfall 171508 (2024) Kat:3, Licht: 0","171508","3","2","5","02","15","5","","0","1","1","0","0"
"POINT (7.074475189000054 50.749683775000051)","Unfall 171509 (2024) Kat:3, Licht: 0","171509","3","1","0","02","17","5","","0","1","0","0","0"
"POINT (7.097850254000036 50.721233776000076)","Unfall 171510 (2024) Kat:3, Licht: 0","171510","3","1","0","02","14","5","","0","1","0","0","0"
"POINT (7.056261447000054 50.719401253000058)","Unfall 171551 (2024) Kat:3, Licht: 0","171551","3","3","5","02","15","4","","0","0","1","0","0"
"POINT (7.095489121000071 50.736053854000033)","Unfall 171552 (2024) Kat:2, Licht: 0","171552","2","2","6","02","08","4","","0","0","0","1","0"
"POINT (7.098153763000028 50.732121727000049)","Unfall 171553 (2024) Kat:3, Licht: 0","171553","3","1","0","02","17","4","","0","1","0","0","0"
"POINT (7.123515690000033 50.739824454000029)","Unfall 171606 (2024) Kat:3, Licht: 0","171606","3","6","6","02","18","3","","0","1","0","1","0"
"POINT (7.088777302000040 50.752995882000050)","Unfall 171607 (2024) Kat:2, Licht: 2","171607","2","2","5","02","18","3","","2","0","1","0","0"
"POINT (7.039774039000065 50.722231828000076)","Unfall 171654 (2024) Kat:3, Licht: 0","171654","3","2","6","02","08","2","","0","0","1","1","0"
"POINT (7.072764995000057 50.737172422000071)","Unfall 171655 (2024) Kat:3, Licht: 2","171655","3","6","2","02","19","2","","2","0","1","0","0"
"POINT (7.073105847000022 50.738586081000051)","Unfall 171656 (2024) Kat:3, Licht: 1","171656","3","2","6","02","07","2","","1","0","1","1","0"
"POINT (7.082229497000071 50.730181600000037)","Unfall 171657 (2024) Kat:3, Licht: 1","171657","3","1","0","02","07","2","","1","0","0","0","0"
"POINT (7.083346646000052 50.739267974000029)","Unfall 171658 (2024) Kat:3, Licht: 0","171658","3","2","5","02","08","2","","0","1","1","0","0"
"POINT (7.163524011000050 50.726152191000040)","Unfall 171691 (2024) Kat:3, Licht: 0","171691","3","6","9","02","10","1","","0","0","1","0","0"
"POINT (7.115110021000021 50.740425644000027)","Unfall 171693 (2024) Kat:3, Licht: 0","171693","3","3","5","02","15","1","","0","1","1","0","0"
"POINT (7.093791058000022 50.747809233000055)","Unfall 171694 (2024) Kat:3, Licht: 1","171694","3","7","5","02","17","1","","1","0","1","0","0"
"POINT (7.071821054000054 50.748541603000035)","Unfall 171716 (2024) Kat:3, Licht: 0","171716","3","7","0","02","08","7","","0","0","1","0","0"
"POINT (7.096317497000030 50.733215788000052)","Unfall 171755 (2024) Kat:3, Licht: 0","171755","3","6","6","02","09","6","","0","0","1","1","0"
"POINT (7.069702252000070 50.724996040000065)","Unfall 171756 (2024) Kat:3, Licht: 0","171756","3","3","5","02","09","6","","0","1","1","0","0"
"POINT (7.045944228000053 50.713863507000042)","Unfall 171802 (2024) Kat:3, Licht: 0","171802","3","1","0","02","15","5","","0","0","0","0","0"
"POINT (7.150936806000061 50.742314542000031)","Unfall 171803 (2024) Kat:3, Licht: 0","171803","3","7","6","02","16","5","","0","0","1","1","0"
"POINT (7.139729780000039 50.697872972000027)","Unfall 171866 (2024) Kat:3, Licht: 0","171866","3","3","5","02","15","4","","0","0","1","0","0"
"POINT (7.094361782000021 50.719838345000028)","Unfall 171867 (2024) Kat:2, Licht: 1","171867","2","4","6","02","07","4","","1","1","0","1","0"
"POINT (7.041338915000040 50.750315319000038)","Unfall 171868 (2024) Kat:3, Licht: 0","171868","3","2","0","02","07","4","","0","1","1","0","0"
"POINT (7.115853294000033 50.716901805000077)","Unfall 171908 (2024) Kat:2, Licht: 2","171908","2","1","0","02","19","3","","2","1","0","0","0"
"POINT (7.127766991000044 50.762762787000042)","Unfall 171909 (2024) Kat:2, Licht: 0","171909","2","7","8","02","15","3","","0","1","0","0","0"
"POINT (7.097878122000054 50.726665103000073)","Unfall 171910 (2024) Kat:3, Licht: 0","171910","3","6","5","02","16","3","","0","1","1","0","0"
"POINT (7.072069198000065 50.748716256000080)","Unfall 171911 (2024) Kat:3, Licht: 0","171911","3","3","5","02","10","3","","0","0","1","0","1"
"POINT (7.057507276000024 50.699670435000030)","Unfall 171956 (2024) Kat:3, Licht: 0","171956","3","7","6","02","13","2","","0","0","0","1","0"
"POINT (7.097795924000025 50.736697528000036)","Unfall 171957 (2024) Kat:3, Licht: 0","171957","3","3","0","02","13","2","","0","1","0","0","0"
"POINT (7.152984221000054 50.684413653000036)","Unfall 172019 (2024) Kat:3, Licht: 0","172019","3","1","0","02","11","7","","0","1","0","0","0"
"POINT (7.170248978000075 50.677265432000070)","Unfall 172020 (2024) Kat:3, Licht: 2","172020","3","2","6","02","20","7","","2","0","1","1","0"
"POINT (7.139623570000026 50.737340513000049)","Unfall 172122 (2024) Kat:3, Licht: 0","172122","3","2","5","02","16","5","","0","0","1","0","0"
"POINT (7.109292169000071 50.710004483000034)","Unfall 172123 (2024) Kat:3, Licht: 0","172123","3","6","3","02","10","5","","0","1","0","0","0"
"POINT (7.176012607000075 50.678179406000027)","Unfall 172247 (2024) Kat:3, Licht: 0","172247","3","2","5","02","13","3","","0","1","1","0","0"
"POINT (7.166910844000029 50.750800650000031)","Unfall 172248 (2024) Kat:2, Licht: 0","172248","2","1","0","02","16","3","","0","1","0","0","0"
"POINT (7.107919114000026 50.716736208000043)","Unfall 172321 (2024) Kat:3, Licht: 2","172321","3","2","5","02","19","4","","2","0","1","0","1"
"POINT (7.157439700000054 50.684671954000066)","Unfall 172432 (2024) Kat:3, Licht: 2","172432","3","3","5","03","02","5","","2","0","1","0","0"
"POINT (7.057735579000052 50.707354033000058)","Unfall 172433 (2024) Kat:3, Licht: 0","172433","3","6","2","03","14","5","","0","0","1","0","0"
"POINT (7.105768869000030 50.727055493000080)","Unfall 172434 (2024) Kat:3, Licht: 2","172434","3","1","0","03","19","5","","2","1","0","0","0"
"POINT (7.096551934000047 50.732594524000035)","Unfall 172436 (2024) Kat:3, Licht: 0","172436","3","1","0","03","15","5","","0","1","0","0","0"
"POINT (7.130717611000023 50.694788157000062)","Unfall 172503 (2024) Kat:3, Licht: 2","172503","3","2","5","03","19","4","","2","1","1","0","0"
"POINT (7.084964004000028 50.734873101000062)","Unfall 172504 (2024) Kat:3, Licht: 0","172504","3","1","0","03","15","4","","0","0","0","0","1"
"POINT (7.162420734000023 50.682402516000082)","Unfall 172572 (2024) Kat:3, Licht: 0","172572","3","2","5","03","07","3","","0","1","1","0","0"
"POINT (7.075663344000077 50.726980060000074)","Unfall 172625 (2024) Kat:3, Licht: 2","172625","3","4","6","03","19","3","","2","0","0","1","0"
"POINT (7.102187173000061 50.734405955000057)","Unfall 172650 (2024) Kat:2, Licht: 0","172650","2","4","6","03","19","2","","0","1","0","1","0"
"POINT (7.165655056000048 50.748890195000058)","Unfall 172675 (2024) Kat:3, Licht: 0","172675","3","1","0","03","11","1","","0","1","0","0","0"
"POINT (7.156358816000022 50.684706863000031)","Unfall 172738 (2024) Kat:3, Licht: 0","172738","3","7","0","03","09","6","","0","1","0","0","0"
"POINT (7.096541339000055 50.722499833000029)","Unfall 172739 (2024) Kat:3, Licht: 2","172739","3","2","6","03","19","6","","2","0","1","1","0"
"POINT (7.097138787000063 50.750423602000069)","Unfall 172740 (2024) Kat:3, Licht: 0","172740","3","1","0","03","15","6","","0","1","0","0","0"
"POINT (7.058305110000049 50.747030918000064)","Unfall 172811 (2024) Kat:2, Licht: 0","172811","2","4","6","03","15","5","","0","0","1","1","0"
"POINT (7.111406454000075 50.707441084000038)","Unfall 172863 (2024) Kat:3, Licht: 1","172863","3","6","2","03","18","4","","1","1","0","0","0"
"POINT (7.052180407000037 50.748878067000078)","Unfall 172864 (2024) Kat:3, Licht: 0","172864","3","2","2","03","09","4","","0","1","1","0","0"
"POINT (7.099986585000067 50.727489189000039)","Unfall 172865 (2024) Kat:2, Licht: 1","172865","2","1","0","03","07","4","","1","1","0","0","0"
"POINT (7.106971431000034 50.720317878000060)","Unfall 172912 (2024) Kat:3, Licht: 2","172912","3","4","6","03","18","3","","2","0","1","1","0"
"POINT (7.102516684000022 50.728590292000035)","Unfall 172954 (2024) Kat:3, Licht: 1","172954","3","1","0","03","18","2","","1","1","0","0","0"
"POINT (7.101325377000023 50.732753761000026)","Unfall 172955 (2024) Kat:3, Licht: 0","172955","3","4","6","03","15","2","","0","0","1","1","0"
"POINT (7.092432002000066 50.739518517000079)","Unfall 173041 (2024) Kat:3, Licht: 0","173041","3","7","6","03","11","7","","0","0","1","1","0"
"POINT (7.073648526000056 50.745745954000029)","Unfall 173078 (2024) Kat:3, Licht: 0","173078","3","6","2","03","15","6","","0","0","1","0","0"
"POINT (7.157376844000055 50.685177967000072)","Unfall 173088 (2024) Kat:3, Licht: 2","173088","3","7","0","03","19","6","","2","1","0","0","0"
"POINT (7.178280667000024 50.673120192000056)","Unfall 173089 (2024) Kat:3, Licht: 0","173089","3","6","2","03","16","6","","0","0","1","0","0"
"POINT (7.054402382000035 50.713948839000068)","Unfall 173090 (2024) Kat:3, Licht: 0","173090","3","7","0","03","12","6","","0","0","0","0","0"
"POINT (7.059414227000048 50.749473536000039)","Unfall 173153 (2024) Kat:2, Licht: 0","173153","2","1","0","03","10","5","","0","1","0","0","0"
"POINT (7.123007001000076 50.739945901000056)","Unfall 173216 (2024) Kat:2, Licht: 0","173216","2","1","0","03","16","4","","0","1","0","0","0"
"POINT (7.067325578000066 50.742167115000029)","Unfall 173219 (2024) Kat:3, Licht: 0","173219","3","1","8","03","09","4","","0","0","1","0","0"
"POINT (7.111462775000064 50.707391013000063)","Unfall 173220 (2024) Kat:3, Licht: 0","173220","3","5","1","03","07","4","","0","1","1","0","0"
"POINT (7.174947529000065 50.668386738000038)","Unfall 173282 (2024) Kat:3, Licht: 0","173282","3","2","2","03","10","3","","0","0","1","0","0"
"POINT (7.047443904000033 50.710658766000051)","Unfall 173285 (2024) Kat:3, Licht: 0","173285","3","7","1","03","17","3","","0","0","1","0","1"
"POINT (7.119172841000022 50.739081218000081)","Unfall 173287 (2024) Kat:3, Licht: 0","173287","3","5","1","03","16","3","","0","1","1","0","0"
"POINT (7.117188572000032 50.736626461000071)","Unfall 173288 (2024) Kat:3, Licht: 0","173288","3","3","5","03","09","3","","0","1","1","0","0"
"POINT (7.051236958000061 50.710743564000040)","Unfall 173367 (2024) Kat:3, Licht: 0","173367","3","3","5","03","09","2","","0","0","1","0","0"
"POINT (7.092610594000064 50.754501345000051)","Unfall 173373 (2024) Kat:3, Licht: 0","173373","3","5","1","04","07","1","","0","0","1","0","0"
"POINT (7.156983735000040 50.697524585000053)","Unfall 173442 (2024) Kat:3, Licht: 0","173442","3","5","1","04","19","7","","0","1","1","0","0"
"POINT (7.095866221000051 50.751921187000050)","Unfall 173443 (2024) Kat:3, Licht: 0","173443","3","5","1","04","15","7","","0","0","1","0","1"
"POINT (7.059490330000074 50.735642369000061)","Unfall 173444 (2024) Kat:3, Licht: 0","173444","3","2","5","04","15","7","","0","0","1","0","1"
"POINT (7.099829991000036 50.732092625000064)","Unfall 173497 (2024) Kat:2, Licht: 0","173497","2","5","1","04","14","6","","0","1","0","0","0"
"POINT (7.093938529000070 50.723042442000065)","Unfall 173559 (2024) Kat:3, Licht: 0","173559","3","3","2","04","14","5","","0","0","1","0","1"
"POINT (7.073748418000037 50.727751025000032)","Unfall 173560 (2024) Kat:2, Licht: 0","173560","2","1","7","04","06","5","","0","1","0","0","0"
"POINT (7.101560783000025 50.729519163000077)","Unfall 173561 (2024) Kat:3, Licht: 0","173561","3","3","5","04","09","5","","0","0","1","0","1"
"POINT (7.093181432000051 50.739964305000058)","Unfall 173613 (2024) Kat:3, Licht: 0","173613","3","6","4","04","15","4","","0","1","1","0","0"
"POINT (7.048175127000036 50.749913648000074)","Unfall 173672 (2024) Kat:3, Licht: 0","173672","3","1","0","04","10","3","","0","1","0","0","0"
"POINT (7.058010837000040 50.705450919000043)","Unfall 173734 (2024) Kat:3, Licht: 0","173734","3","3","5","04","16","2","","0","1","1","0","0"
"POINT (7.098406467000075 50.739148036000074)","Unfall 173735 (2024) Kat:3, Licht: 2","173735","3","1","0","04","23","2","","2","1","0","0","0"
"POINT (7.136868630000038 50.682288672000027)","Unfall 173813 (2024) Kat:3, Licht: 0","173813","3","3","5","04","14","1","","0","1","1","0","0"
"POINT (7.127341103000049 50.732789841000056)","Unfall 173817 (2024) Kat:3, Licht: 0","173817","3","5","1","04","14","7","","0","0","1","0","1"
"POINT (7.067295337000076 50.742164693000063)","Unfall 173870 (2024) Kat:3, Licht: 0","173870","3","2","2","04","18","7","","0","0","1","0","0"
"POINT (7.095726825000042 50.738195023000060)","Unfall 173871 (2024) Kat:3, Licht: 0","173871","3","7","6","04","10","7","","0","0","1","1","0"
"POINT (7.098674559000074 50.738659906000066)","Unfall 173872 (2024) Kat:3, Licht: 2","173872","3","7","6","04","01","7","","2","0","1","1","0"
"POINT (7.161369857000068 50.695427228000028)","Unfall 173980 (2024) Kat:3, Licht: 0","173980","3","3","5","04","16","5","","0","1","1","0","0"
"POINT (7.166064166000069 50.728613597000049)","Unfall 173981 (2024) Kat:3, Licht: 0","173981","3","7","0","04","15","5","","0","0","1","0","0"
"POINT (7.119037863000074 50.739052934000028)","Unfall 173983 (2024) Kat:3, Licht: 0","173983","3","1","0","04","09","5","","0","1","0","0","0"
"POINT (7.099037748000057 50.732265222000080)","Unfall 173988 (2024) Kat:3, Licht: 0","173988","3","7","6","04","17","5","","0","1","0","1","0"
"POINT (7.101936650000027 50.732455993000031)","Unfall 173989 (2024) Kat:3, Licht: 0","173989","3","3","5","04","14","5","","0","0","1","0","0"
"POINT (7.057029067000030 50.753682838000032)","Unfall 174034 (2024) Kat:3, Licht: 2","174034","3","1","0","04","21","4","","2","1","0","0","0"
"POINT (7.094928783000057 50.718344932000036)","Unfall 174084 (2024) Kat:3, Licht: 0","174084","3","6","4","04","16","3","","0","1","1","0","0"
"POINT (7.092211831000043 50.720460224000078)","Unfall 174085 (2024) Kat:3, Licht: 0","174085","3","1","9","04","15","3","","0","0","1","0","0"
"POINT (7.071498548000022 50.714837583000076)","Unfall 174113 (2024) Kat:3, Licht: 0","174113","3","3","5","04","10","2","","0","0","1","0","0"
"POINT (7.101606858000025 50.735180640000067)","Unfall 174134 (2024) Kat:3, Licht: 0","174134","3","6","6","03","14","1","","0","1","0","1","0"
"POINT (7.103010277000067 50.730256787000030)","Unfall 174135 (2024) Kat:3, Licht: 2","174135","3","4","6","03","22","1","","2","1","0","1","0"
"POINT (7.119668790000048 50.704494173000057)","Unfall 174136 (2024) Kat:3, Licht: 0","174136","3","5","8","03","07","1","","0","0","1","0","0"
"POINT (7.051421414000060 50.736623331000033)","Unfall 174161 (2024) Kat:2, Licht: 0","174161","2","3","5","04","16","2","","0","1","0","0","0"
"POINT (7.098229814000035 50.738799782000058)","Unfall 174209 (2024) Kat:3, Licht: 0","174209","3","1","0","03","13","6","","0","1","1","0","0"
"POINT (7.062693650000028 50.747054475000027)","Unfall 174237 (2024) Kat:3, Licht: 0","174237","3","6","2","03","11","5","","0","0","1","0","1"
"POINT (7.104123706000053 50.726755880000042)","Unfall 174382 (2024) Kat:3, Licht: 0","174382","3","6","3","03","17","2","","0","1","1","0","0"
"POINT (7.055671750000045 50.705898480000030)","Unfall 174421 (2024) Kat:3, Licht: 0","174421","3","7","8","03","15","1","","0","0","1","0","0"
"POINT (7.060832717000039 50.711640234000072)","Unfall 174465 (2024) Kat:3, Licht: 0","174465","3","6","6","05","09","4","","0","1","0","1","0"