WKT,Name,OBJECTID,UKATEGORIE,UTYP1,UART,UMONAT,USTUNDE,UWOCHENTAG,STRZUSTAND,ULICHTVERH,ISTRAD,ISTPKW,ISTFUSS,ISTKRAD
"POINT (7.122552458000030 50.739884321000034)","Unfall 174466 (2024) Kat:2, Licht: 0","174466","2","1","0","05","16","4","","0","1","0","0","0"
"POINT (7.136936372000036 50.710849679000034)","Unfall 174552 (2024) Kat:3, Licht: 0","174552","3","3","5","04","18","3","","0","1","0","0","0"
"POINT (7.058053691000055 50.704059224000048)","Unfall 174553 (2024) Kat:3, Licht: 0","174553","3","6","2","04","19","3","","0","0","1","0","0"
"POINT (7.052744014000041 50.704079550000074)","Unfall 174554 (2024) Kat:3, Licht: 0","174554","3","6","2","04","08","3","","0","0","1","0","0"
"POINT (7.091792209000062 50.735294329000055)","Unfall 174555 (2024) Kat:3, Licht: 0","174555","3","2","5","04","16","3","","0","1","1","0","0"
"POINT (7.110042176000036 50.712192763000076)","Unfall 174556 (2024) Kat:2, Licht: 0","174556","2","5","1","04","15","3","","0","1","1","0","0"
"POINT (7.057955159000073 50.707870550000052)","Unfall 174616 (2024) Kat:2, Licht: 1","174616","2","1","0","04","20","2","","1","1","0","0","0"
"POINT (7.119036188000052 50.739053043000069)","Unfall 174617 (2024) Kat:3, Licht: 0","174617","3","1","0","04","18","2","","0","1","0","0","0"
"POINT (7.156622721000076 50.753250098000080)","Unfall 174682 (2024) Kat:2, Licht: 0","174682","2","1","0","04","18","1","","0","0","0","0","0"
"POINT (7.096184380000068 50.735854836000044)","Unfall 174683 (2024) Kat:3, Licht: 0","174683","3","4","6","04","15","1","","0","0","0","1","0"
"POINT (7.117178009000042 50.736674882000045)","Unfall 174723 (2024) Kat:3, Licht: 0","174723","3","3","5","04","14","7","","0","1","1","0","0"
"POINT (7.100496595000038 50.727778357000034)","Unfall 174724 (2024) Kat:2, Licht: 0","174724","2","1","0","04","15","7","","0","1","0","0","0"
"POINT (7.151673651000067 50.666344106000054)","Unfall 174770 (2024) Kat:3, Licht: 0","174770","3","6","2","04","12","6","","0","0","1","0","0"
"POINT (7.119025217000058 50.739053754000054)","Unfall 174771 (2024) Kat:2, Licht: 0","174771","2","4","6","04","17","6","","0","0","1","1","0"
"POINT (7.105572156000051 50.738072527000043)","Unfall 174772 (2024) Kat:3, Licht: 0","174772","3","1","0","04","19","6","","0","1","0","0","0"
"POINT (7.063591074000044 50.722323151000069)","Unfall 174773 (2024) Kat:3, Licht: 0","174773","3","5","1","04","12","6","","0","1","1","0","0"
"POINT (7.169109964000029 50.684547346000045)","Unfall 174837 (2024) Kat:3, Licht: 1","174837","3","3","5","04","06","5","","1","1","1","0","0"
"POINT (7.091962542000033 50.741472682000051)","Unfall 174838 (2024) Kat:3, Licht: 0","174838","3","4","6","04","18","5","","0","1","0","1","0"
"POINT (7.095415002000038 50.725487963000035)","Unfall 175025 (2024) Kat:3, Licht: 0","175025","3","7","1","04","20","2","","0","0","1","0","0"
"POINT (7.067256930000042 50.732479659000035)","Unfall 175026 (2024) Kat:3, Licht: 0","175026","3","7","3","04","08","2","","0","1","1","0","0"
"POINT (7.047023282000055 50.732020251000051)","Unfall 175060 (2024) Kat:2, Licht: 2","175060","2","1","0","04","22","1","","2","1","0","0","0"
"POINT (7.140548144000036 50.694954287000030)","Unfall 175142 (2024) Kat:3, Licht: 0","175142","3","3","5","04","16","6","","0","0","1","0","0"
"POINT (7.108207257000061 50.715397593000034)","Unfall 175145 (2024) Kat:3, Licht: 0","175145","3","5","0","04","18","6","","0","0","1","0","0"
"POINT (7.066305528000044 50.732772900000043)","Unfall 175201 (2024) Kat:3, Licht: 0","175201","3","3","5","04","13","5","","0","1","1","0","0"
"POINT (7.124660289000076 50.709322614000030)","Unfall 175228 (2024) Kat:2, Licht: 0","175228","2","1","0","04","18","3","","0","1","0","0","0"
"POINT (7.051528001000065 50.702332870000077)","Unfall 175257 (2024) Kat:3, Licht: 0","175257","3","3","5","04","12","4","","0","1","1","0","0"
"POINT (7.093338677000077 50.721498693000058)","Unfall 175318 (2024) Kat:3, Licht: 0","175318","3","3","5","04","12","3","","0","1","1","0","0"
"POINT (7.059266435000040 50.735617861000037)","Unfall 175393 (2024) Kat:2, Licht: 0","175393","2","2","5","04","07","2","","0","1","1","0","0"
"POINT (7.057169053000052 50.753975872000069)","Unfall 175394 (2024) Kat:3, Licht: 0","175394","3","1","0","04","14","2","","0","1","0","0","0"
"POINT (7.116259422000041 50.715912183000057)","Unfall 175453 (2024) Kat:3, Licht: 0","175453","3","1","0","05","16","5","","0","1","0","0","0"
"POINT (7.158444578000058 50.680022314000041)","Unfall 175528 (2024) Kat:2, Licht: 0","175528","2","1","0","05","11","4","","0","1","0","0","0"
"POINT (7.047958911000023 50.736195846000044)","Unfall 175532 (2024) Kat:3, Licht: 1","175532","3","1","0","05","18","4","","1","1","0","0","0"
"POINT (7.146955099000024 50.695450180000080)","Unfall 175632 (2024) Kat:3, Licht: 0","175632","3","4","6","05","15","3","","0","0","1","1","0"
"POINT (7.133567488000040 50.728792916000032)","Unfall 175702 (2024) Kat:3, Licht: 0","175702","3","7","0","05","06","2","","0","1","0","0","0"
"POINT (7.144979408000040 50.706742845000065)","Unfall 175835 (2024) Kat:3, Licht: 0","175835","3","2","5","05","17","7","","0","0","1","0","1"
"POINT (7.055964801000073 50.748291457000050)","Unfall 175837 (2024) Kat:3, Licht: 0","175837","3","3","5","05","17","7","","0","1","0","0","0"
"POINT (7.175115791000053 50.680912750000061)","Unfall 175934 (2024) Kat:2, Licht: 0","175934","2","1","0","05","18","5","","0","0","0","0","0"
"POINT (7.108445713000037 50.734435890000043)","Unfall 175936 (2024) Kat:3, Licht: 0","175936","3","6","3","05","12","5","","0","1","0","0","0"
"POINT (7.069691354000042 50.720431962000077)","Unfall 176002 (2024) Kat:2, Licht: 2","176002","2","4","6","05","22","4","","2","1","0","1","0"
"POINT (7.083377791000032 50.739302280000061)","Unfall 176003 (2024) Kat:3, Licht: 0","176003","3","3","5","05","07","4","","0","1","1","0","0"
"POINT (7.127654682000070 50.764579614000070)","Unfall 176083 (2024) Kat:3, Licht: 0","176083","3","6","2","05","07","3","","0","0","1","0","0"
"POINT (7.161522439000066 50.695556042000078)","Unfall 176092 (2024) Kat:3, Licht: 2","176092","3","1","0","05","04","3","","2","0","0","0","1"
"POINT (7.155827637000073 50.721577516000082)","Unfall 176094 (2024) Kat:3, Licht: 0","176094","3","1","0","05","14","3","","0","1","0","0","0"
"POINT (7.122213959000021 50.707191496000064)","Unfall 176095 (2024) Kat:3, Licht: 0","176095","3","2","5","05","16","3","","0","1","1","0","0"
"POINT (7.059200987000054 50.703779291000046)","Unfall 176161 (2024) Kat:2, Licht: 0","176161","2","3","5","05","07","2","","0","0","1","0","0"
"POINT (7.091841009000063 50.732630911000058)","Unfall 176164 (2024) Kat:3, Licht: 0","176164","3","5","1","05","17","2","","0","1","1","0","0"
"POINT (7.136919352000064 50.681502372000068)","Unfall 176222 (2024) Kat:2, Licht: 0","176222","2","6","2","05","16","1","","0","1","1","0","0"
"POINT (7.149605290000068 50.683857298000078)","Unfall 176267 (2024) Kat:3, Licht: 0","176267","3","6","3","05","14","7","","0","1","1","0","0"
"POINT (7.192574244000070 50.660299464000047)","Unfall 176268 (2024) Kat:3, Licht: 2","176268","3","7","0","05","01","7","","2","0","0","0","0"
"POINT (7.123265698000068 50.737511276000077)","Unfall 176269 (2024) Kat:3, Licht: 0","176269","3","3","5","05","16","7","","0","1","1","0","0"
"POINT (7.100685188000057 50.726772909000033)","Unfall 176270 (2024) Kat:3, Licht: 2","176270","3","1","0","05","23","7","","2","1","0","0","0"
"POINT (7.134344029000033 50.694268239000053)","Unfall 176322 (2024) Kat:3, Licht: 0","176322","3","3","5","05","13","6","","0","0","1","0","0"
"POINT (7.042040888000031 50.716299695000032)","Unfall 176323 (2024) Kat:3, Licht: 0","176323","3","7","0","05","15","6","","0","0","0","0","0"
"POINT (7.134329828000034 50.694204392000074)","Unfall 176425 (2024) Kat:3, Licht: 0","176425","3","3","0","05","14","5","","0","1","1","0","0"
"POINT (7.161515959000042 50.738836087000038)","Unfall 176426 (2024) Kat:3, Licht: 0","176426","3","3","5","05","16","5","","0","1","1","0","0"
"POINT (7.122209454000028 50.721139250000078)","Unfall 176508 (2024) Kat:3, Licht: 0","176508","3","1","0","05","16","6","","0","1","0","0","0"
"POINT (7.095506031000070 50.732894362000081)","Unfall 176562 (2024) Kat:3, Licht: 0","176562","3","1","0","05","11","5","","0","1","0","0","0"
"POINT (7.163642210000035 50.677385623000077)","Unfall 176614 (2024) Kat:3, Licht: 0","176614","3","4","0","05","13","4","","0","0","0","1","0"
"POINT (7.156805205000069 50.675022296000066)","Unfall 176615 (2024) Kat:3, Licht: 0","176615","3","6","3","05","07","4","","0","1","1","0","0"
"POINT (7.165598127000067 50.748681974000078)","Unfall 176616 (2024) Kat:2, Licht: 2","176616","2","3","5","05","21","4","","2","0","1","0","0"
"POINT (7.119938021000053 50.739267251000058)","Unfall 176617 (2024) Kat:3, Licht: 0","176617","3","1","0","05","15","4","","0","0","0","0","0"
"POINT (7.049833964000072 50.750681240000063)","Unfall 176618 (2024) Kat:3, Licht: 0","176618","3","5","1","05","13","4","","0","1","1","0","0"
"POINT (7.103917296000077 50.722992138000052)","Unfall 176620 (2024) Kat:3, Licht: 0","176620","3","1","0","05","08","4","","0","1","0","0","0"
"POINT (7.138842864000026 50.710761818000037)","Unfall 176703 (2024) Kat:3, Licht: 0","176703","3","6","2","05","12","3","","0","0","1","0","0"
"POINT (7.156643992000056 50.741538492000075)","Unfall 176705 (2024) Kat:2, Licht: 0","176705","2","3","5","05","19","3","","0","0","1","0","1"
"POINT (7.102879273000042 50.700216089000037)","Unfall 176706 (2024) Kat:3, Licht: 0","176706","3","4","6","05","11","3","","0","0","1","1","0"
"POINT (7.096423626000046 50.703445627000065)","Unfall 176707 (2024) Kat:3, Licht: 0","176707","3","3","5","05","09","3","","0","0","1","0","1"
"POINT (7.167716701000074 50.674732839000058)","Unfall 176784 (2024) Kat:3, Licht: 0","176784","3","3","5","05","16","2","","0","0","1","0","0"
"POINT (7.159626791000051 50.675834010000074)","Unfall 176848 (2024) Kat:3, Licht: 2","176848","3","1","0","05","21","1","","2","1","0","0","0"
"POINT (7.115269482000031 50.734922709000045)","Unfall 176850 (2024) Kat:3, Licht: 0","176850","3","2","2","05","15","1","","0","0","0","0","1"
"POINT (7.095699401000047 50.732749692000027)","Unfall 176851 (2024) Kat:3, Licht: 0","176851","3","1","0","05","20","1","","0","1","0","0","0"
"POINT (7.041872331000036 50.719466408000073)","Unfall 176906 (2024) Kat:3, Licht: 0","176906","3","1","4","05","15","7","","0","0","1","0","0"
"POINT (7.047937056000023 50.736234496000066)","Unfall 176908 (2024) Kat:3, Licht: 2","176908","3","3","5","05","23","7","","2","0","1","0","0"
"POINT (7.123817331000055 50.739777921000041)","Unfall 176975 (2024) Kat:3, Licht: 1","176975","3","1","0","05","20","6","","1","1","0","0","0"
"POINT (7.109590817000026 50.709149058000037)","Unfall 176976 (2024) Kat:3, Licht: 0","176976","3","1","0","05","14","6","","0","1","0","0","0"
"POINT (7.158677664000038 50.683876774000055)","Unfall 177063 (2024) Kat:3, Licht: 0","177063","3","7","0","05","14","5","","0","0","0","0","0"
"POINT (7.153493496000067 50.695548770000073)","Unfall 177107 (2024) Kat:3, Licht: 0","177107","3","3","5","05","07","3","","0","1","1","0","0"
"POINT (7.055836912000075 50.695060132000037)","Unfall 177148 (2024) Kat:3, Licht: 2","177148","3","6","9","05","06","4","","2","0","1","0","0"
"POINT (7.129725926000049 50.750492195000049)","Unfall 177149 (2024) Kat:3, Licht: 0","177149","3","6","2","05","16","4","","0","1","1","0","0"
"POINT (7.043978332000052 50.738380018000043)","Unfall 177150 (2024) Kat:3, Licht: 0","177150","3","4","6","05","16","4","","0","0","1","1","0"
"POINT (7.074675190000050 50.723862235000070)","Unfall 177151 (2024) Kat:2, Licht: 0","177151","2","4","6","05","15","4","","0","0","0","1","0"
"POINT (7.068902506000029 50.720939065000039)","Unfall 177220 (2024) Kat:3, Licht: 0","177220","3","1","0","05","10","3","","0","0","0","0","0"
"POINT (7.146986686000048 50.721502505000046)","Unfall 177373 (2024) Kat:3, Licht: 0","177373","3","6","3","05","14","7","","0","0","1","0","0"
"POINT (7.050980753000033 50.698683765000055)","Unfall 177445 (2024) Kat:3, Licht: 0","177445","3","6","4","05","19","2","","0","0","1","0","0"
"POINT (7.133261982000022 50.725475854000081)","Unfall 177580 (2024) Kat:3, Licht: 0","177580","3","2","2","06","15","6","","0","0","1","0","0"
"POINT (7.172276026000077 50.680088212000044)","Unfall 177653 (2024) Kat:3, Licht: 0","177653","3","2","6","06","16","5","","0","0","1","1","0"
"POINT (7.073489026000061 50.742645903000039)","Unfall 177654 (2024) Kat:3, Licht: 0","177654","3","6","2","06","17","5","","0","0","1","0","0"
"POINT (7.095741410000073 50.730138229000033)","Unfall 177726 (2024) Kat:3, Licht: 1","177726","3","1","0","06","20","4","","1","1","0","0","0"
"POINT (7.040897151000024 50.753708389000053)","Unfall 177777 (2024) Kat:3, Licht: 0","177777","3","5","1","06","13","3","","0","0","1","0","0"
"POINT (7.100077318000046 50.703702521000082)","Unfall 177836 (2024) Kat:3, Licht: 0","177836","3","3","0","06","08","6","","0","0","1","0","1"
"POINT (7.095980877000045 50.735387604000039)","Unfall 177858 (2024) Kat:3, Licht: 0","177858","3","6","4","06","14","2","","0","1","1","0","0"
"POINT (7.049308192000069 50.761825178000038)","Unfall 177859 (2024) Kat:3, Licht: 0","177859","3","5","1","06","08","2","","0","0","1","0","0"
"POINT (7.168742222000049 50.689739562000057)","Unfall 177923 (2024) Kat:3, Licht: 0","177923","3","1","0","06","15","1","","0","1","0","0","0"
"POINT (7.120418243000074 50.736435352000058)","Unfall 177993 (2024) Kat:3, Licht: 2","177993","3","1","0","06","23","7","","2","0","0","0","0"
"POINT (7.041050031000054 50.750311464000049)","Unfall 178027 (2024) Kat:3, Licht: 0","178027","3","7","4","06","13","6","","0","0","1","0","0"
"POINT (7.172231973000066 50.684081110000079)","Unfall 178076 (2024) Kat:3, Licht: 0","178076","3","3","5","06","13","6","","0","1","1","0","0"
"POINT (7.110480469000038 50.706216965000067)","Unfall 178078 (2024) Kat:1, Licht: 0","178078","1","1","0","06","12","6","","0","1","0","0","0"
"POINT (7.114309040000023 50.737415878000036)","Unfall 178183 (2024) Kat:3, Licht: 0","178183","3","4","3","06","16","5","","0","1","0","1","0"
"POINT (7.099500906000060 50.731602924000072)","Unfall 178185 (2024) Kat:3, Licht: 0","178185","3","7","6","06","16","5","","0","0","0","1","0"
"POINT (7.155473356000073 50.718276156000059)","Unfall 178190 (2024) Kat:3, Licht: 0","178190","3","1","0","06","07","3","","0","1","0","0","0"
"POINT (7.138428095000052 50.710818710000069)","Unfall 178197 (2024) Kat:3, Licht: 0","178197","3","2","3","06","07","2","","0","0","1","0","0"
"POINT (7.163747970000031 50.677282061000028)","Unfall 178278 (2024) Kat:3, Licht: 0","178278","3","3","0","06","16","4","","0","0","1","0","0"
"POINT (7.128301923000038 50.758175867000034)","Unfall 178280 (2024) Kat:3, Licht: 0","178280","3","6","4","06","19","4","","0","0","1","0","1"
"POINT (7.095145909000053 50.735102562000066)","Unfall 178281 (2024) Kat:3, Licht: 0","178281","3","1","1","06","14","4","","0","1","1","0","0"
"POINT (7.071245192000049 50.713223900000060)","Unfall 178352 (2024) Kat:3, Licht: 2","178352","3","7","1","06","01","3","","2","0","1","0","0"
"POINT (7.053843633000042 50.758953943000051)","Unfall 178353 (2024) Kat:3, Licht: 0","178353","3","3","5","06","14","3","","0","1","1","0","0"
"POINT (7.120951138000066 50.730794236000065)","Unfall 178425 (2024) Kat:3, Licht: 0","178425","3","1","0","06","07","2","","0","1","0","0","0"
"POINT (7.110640544000034 50.729868749000048)","Unfall 178426 (2024) Kat:3, Licht: 0","178426","3","6","4","06","07","2","","0","1","0","0","0"
"POINT (7.055255994000049 50.713121241000067)","Unfall 178545 (2024) Kat:3, Licht: 0","178545","3","2","0","06","17","7","","0","0","1","0","1"
"POINT (7.079126417000055 50.724276291000081)","Unfall 178546 (2024) Kat:3, Licht: 0","178546","3","7","0","06","16","7","","0","0","0","0","0"
"POINT (7.088317396000036 50.734225294000055)","Unfall 178547 (2024) Kat:3, Licht: 2","178547","3","1","0","06","01","7","","2","0","0","0","0"
"POINT (7.081508820000067 50.753531969000051)","Unfall 178592 (2024) Kat:3, Licht: 0","178592","3","2","5","06","16","6","","0","0","1","0","0"
"POINT (7.046918748000053 50.749893522000036)","Unfall 178593 (2024) Kat:3, Licht: 0","178593","3","4","6","06","15","6","","0","0","1","1","0"
"POINT (7.059573790000059 50.742629525000041)","Unfall 178594 (2024) Kat:3, Licht: 0","178594","3","6","3","06","10","6","","0","0","1","0","0"
"POINT (7.121218433000024 50.738893632000043)","Unfall 178672 (2024) Kat:3, Licht: 0","178672","3","5","1","06","19","5","","0","1","1","0","0"
"POINT (7.179916354000056 50.747795582000037)","Unfall 178673 (2024) Kat:3, Licht: 0","178673","3","6","4","06","10","5","","0","0","1","0","0"
"POINT (7.162426161000042 50.673509361000072)","Unfall 178752 (2024) Kat:3, Licht: 0","178752","3","1","0","06","17","4","","0","1","0","0","0"
"POINT (7.071629378000068 50.748476988000050)","Unfall 178755 (2024) Kat:3, Licht: 0","178755","3","7","0","06","18","4","","0","1","0","0","0"
"POINT (7.149212713000054 50.684033282000030)","Unfall 178837 (2024) Kat:3, Licht: 0","178837","3","1","0","06","10","3","","0","0","0","0","0"
"POINT (7.101340683000046 50.731985264000059)","Unfall 178839 (2024) Kat:3, Licht: 0","178839","3","5","0","06","16","3","","0","0","1","0","0"
"POINT (7.096492165000029 50.732611072000054)","Unfall 178840 (2024) Kat:2, Licht: 0","178840","2","1","0","06","06","3","","0","1","0","0","0"
"POINT (7.109521613000027 50.709367053000051)","Unfall 178841 (2024) Kat:3, Licht: 0","178841","3","1","0","06","05","3","","0","0","0","0","0"
"POINT (7.158451351000053 50.723302640000043)","Unfall 178851 (2024) Kat:3, Licht: 0","178851","3","3","5","06","20","3","","0","1","1","0","0"
"POINT (7.134342644000071 50.694250461000081)","Unfall 178946 (2024) Kat:3, Licht: 0","178946","3","3","5","06","08","2","","0","1","1","0","0"
"POINT (7.122323673000039 50.739832211000078)","Unfall 178947 (2024) Kat:3, Licht: 0","178947","3","1","0","06","09","2","","0","1","0","0","0"
"POINT (7.153144227000041 50.672106531000054)","Unfall 179007 (2024) Kat:2, Licht: 0","179007","2","1","0","06","07","1","","0","1","0","0","0"
"POINT (7.122952312000052 50.728765713000030)","Unfall 179010 (2024) Kat:3, Licht: 0","179010","3","1","0","06","18","1","","0","1","0","0","0"
"POINT (7.060640571000022 50.716171098000075)","Unfall 179071 (2024) Kat:3, Licht: 0","179071","3","2","2","06","20","7","","0","0","1","0","0"
"POINT (7.099188680000054 50.732231508000041)","Unfall 179135 (2024) Kat:3, Licht: 0","179135","3","7","6","06","21","6","","0","0","0","1","0"
"POINT (7.076932832000068 50.747773627000072)","Unfall 179136 (2024) Kat:3, Licht: 0","179136","3","1","0","06","10","6","","0","0","0","0","1"
"POINT (7.040314865000028 50.711039641000070)","Unfall 179222 (2024) Kat:3, Licht: 0","179222","3","6","2","06","07","5","","0","1","1","0","0"
"POINT (7.095192364000070 50.735418389000074)","Unfall 179311 (2024) Kat:3, Licht: 0","179311","3","1","0","06","20","4","","0","1","0","0","0"
"POINT (7.107456260000049 50.736486171000081)","Unfall 179367 (2024) Kat:3, Licht: 0","179367","3","1","0","06","14","2","","0","1","0","0","0"
"POINT (7.158051774000057 50.687372301000039)","Unfall 179394 (2024) Kat:3, Licht: 0","179394","3","3","5","06","15","3","","0","1","1","0","0"
"POINT (7.123019713000076 50.739945420000026)","Unfall 179396 (2024) Kat:2, Licht: 0","179396","2","1","0","06","12","3","","0","1","0","0","0"
"POINT (7.051786524000022 50.747726422000028)","Unfall 179397 (2024) Kat:3, Licht: 0","179397","3","3","5","06","12","3","","0","1","1","0","0"
"POINT (7.101114224000071 50.729828490000045)","Unfall 179398 (2024) Kat:3, Licht: 0","179398","3","1","0","06","08","3","","0","1","0","0","0"
"POINT (7.054685479000057 50.761156379000056)","Unfall 179535 (2024) Kat:2, Licht: 0","179535","2","1","9","06","17","1","","0","0","0","0","0"
"POINT (7.179837425000073 50.662697351000077)","Unfall 179563 (2024) Kat:3, Licht: 0","179563","3","3","5","06","17","2","","0","1","1","0","0"
"POINT (7.038145933000067 50.713641394000035)","Unfall 179578 (2024) Kat:2, Licht: 0","179578","2","4","6","06","16","7","","0","0","1","1","0"
"POINT (7.144447911000043 50.729795404000072)","Unfall 179579 (2024) Kat:3, Licht: 0","179579","3","1","0","06","08","7","","0","1","0","0","0"
"POINT (7.108320152000033 50.716756130000078)","Unfall 179580 (2024) Kat:2, Licht: 0","179580","2","6","2","06","14","7","","0","0","1","0","0"
"POINT (7.169353249000039 50.707400381000070)","Unfall 179613 (2024) Kat:3, Licht: 0","179613","3","1","0","07","14","1","","0","1","0","0","0"
"POINT (7.094532467000022 50.691030039000054)","Unfall 179615 (2024) Kat:3, Licht: 0","179615","3","6","6","07","18","1","","0","1","1","1","0"
"POINT (7.087037693000070 50.738319067000077)","Unfall 179616 (2024) Kat:3, Licht: 0","179616","3","5","1","07","15","1","","0","1","1","0","0"
"POINT (7.172798114000045 50.711983641000074)","Unfall 179657 (2024) Kat:3, Licht: 0","179657","3","3","5","07","17","7","","0","0","1","0","0"
"POINT (7.143956579000076 50.703075942000055)","Unfall 179756 (2024) Kat:3, Licht: 0","179756","3","7","0","07","11","5","","0","1","0","0","0"
"POINT (7.056623435000063 50.705050475000064)","Unfall 179757 (2024) Kat:3, Licht: 0","179757","3","3","5","07","10","5","","0","1","0","0","0"
"POINT (7.065611192000063 50.746649847000072)","Unfall 179758 (2024) Kat:3, Licht: 0","179758","3","3","5","07","18","5","","0","1","1","0","0"
"POINT (7.145870231000060 50.689095534000046)","Unfall 179886 (2024) Kat:3, Licht: 0","179886","3","1","0","07","15","3","","0","1","0","0","0"
"POINT (7.115190765000023 50.709890205000079)","Unfall 179887 (2024) Kat:3, Licht: 0","179887","3","3","5","07","13","3","","0","1","1","0","0"
"POINT (7.088221562000058 50.742760310000051)","Unfall 179947 (2024) Kat:3, Licht: 2","179947","3","5","0","07","22","2","","2","1","1","0","0"
"POINT (7.052194353000061 50.735897360000081)","Unfall 179948 (2024) Kat:2, Licht: 0","179948","2","6","2","07","16","2","","0","0","1","0","0"
"POINT (7.157646186000022 50.682465233000073)","Unfall 179993 (2024) Kat:3, Licht: 0","179993","3","6","2","07","17","1","","0","0","1","0","1"
"POINT (7.130429599000024 50.764930032000052)","Unfall 180032 (2024) Kat:3, Licht: 2","180032","3","6","2","07","01","7","","2","0","1","0","0"
"POINT (7.079496391000021 50.723153911000054)","Unfall 180042 (2024) Kat:3, Licht: 0","180042","3","1","0","07","19","7","","0","1","0","0","0"
"POINT (7.166698449000023 50.685069526000063)","Unfall 180114 (2024) Kat:3, Licht: 0","180114","3","3","5","07","13","6","","0","0","1","0","0"
"POINT (7.071563617000038 50.725931497000033)","Unfall 180115 (2024) Kat:2, Licht: 0","180115","2","1","0","07","08","6","","0","1","0","0","0"
"POINT (7.172351924000054 50.684106963000033)","Unfall 180186 (2024) Kat:2, Licht: 0","180186","2","1","0","07","09","5","","0","1","0","0","0"
"POINT (7.049378652000030 50.714014963000068)","Unfall 180188 (2024) Kat:3, Licht: 0","180188","3","1","0","07","20","5","","0","0","0","0","1"
"POINT (7.097600217000036 50.731219163000048)","Unfall 180189 (2024) Kat:3, Licht: 0","180189","3","5","0","07","16","5","","0","1","1","0","0"
"POINT (7.043715790000022 50.717364156000031)","Unfall 180254 (2024) Kat:3, Licht: 0","180254","3","6","3","07","18","4","","0","1","1","0","0"
"POINT (7.046938059000070 50.714220207000039)","Unfall 180255 (2024) Kat:2, Licht: 0","180255","2","4","6","07","12","4","","0","1","0","1","0"
"POINT (7.107939015000056 50.716643765000072)","Unfall 180256 (2024) Kat:3, Licht: 0","180256","3","2","5","07","14","4","","0","1","1","0","0"
"POINT (7.110446526000032 50.705531577000045)","Unfall 180316 (2024) Kat:3, Licht: 0","180316","3","5","1","07","19","4","","0","0","1","0","0"
"POINT (7.042003915000066 50.711250243000052)","Unfall 180341 (2024) Kat:3, Licht: 0","180341","3","2","5","07","15","3","","0","0","1","0","0"
"POINT (7.046411491000072 50.723639042000059)","Unfall 180342 (2024) Kat:3, Licht: 0","180342","3","5","1","07","09","3","","0","0","1","0","1"
"POINT (7.134124049000036 50.694274152000048)","Unfall 180406 (2024) Kat:3, Licht: 0","180406","3","3","5","07","09","6","","0","0","1","0","1"
"POINT (7.072804030000043 50.737313421000067)","Unfall 180427 (2024) Kat:3, Licht: 0","180427","3","1","0","07","14","2","","0","0","0","0","1"
"POINT (7.065967057000023 50.723442290000037)","Unfall 180504 (2024) Kat:3, Licht: 2","180504","3","1","0","06","02","1","","2","0","0","0","0"
"POINT (7.098671166000031 50.730880799000033)","Unfall 180516 (2024) Kat:3, Licht: 2","180516","3","1","0","06","02","1","","2","1","0","0","0"
"POINT (7.171414260000063 50.690877699000055)","Unfall 180570 (2024) Kat:3, Licht: 0","180570","3","1","0","06","18","7","","0","1","0","0","0"
"POINT (7.162391586000069 50.682560951000028)","Unfall 180571 (2024) Kat:3, Licht: 0","180571","3","6","2","06","16","7","","0","1","1","0","0"
"POINT (7.131064693000042 50.726353932000052)","Unfall 180574 (2024) Kat:3, Licht: 0","180574","3","1","9","06","10","7","","0","0","1","0","0"
"POINT (7.074512891000040 50.764935247000039)","Unfall 180575 (2024) Kat:3, Licht: 2","180575","3","5","1","06","00","7","","2","0","1","0","0"
"POINT (7.187556772000050 50.667828452000037)","Unfall 180674 (2024) Kat:3, Licht: 0","180674","3","1","0","07","17","4","","0","0","0","0","1"
"POINT (7.174677062000058 50.749045800000033)","Unfall 180675 (2024) Kat:3, Licht: 0","180675","3","4","0","07","16","4","","0","0","0","1","0"
"POINT (7.167239745000074 50.744074831000034)","Unfall 180676 (2024) Kat:3, Licht: 0","180676","3","6","6","07","11","4","","0","0","1","1","0"
"POINT (7.145936430000063 50.689062999000043)","Unfall 180731 (2024) Kat:3, Licht: 0","180731","3","3","5","07","18","3","","0","1","1","0","0"
"POINT (7.121677154000054 50.694149820000064)","Unfall 180732 (2024) Kat:3, Licht: 0","180732","3","5","1","07","08","3","","0","1","1","0","0"
"POINT (7.064163351000047 50.736325292000060)","Unfall 180735 (2024) Kat:3, Licht: 1","180735","3","6","6","07","21","3","","1","0","1","1","0"
"POINT (7.067311061000055 50.740620239000066)","Unfall 180736 (2024) Kat:3, Licht: 0","180736","3","7","5","07","09","3","","0","1","1","0","0"
"POINT (7.066469909000034 50.768455068000037)","Unfall 180791 (2024) Kat:3, Licht: 0","180791","3","7","6","07","15","2","","0","0","1","1","0"
"POINT (7.095051606000027 50.734441808000042)","Unfall 180850 (2024) Kat:3, Licht: 0","180850","3","1","0","07","18","1","","0","1","0","0","0"