WKT,Name,OBJECTID,UKATEGORIE,UTYP1,UART,UMONAT,USTUNDE,UWOCHENTAG,STRZUSTAND,ULICHTVERH,ISTRAD,ISTPKW,ISTFUSS,ISTKRAD
"POINT (7.070811422000077 50.754760042000044)","Unfall 180851 (2024) Kat:3, Licht: 2","180851","3","5","1","07","00","1","","2","1","1","0","0"
"POINT (7.099988288000077 50.727487597000049)","Unfall 181012 (2024) Kat:2, Licht: 1","181012","2","1","0","07","21","5","","1","0","0","0","0"
"POINT (7.139465068000050 50.710137607000036)","Unfall 181071 (2024) Kat:3, Licht: 0","181071","3","6","2","07","09","4","","0","0","1","0","0"
"POINT (7.098488510000038 50.724654986000075)","Unfall 181072 (2024) Kat:2, Licht: 2","181072","2","1","0","07","23","4","","2","0","0","0","0"
"POINT (7.105813069000021 50.737022835000062)","Unfall 181073 (2024) Kat:3, Licht: 0","181073","3","4","6","07","13","4","","0","1","0","1","0"
"POINT (7.174953963000064 50.668367621000073)","Unfall 181127 (2024) Kat:2, Licht: 0","181127","2","1","0","07","11","3","","0","1","0","0","0"
"POINT (7.094960344000071 50.730868503000067)","Unfall 181133 (2024) Kat:3, Licht: 0","181133","3","7","0","07","15","3","","0","1","0","0","0"
"POINT (7.046333782000033 50.713998413000070)","Unfall 181187 (2024) Kat:3, Licht: 0","181187","3","6","6","07","13","2","","0","0","1","1","0"
"POINT (7.153790646000061 50.742570066000042)","Unfall 181297 (2024) Kat:3, Licht: 0","181297","3","3","5","07","19","7","","0","1","1","0","0"
"POINT (7.109458827000026 50.709564832000069)","Unfall 181298 (2024) Kat:3, Licht: 1","181298","3","1","0","07","20","7","","1","1","0","0","0"
"POINT (7.085294817000033 50.728602593000062)","Unfall 181299 (2024) Kat:2, Licht: 0","181299","2","1","0","07","15","7","","0","1","0","0","0"
"POINT (7.113056414000027 50.743596367000066)","Unfall 181360 (2024) Kat:3, Licht: 0","181360","3","7","1","07","13","6","","0","0","1","0","0"
"POINT (7.101596742000027 50.729537282000081)","Unfall 181362 (2024) Kat:2, Licht: 0","181362","2","1","8","07","16","6","","0","1","0","0","0"
"POINT (7.045742370000028 50.721191405000070)","Unfall 181423 (2024) Kat:3, Licht: 0","181423","3","3","5","07","14","5","","0","1","1","0","0"
"POINT (7.099751417000050 50.732580684000027)","Unfall 181490 (2024) Kat:3, Licht: 2","181490","3","1","8","07","22","4","","2","0","0","0","1"
"POINT (7.091151256000046 50.733682149000060)","Unfall 181491 (2024) Kat:3, Licht: 1","181491","3","5","1","07","21","4","","1","1","1","0","0"
"POINT (7.146695573000045 50.754094732000056)","Unfall 181619 (2024) Kat:3, Licht: 0","181619","3","3","5","07","07","2","","0","1","1","0","0"
"POINT (7.098137910000048 50.729031861000067)","Unfall 181675 (2024) Kat:3, Licht: 0","181675","3","1","0","08","17","7","","0","1","0","0","0"
"POINT (7.083858592000070 50.754719482000041)","Unfall 181676 (2024) Kat:3, Licht: 0","181676","3","3","5","08","12","7","","0","1","0","0","0"
"POINT (7.118390851000072 50.739157832000046)","Unfall 181740 (2024) Kat:3, Licht: 0","181740","3","7","0","08","12","6","","0","0","0","0","0"
"POINT (7.048165119000032 50.749913240000069)","Unfall 181742 (2024) Kat:3, Licht: 0","181742","3","2","2","08","19","6","","0","0","1","0","0"
"POINT (7.158614870000065 50.680576012000074)","Unfall 181864 (2024) Kat:3, Licht: 0","181864","3","6","3","08","09","4","","0","1","1","0","0"
"POINT (7.031315803000041 50.710777760000042)","Unfall 181865 (2024) Kat:3, Licht: 0","181865","3","7","6","08","12","4","","0","0","1","1","0"
"POINT (7.080852109000034 50.752836183000056)","Unfall 181917 (2024) Kat:2, Licht: 0","181917","2","4","6","08","15","3","","0","0","1","1","0"
"POINT (7.180179674000044 50.747664100000065)","Unfall 182041 (2024) Kat:1, Licht: 2","182041","1","1","8","08","00","1","","2","1","1","0","0"
"POINT (7.103328032000036 50.724012812000069)","Unfall 182042 (2024) Kat:3, Licht: 0","182042","3","1","0","08","18","1","","0","1","0","0","0"
"POINT (7.104575584000031 50.717034699000067)","Unfall 182149 (2024) Kat:3, Licht: 2","182149","3","3","0","08","22","6","","2","0","1","0","1"
"POINT (7.096307262000039 50.732663667000054)","Unfall 182150 (2024) Kat:3, Licht: 0","182150","3","7","0","08","20","6","","0","0","0","0","0"
"POINT (7.170888202000071 50.681884215000082)","Unfall 182223 (2024) Kat:3, Licht: 0","182223","3","7","8","08","10","5","","0","0","1","0","0"
"POINT (7.084950014000071 50.742904945000078)","Unfall 182225 (2024) Kat:3, Licht: 0","182225","3","4","6","08","18","5","","0","1","0","1","0"
"POINT (7.160335578000058 50.723678181000082)","Unfall 182276 (2024) Kat:3, Licht: 0","182276","3","6","3","08","08","4","","0","0","1","0","0"
"POINT (7.155791669000052 50.685774968000032)","Unfall 182281 (2024) Kat:3, Licht: 0","182281","3","2","2","08","18","4","","0","1","1","0","0"
"POINT (7.044424366000044 50.713069901000040)","Unfall 182283 (2024) Kat:3, Licht: 0","182283","3","6","2","08","09","4","","0","0","1","0","0"
"POINT (7.050651293000044 50.710347455000033)","Unfall 182285 (2024) Kat:3, Licht: 0","182285","3","6","1","08","08","4","","0","1","1","0","0"
"POINT (7.097814123000035 50.732208043000071)","Unfall 182287 (2024) Kat:3, Licht: 1","182287","3","2","5","08","21","4","","1","0","1","0","0"
"POINT (7.103064522000068 50.734789414000034)","Unfall 182344 (2024) Kat:3, Licht: 0","182344","3","2","5","08","14","3","","0","1","1","0","0"
"POINT (7.101499230000059 50.735059231000037)","Unfall 182345 (2024) Kat:3, Licht: 0","182345","3","7","6","08","12","3","","0","1","0","1","0"
"POINT (7.057502320000026 50.735703667000053)","Unfall 182362 (2024) Kat:3, Licht: 0","182362","3","5","1","08","11","4","","0","1","1","0","0"
"POINT (7.047973759000058 50.707185251000055)","Unfall 182418 (2024) Kat:3, Licht: 0","182418","3","2","5","08","15","2","","0","1","1","0","0"
"POINT (7.163007124000046 50.713149426000030)","Unfall 182420 (2024) Kat:3, Licht: 0","182420","3","3","0","08","11","2","","0","1","0","0","0"
"POINT (7.122965439000041 50.739524953000057)","Unfall 182528 (2024) Kat:3, Licht: 1","182528","3","5","1","08","21","7","","1","1","1","0","0"
"POINT (7.099490463000052 50.705558778000068)","Unfall 182529 (2024) Kat:3, Licht: 0","182529","3","7","0","08","17","7","","0","1","0","0","0"
"POINT (7.122800968000035 50.720889014000079)","Unfall 182583 (2024) Kat:3, Licht: 2","182583","3","2","3","08","22","6","","2","1","0","0","0"
"POINT (7.106634333000045 50.712350457000070)","Unfall 182587 (2024) Kat:3, Licht: 2","182587","3","5","1","08","22","6","","2","1","1","0","0"
"POINT (7.089113677000057 50.742620537000050)","Unfall 182604 (2024) Kat:3, Licht: 0","182604","3","1","0","08","14","4","","0","1","0","0","0"
"POINT (7.105870521000043 50.736787177000053)","Unfall 182639 (2024) Kat:2, Licht: 2","182639","2","1","0","08","23","5","","2","1","0","0","0"
"POINT (7.145158558000048 50.692644690000066)","Unfall 182662 (2024) Kat:3, Licht: 0","182662","3","3","5","08","13","5","","0","1","1","0","0"
"POINT (7.159924554000042 50.679368437000051)","Unfall 182663 (2024) Kat:3, Licht: 0","182663","3","4","6","08","14","5","","0","0","1","1","0"
"POINT (7.057913434000056 50.705849115000035)","Unfall 182664 (2024) Kat:3, Licht: 0","182664","3","1","0","08","18","5","","0","1","0","0","0"
"POINT (7.107348641000044 50.727532201000031)","Unfall 182665 (2024) Kat:3, Licht: 0","182665","3","3","5","08","08","5","","0","1","1","0","0"
"POINT (7.118934276000061 50.739019477000056)","Unfall 182670 (2024) Kat:3, Licht: 1","182670","3","1","0","08","21","1","","1","1","0","0","0"
"POINT (7.160507184000039 50.696295702000043)","Unfall 182687 (2024) Kat:3, Licht: 0","182687","3","1","0","08","17","7","","0","0","0","0","0"
"POINT (7.152417844000070 50.702263703000028)","Unfall 182688 (2024) Kat:3, Licht: 0","182688","3","7","6","08","17","7","","0","0","0","1","0"
"POINT (7.088122362000036 50.753962012000045)","Unfall 182689 (2024) Kat:3, Licht: 0","182689","3","4","6","08","09","7","","0","0","1","1","0"
"POINT (7.078269606000049 50.746542348000048)","Unfall 182690 (2024) Kat:3, Licht: 0","182690","3","1","0","08","14","7","","0","1","0","0","0"
"POINT (7.158094355000060 50.687324994000051)","Unfall 182762 (2024) Kat:2, Licht: 0","182762","2","4","6","08","13","6","","0","0","0","1","0"
"POINT (7.131286844000044 50.729551585000081)","Unfall 182763 (2024) Kat:3, Licht: 0","182763","3","1","0","08","15","6","","0","1","0","0","0"
"POINT (7.133539334000034 50.742920185000060)","Unfall 182764 (2024) Kat:3, Licht: 0","182764","3","3","5","08","15","6","","0","1","1","0","0"
"POINT (7.122204259000057 50.739805012000033)","Unfall 182765 (2024) Kat:3, Licht: 0","182765","3","1","0","08","15","6","","0","1","0","0","0"
"POINT (7.113683429000048 50.750711798000054)","Unfall 182766 (2024) Kat:3, Licht: 0","182766","3","7","0","08","10","6","","0","1","0","0","0"
"POINT (7.107035232000044 50.712560366000048)","Unfall 182767 (2024) Kat:3, Licht: 0","182767","3","5","0","08","15","6","","0","1","1","0","0"
"POINT (7.140048059000037 50.696766430000082)","Unfall 182844 (2024) Kat:3, Licht: 0","182844","3","3","0","08","17","5","","0","1","1","0","0"
"POINT (7.097627818000035 50.749813181000036)","Unfall 182845 (2024) Kat:3, Licht: 0","182845","3","7","8","08","20","5","","0","0","1","0","0"
"POINT (7.134365591000062 50.696264853000059)","Unfall 182917 (2024) Kat:3, Licht: 0","182917","3","3","0","08","13","4","","0","1","1","0","0"
"POINT (7.121915204000061 50.716500263000057)","Unfall 182918 (2024) Kat:2, Licht: 2","182918","2","1","0","08","21","4","","2","1","0","0","0"
"POINT (7.143023993000043 50.722558324000033)","Unfall 182919 (2024) Kat:3, Licht: 0","182919","3","3","5","08","17","4","","0","1","0","0","0"
"POINT (7.094928737000032 50.733380864000026)","Unfall 182920 (2024) Kat:3, Licht: 0","182920","3","7","0","08","15","4","","0","1","0","0","0"
"POINT (7.050752915000032 50.744797537000068)","Unfall 182965 (2024) Kat:3, Licht: 0","182965","3","7","0","08","07","6","","0","1","1","0","0"
"POINT (7.106792234000068 50.720808076000026)","Unfall 182995 (2024) Kat:3, Licht: 0","182995","3","2","3","08","15","3","","0","1","0","0","0"
"POINT (7.101460309000061 50.719147046000046)","Unfall 182996 (2024) Kat:3, Licht: 0","182996","3","3","0","08","10","3","","0","1","1","0","0"
"POINT (7.088262470000075 50.736274908000041)","Unfall 183024 (2024) Kat:3, Licht: 2","183024","3","7","1","08","21","5","","2","0","1","0","1"
"POINT (7.056554276000043 50.712621862000049)","Unfall 183075 (2024) Kat:3, Licht: 2","183075","3","6","6","08","21","2","","2","1","0","1","0"
"POINT (7.074935580000044 50.727027957000075)","Unfall 183076 (2024) Kat:3, Licht: 0","183076","3","7","0","08","10","2","","0","0","1","1","0"
"POINT (7.179840839000065 50.747734842000057)","Unfall 183142 (2024) Kat:2, Licht: 0","183142","2","1","0","08","15","1","","0","1","0","0","0"
"POINT (7.147131035000029 50.755849833000070)","Unfall 183143 (2024) Kat:3, Licht: 0","183143","3","7","0","08","08","1","","0","1","0","0","0"
"POINT (7.176175735000072 50.682914969000080)","Unfall 183203 (2024) Kat:3, Licht: 0","183203","3","7","0","08","09","7","","0","1","0","0","0"
"POINT (7.152574550000054 50.669380615000080)","Unfall 183204 (2024) Kat:2, Licht: 2","183204","2","1","8","08","21","7","","2","0","0","0","1"
"POINT (7.037793813000064 50.721566618000054)","Unfall 183208 (2024) Kat:3, Licht: 0","183208","3","6","2","08","11","7","","0","1","1","0","0"
"POINT (7.133219779000058 50.725544488000025)","Unfall 183209 (2024) Kat:3, Licht: 0","183209","3","3","5","08","13","7","","0","0","1","0","0"
"POINT (7.153383752000025 50.683899635000046)","Unfall 183281 (2024) Kat:3, Licht: 0","183281","3","1","0","08","11","6","","0","1","0","0","0"
"POINT (7.069031476000021 50.742303412000069)","Unfall 183283 (2024) Kat:3, Licht: 0","183283","3","5","1","08","12","6","","0","1","1","0","0"
"POINT (7.114863442000058 50.717944523000028)","Unfall 183375 (2024) Kat:3, Licht: 2","183375","3","1","0","08","22","5","","2","1","0","0","0"
"POINT (7.139575362000073 50.737296597000068)","Unfall 183378 (2024) Kat:3, Licht: 0","183378","3","2","5","08","16","5","","0","0","1","0","1"
"POINT (7.154850626000041 50.684491473000037)","Unfall 183456 (2024) Kat:3, Licht: 0","183456","3","7","0","08","17","4","","0","0","0","1","0"
"POINT (7.096322018000023 50.733215081000026)","Unfall 183457 (2024) Kat:2, Licht: 0","183457","2","6","3","08","13","5","","0","1","0","0","0"
"POINT (7.067259698000043 50.741353917000026)","Unfall 183458 (2024) Kat:3, Licht: 0","183458","3","7","5","08","13","4","","0","0","1","0","0"
"POINT (7.109187030000044 50.720715906000066)","Unfall 183544 (2024) Kat:3, Licht: 0","183544","3","1","0","08","17","3","","0","1","0","0","0"
"POINT (7.093283643000063 50.754076976000079)","Unfall 183546 (2024) Kat:3, Licht: 0","183546","3","3","5","08","16","3","","0","1","1","0","0"
"POINT (7.094911005000029 50.731543835000082)","Unfall 183548 (2024) Kat:3, Licht: 0","183548","3","7","5","08","14","3","","0","1","1","0","0"
"POINT (7.093485138000062 50.736785778000069)","Unfall 183549 (2024) Kat:2, Licht: 0","183549","2","7","6","08","12","3","","0","0","1","1","0"
"POINT (7.139486752000039 50.693812445000049)","Unfall 183635 (2024) Kat:3, Licht: 0","183635","3","2","5","08","09","2","","0","0","1","0","0"
"POINT (7.158501103000049 50.677105681000057)","Unfall 183717 (2024) Kat:3, Licht: 2","183717","3","1","9","08","02","1","","2","0","1","0","0"
"POINT (7.122819729000071 50.720880789000034)","Unfall 183738 (2024) Kat:3, Licht: 0","183738","3","2","5","09","14","7","","0","1","0","0","0"
"POINT (7.168062559000020 50.673438059000034)","Unfall 183797 (2024) Kat:3, Licht: 1","183797","3","4","0","09","07","6","","1","0","0","1","0"
"POINT (7.113837407000062 50.711075463000043)","Unfall 183798 (2024) Kat:3, Licht: 0","183798","3","7","5","09","11","6","","0","0","1","0","0"
"POINT (7.136613934000025 50.747571058000062)","Unfall 183907 (2024) Kat:3, Licht: 0","183907","3","3","0","09","09","7","","0","0","0","0","0"
"POINT (7.157630887000039 50.686958681000078)","Unfall 183971 (2024) Kat:3, Licht: 0","183971","3","1","0","09","19","3","","0","0","0","0","0"
"POINT (7.187974019000023 50.670659681000075)","Unfall 183972 (2024) Kat:3, Licht: 0","183972","3","1","0","09","11","3","","0","1","0","0","0"
"POINT (7.143022656000028 50.722558677000052)","Unfall 184109 (2024) Kat:3, Licht: 2","184109","3","1","0","09","00","1","","2","1","0","0","0"
"POINT (7.110051337000073 50.714973754000027)","Unfall 184110 (2024) Kat:3, Licht: 0","184110","3","1","0","09","13","1","","0","0","0","0","0"
"POINT (7.098584661000075 50.722214336000036)","Unfall 184166 (2024) Kat:3, Licht: 0","184166","3","2","5","09","16","7","","0","1","1","0","0"
"POINT (7.159505555000067 50.684646222000026)","Unfall 184207 (2024) Kat:3, Licht: 0","184207","3","7","6","09","11","3","","0","0","1","1","0"
"POINT (7.168593187000056 50.684591039000054)","Unfall 184237 (2024) Kat:3, Licht: 0","184237","3","5","1","09","09","6","","0","1","1","0","0"
"POINT (7.039820920000068 50.722296703000040)","Unfall 184238 (2024) Kat:3, Licht: 0","184238","3","6","3","09","14","6","","0","0","1","0","0"
"POINT (7.139545514000076 50.737322812000059)","Unfall 184239 (2024) Kat:3, Licht: 0","184239","3","3","5","09","16","6","","0","0","1","0","1"
"POINT (7.170162165000022 50.745263025000042)","Unfall 184240 (2024) Kat:3, Licht: 2","184240","3","5","1","09","03","6","","2","0","1","0","1"
"POINT (7.072728666000046 50.729164978000028)","Unfall 184241 (2024) Kat:3, Licht: 0","184241","3","3","5","09","18","6","","0","1","1","0","0"
"POINT (7.074259914000038 50.727626640000040)","Unfall 184319 (2024) Kat:2, Licht: 0","184319","2","6","3","09","16","5","","0","1","0","0","0"
"POINT (7.117133676000037 50.703822309000032)","Unfall 184320 (2024) Kat:3, Licht: 0","184320","3","3","5","09","11","5","","0","1","1","0","0"
"POINT (7.041505997000058 50.711578835000068)","Unfall 184406 (2024) Kat:3, Licht: 0","184406","3","6","2","09","11","4","","0","0","1","0","0"
"POINT (7.098455087000048 50.732430753000074)","Unfall 184407 (2024) Kat:3, Licht: 0","184407","3","3","5","09","18","4","","0","1","0","0","0"
"POINT (7.077778087000070 50.725314608000076)","Unfall 184408 (2024) Kat:3, Licht: 1","184408","3","2","6","09","07","4","","1","0","1","1","0"
"POINT (7.145187032000024 50.729765313000030)","Unfall 184465 (2024) Kat:3, Licht: 1","184465","3","4","1","09","19","5","","1","1","1","1","0"
"POINT (7.074614077000035 50.739503109000054)","Unfall 184483 (2024) Kat:3, Licht: 0","184483","3","6","2","09","09","3","","0","0","1","0","0"
"POINT (7.098035412000058 50.738415680000060)","Unfall 184484 (2024) Kat:3, Licht: 0","184484","3","1","0","09","07","3","","0","1","0","0","0"
"POINT (7.187987607000025 50.667978234000032)","Unfall 184492 (2024) Kat:2, Licht: 0","184492","2","6","0","09","11","4","","0","0","0","0","1"
"POINT (7.063321867000070 50.704718944000035)","Unfall 184570 (2024) Kat:3, Licht: 0","184570","3","6","2","09","15","2","","0","0","1","0","0"
"POINT (7.108101584000053 50.724709260000054)","Unfall 184571 (2024) Kat:3, Licht: 0","184571","3","7","0","09","16","2","","0","1","0","0","0"
"POINT (7.086122952000039 50.686277938000046)","Unfall 184572 (2024) Kat:3, Licht: 0","184572","3","7","7","09","09","2","","0","1","0","1","0"
"POINT (7.148245182000039 50.687397067000063)","Unfall 184781 (2024) Kat:3, Licht: 0","184781","3","1","0","09","12","7","","0","1","0","0","0"
"POINT (7.098731332000057 50.742777273000058)","Unfall 184783 (2024) Kat:3, Licht: 2","184783","3","5","1","09","22","7","","2","1","1","0","0"
"POINT (7.106021805000069 50.741088827000056)","Unfall 184836 (2024) Kat:3, Licht: 0","184836","3","1","0","09","09","6","","0","0","0","0","0"
"POINT (7.155171986000028 50.678578481000045)","Unfall 184902 (2024) Kat:3, Licht: 0","184902","3","5","0","09","08","5","","0","1","1","0","0"
"POINT (7.048535294000033 50.737464323000040)","Unfall 184903 (2024) Kat:3, Licht: 0","184903","3","4","6","09","08","5","","0","1","0","1","0"
"POINT (7.097789843000044 50.731160485000032)","Unfall 184988 (2024) Kat:3, Licht: 0","184988","3","1","0","09","16","4","","0","1","0","0","0"
"POINT (7.124477164000041 50.699886279000054)","Unfall 185065 (2024) Kat:3, Licht: 0","185065","3","3","5","09","14","3","","0","1","1","0","0"
"POINT (7.075097728000060 50.726955708000048)","Unfall 185066 (2024) Kat:3, Licht: 0","185066","3","2","5","09","16","3","","0","1","1","0","0"
"POINT (7.096530895000058 50.722569262000036)","Unfall 185067 (2024) Kat:3, Licht: 0","185067","3","2","5","09","11","3","","0","1","1","0","0"
"POINT (7.079880127000024 50.723883064000063)","Unfall 185068 (2024) Kat:3, Licht: 0","185068","3","1","0","09","08","3","","0","1","0","0","0"
"POINT (7.072820276000073 50.737373730000058)","Unfall 185069 (2024) Kat:2, Licht: 0","185069","2","4","6","09","07","3","","0","0","0","1","0"
"POINT (7.116567070000031 50.746692182000061)","Unfall 185141 (2024) Kat:3, Licht: 2","185141","3","7","0","09","20","2","","2","0","1","1","0"
"POINT (7.127993665000076 50.719263905000048)","Unfall 185204 (2024) Kat:3, Licht: 0","185204","3","1","0","09","13","1","","0","1","0","0","0"
"POINT (7.072167714000045 50.729664277000040)","Unfall 185205 (2024) Kat:3, Licht: 0","185205","3","6","2","09","18","1","","0","0","1","0","0"
"POINT (7.122489507000068 50.739869983000062)","Unfall 185278 (2024) Kat:3, Licht: 0","185278","3","1","0","09","16","7","","0","1","0","0","0"
"POINT (7.119078944000023 50.730311199000028)","Unfall 185279 (2024) Kat:3, Licht: 0","185279","3","3","5","09","13","7","","0","0","1","0","1"
"POINT (7.182508135000035 50.662759697000070)","Unfall 185294 (2024) Kat:3, Licht: 0","185294","3","4","6","09","12","5","","0","0","0","1","0"
"POINT (7.121691271000032 50.721359792000044)","Unfall 185352 (2024) Kat:3, Licht: 0","185352","3","1","0","09","16","6","","0","1","0","0","0"
"POINT (7.159430119000035 50.744271834000074)","Unfall 185353 (2024) Kat:3, Licht: 2","185353","3","1","0","09","21","6","","2","1","0","0","0"
"POINT (7.196135932000061 50.738193153000054)","Unfall 185354 (2024) Kat:3, Licht: 0","185354","3","5","1","09","15","6","","0","1","1","0","0"
"POINT (7.052206423000030 50.748539922000077)","Unfall 185422 (2024) Kat:3, Licht: 0","185422","3","3","5","09","16","4","","0","0","1","0","0"
"POINT (7.166360646000044 50.728709284000047)","Unfall 185456 (2024) Kat:2, Licht: 0","185456","2","4","6","09","15","5","","0","0","1","1","0"
"POINT (7.117183141000055 50.743426828000054)","Unfall 185457 (2024) Kat:3, Licht: 0","185457","3","4","0","09","18","5","","0","0","1","1","0"
"POINT (7.147666492000042 50.693323312000075)","Unfall 185539 (2024) Kat:3, Licht: 0","185539","3","3","5","09","18","4","","0","1","0","0","0"
"POINT (7.046691616000032 50.720608321000043)","Unfall 185540 (2024) Kat:3, Licht: 0","185540","3","1","0","09","18","4","","0","1","0","0","0"
"POINT (7.106581915000049 50.736115244000075)","Unfall 185541 (2024) Kat:3, Licht: 0","185541","3","5","1","09","15","4","","0","1","1","0","0"
"POINT (7.158681360000060 50.676663723000047)","Unfall 185606 (2024) Kat:3, Licht: 0","185606","3","3","5","09","08","3","","0","1","1","0","0"
"POINT (7.121401769000045 50.730323785000053)","Unfall 185608 (2024) Kat:3, Licht: 0","185608","3","1","0","09","14","3","","0","1","1","0","0"
"POINT (7.074121374000072 50.742702415000053)","Unfall 185609 (2024) Kat:3, Licht: 0","185609","3","6","2","09","08","3","","0","0","1","0","0"
"POINT (7.172976448000043 50.683126178000066)","Unfall 185678 (2024) Kat:3, Licht: 0","185678","3","1","0","09","13","2","","0","1","0","0","0"
"POINT (7.128447059000052 50.706864829000040)","Unfall 185679 (2024) Kat:3, Licht: 0","185679","3","7","0","09","10","2","","0","0","0","1","0"
"POINT (7.100280859000065 50.731970925000041)","Unfall 185868 (2024) Kat:3, Licht: 0","185868","3","4","6","10","16","3","","0","1","0","1","0"
"POINT (7.072866209000040 50.737200250000058)","Unfall 185911 (2024) Kat:3, Licht: 1","185911","3","3","5","10","18","2","","1","0","1","0","0"
"POINT (7.138429125000073 50.697701734000077)","Unfall 185978 (2024) Kat:3, Licht: 0","185978","3","1","8","10","17","7","","0","0","1","0","0"
"POINT (7.095289269000034 50.732956994000062)","Unfall 185979 (2024) Kat:3, Licht: 2","185979","3","1","0","10","02","7","","2","1","0","0","0"
"POINT (7.091493288000038 50.733574792000070)","Unfall 185980 (2024) Kat:3, Licht: 2","185980","3","5","1","10","02","7","","2","0","1","0","0"
"POINT (7.097799129000066 50.729231699000081)","Unfall 186047 (2024) Kat:3, Licht: 2","186047","3","3","5","10","20","6","","2","1","1","0","0"
"POINT (7.090526130000057 50.723974356000042)","Unfall 186048 (2024) Kat:3, Licht: 0","186048","3","5","1","10","11","6","","0","1","1","0","0"
"POINT (7.141838629000063 50.708334064000042)","Unfall 186110 (2024) Kat:3, Licht: 2","186110","3","6","2","10","00","5","","2","0","1","0","0"
"POINT (7.095018757000048 50.734322467000027)","Unfall 186113 (2024) Kat:2, Licht: 1","186113","2","1","4","10","17","5","","1","1","0","0","0"
"POINT (7.158381708000036 50.685349689000077)","Unfall 186172 (2024) Kat:2, Licht: 2","186172","2","4","6","10","19","4","","2","0","0","1","0"
"POINT (7.083628230000045 50.694623417000059)","Unfall 186251 (2024) Kat:3, Licht: 1","186251","3","4","6","10","06","3","","1","0","1","1","0"
"POINT (7.112078254000039 50.704501408000056)","Unfall 186252 (2024) Kat:3, Licht: 0","186252","3","1","0","10","07","3","","0","0","0","0","0"
"POINT (7.153167143000076 50.666161544000033)","Unfall 186333 (2024) Kat:3, Licht: 0","186333","3","3","5","10","13","2","","0","0","1","0","0"
"POINT (7.119561760000067 50.715259570000057)","Unfall 186334 (2024) Kat:3, Licht: 0","186334","3","2","5","10","08","2","","0","1","0","0","0"
"POINT (7.054805166000051 50.712204529000076)","Unfall 186337 (2024) Kat:3, Licht: 0","186337","3","4","6","10","14","2","","0","0","1","1","0"
"POINT (7.122800648000066 50.739932428000031)","Unfall 186338 (2024) Kat:3, Licht: 0","186338","3","1","0","10","13","2","","0","1","0","0","0"
"POINT (7.167118394000056 50.750608852000028)","Unfall 186406 (2024) Kat:3, Licht: 2","186406","3","7","1","10","05","1","","2","0","1","0","0"
"POINT (7.098849312000027 50.723176141000067)","Unfall 186408 (2024) Kat:2, Licht: 2","186408","2","1","0","10","03","1","","2","1","0","0","0"
"POINT (7.052385646000062 50.714941910000050)","Unfall 186517 (2024) Kat:3, Licht: 0","186517","3","1","0","10","18","6","","0","1","0","0","0"
"POINT (7.052592097000058 50.749195348000057)","Unfall 186556 (2024) Kat:3, Licht: 0","186556","3","1","0","10","15","5","","0","0","0","0","0"
"POINT (7.103445021000027 50.723836032000065)","Unfall 186596 (2024) Kat:3, Licht: 0","186596","3","1","0","10","15","4","","0","1","0","0","0"
"POINT (7.076449139000033 50.755378205000056)","Unfall 186626 (2024) Kat:3, Licht: 0","186626","3","3","5","10","10","5","","0","1","0","0","0"
"POINT (7.141270857000052 50.682354613000030)","Unfall 186661 (2024) Kat:3, Licht: 0","186661","3","7","6","10","17","3","","0","0","0","1","1"
"POINT (7.160027156000069 50.679247748000080)","Unfall 186662 (2024) Kat:3, Licht: 0","186662","3","2","5","10","09","3","","0","1","1","0","0"
"POINT (7.111194672000067 50.705406445000051)","Unfall 186664 (2024) Kat:3, Licht: 0","186664","3","6","2","10","18","3","","0","0","1","0","0"
"POINT (7.103814279000062 50.729281877000062)","Unfall 186665 (2024) Kat:3, Licht: 0","186665","3","6","2","10","16","3","","0","1","0","0","0"
"POINT (7.119368277000035 50.713536237000028)","Unfall 186747 (2024) Kat:3, Licht: 2","186747","3","1","0","09","20","2","","2","1","0","0","0"
"POINT (7.157894191000025 50.692605415000060)","Unfall 186748 (2024) Kat:3, Licht: 0","186748","3","3","5","09","14","2","","0","0","1","0","0"
"POINT (7.165018519000057 50.677891803000080)","Unfall 186749 (2024) Kat:3, Licht: 0","186749","3","3","5","09","08","2","","0","0","1","0","0"
"POINT (7.048869473000025 50.713377775000026)","Unfall 186751 (2024) Kat:3, Licht: 0","186751","3","1","0","09","11","2","","0","1","0","0","0"
"POINT (7.165866783000070 50.749451142000055)","Unfall 186752 (2024) Kat:3, Licht: 2","186752","3","7","0","09","20","2","","2","0","0","0","0"
"POINT (7.096814048000056 50.717534479000051)","Unfall 186753 (2024) Kat:3, Licht: 0","186753","3","6","2","09","14","2","","0","0","1","0","0"
"POINT (7.113085545000047 50.719684862000065)","Unfall 186754 (2024) Kat:3, Licht: 0","186754","3","2","5","09","15","2","","0","1","0","0","0"
"POINT (7.086285996000072 50.736169120000056)","Unfall 186755 (2024) Kat:3, Licht: 0","186755","3","1","0","09","13","2","","0","1","0","0","0"